name,year,month,day,hour,lat,long,status,category,wind,pressure,tropicalstorm_force_diameter,hurricane_force_diameter,hurricane_class,merge_name,storm_id,correct_datetime,datetime,CSST,COHC,SHRD,RHMD,MTPW,VMPI,DTL
            Alberto,1982,6,3,18,24.0,-83.6,hurricane,1.0,75,985,242,56,0,ALBERTO,AL011982,1982-06-03 18:00:00,1982-06-03 18:00:00,277.0,67.0,294.0,51.0,541.0,111.0,118.0
            Alberto,1982,6,4,0,24.8,-83.4,hurricane,1.0,65,992,216,53,0,ALBERTO,AL011982,1982-06-04 00:00:00,1982-06-04 00:00:00,278.0,27.0,265.0,48.0,513.0,113.0,201.0
              Debby,1982,9,15,0,25.6,-71.0,hurricane,1.0,65,993,213,55,0,DEBBY,AL061982,1982-09-15 00:00:00,1982-09-15 00:00:00,290.0,42.0,174.0,50.0,505.0,141.0,518.0
              Debby,1982,9,15,60,26.7,-70.3,hurricane,1.0,65,990,212,56,0,DEBBY,AL061982,1982-09-15 06:00:00,1982-09-15 06:00:00,289.0,36.0,98.0,55.0,501.0,135.0,658.0
              Debby,1982,9,15,12,27.8,-69.6,hurricane,1.0,75,980,212,65,0,DEBBY,AL061982,1982-09-15 12:00:00,1982-09-15 12:00:00,287.0,36.0,151.0,51.0,486.0,129.0,798.0
              Debby,1982,9,15,18,29.0,-68.5,hurricane,2.0,90,969,220,64,0,DEBBY,AL061982,1982-09-15 18:00:00,1982-09-15 18:00:00,282.0,34.0,160.0,53.0,501.0,123.0,967.0
              Debby,1982,9,16,0,30.5,-67.5,hurricane,2.0,95,966,210,61,0,DEBBY,AL061982,1982-09-16 00:00:00,1982-09-16 00:00:00,279.0,23.0,131.0,55.0,477.0,116.0,956.0
              Debby,1982,9,16,60,32.1,-66.7,hurricane,2.0,95,966,202,59,0,DEBBY,AL061982,1982-09-16 06:00:00,1982-09-16 06:00:00,273.0,16.0,110.0,52.0,478.0,106.0,922.0
              Debby,1982,9,16,12,33.6,-65.8,hurricane,2.0,95,966,205,61,0,DEBBY,AL061982,1982-09-16 12:00:00,1982-09-16 12:00:00,270.0,14.0,171.0,48.0,465.0,116.0,936.0
              Debby,1982,9,16,18,35.1,-65.6,hurricane,2.0,95,966,198,59,0,DEBBY,AL061982,1982-09-16 18:00:00,1982-09-16 18:00:00,267.0,11.0,174.0,45.0,476.0,118.0,825.0
              Debby,1982,9,17,0,36.4,-65.6,hurricane,2.0,95,966,196,60,0,DEBBY,AL061982,1982-09-17 00:00:00,1982-09-17 00:00:00,267.0,14.0,185.0,44.0,468.0,116.0,698.0
              Debby,1982,9,17,60,36.8,-65.6,hurricane,2.0,95,966,199,60,0,DEBBY,AL061982,1982-09-17 06:00:00,1982-09-17 06:00:00,267.0,14.0,149.0,43.0,448.0,97.0,660.0
              Debby,1982,9,17,12,37.1,-65.0,hurricane,2.0,95,966,198,59,0,DEBBY,AL061982,1982-09-17 12:00:00,1982-09-17 12:00:00,267.0,15.0,220.0,38.0,477.0,86.0,664.0
              Debby,1982,9,17,18,37.6,-63.5,hurricane,3.0,100,960,201,60,1,DEBBY,AL061982,1982-09-17 18:00:00,1982-09-17 18:00:00,264.0,10.0,224.0,38.0,516.0,68.0,682.0
              Debby,1982,9,18,0,38.8,-62.3,hurricane,4.0,115,950,582,134,1,DEBBY,AL061982,1982-09-18 00:00:00,1982-09-18 00:00:00,262.0,1.0,218.0,41.0,474.0,39.0,591.0
              Debby,1982,9,18,60,40.1,-60.7,hurricane,3.0,110,952,605,138,1,DEBBY,AL061982,1982-09-18 06:00:00,1982-09-18 06:00:00,245.0,0.0,234.0,43.0,449.0,0.0,538.0
              Debby,1982,9,18,12,41.6,-58.5,hurricane,3.0,110,954,592,133,1,DEBBY,AL061982,1982-09-18 12:00:00,1982-09-18 12:00:00,230.0,0.0,302.0,44.0,430.0,0.0,459.0
              Debby,1982,9,18,18,43.5,-56.1,hurricane,3.0,100,960,505,118,1,DEBBY,AL061982,1982-09-18 18:00:00,1982-09-18 18:00:00,188.0,0.0,301.0,51.0,445.0,0.0,377.0
              Debby,1982,9,19,0,45.3,-53.5,hurricane,2.0,90,970,510,116,0,DEBBY,AL061982,1982-09-19 00:00:00,1982-09-19 00:00:00,150.0,0.0,370.0,51.0,430.0,0.0,146.0
              Debby,1982,9,19,60,47.0,-50.5,hurricane,1.0,75,979,476,106,0,DEBBY,AL061982,1982-09-19 06:00:00,1982-09-19 06:00:00,124.0,0.0,454.0,49.0,444.0,0.0,169.0
              Debby,1982,9,19,12,48.5,-47.1,hurricane,1.0,70,987,479,110,0,DEBBY,AL061982,1982-09-19 12:00:00,1982-09-19 12:00:00,111.0,0.0,438.0,44.0,414.0,0.0,424.0
              Debby,1982,9,19,18,50.0,-43.5,hurricane,1.0,70,987,398,79,0,DEBBY,AL061982,1982-09-19 18:00:00,1982-09-19 18:00:00,137.0,0.0,498.0,38.0,346.0,0.0,704.0
              Debby,1982,9,20,0,50.8,-39.0,hurricane,1.0,70,987,400,80,0,DEBBY,AL061982,1982-09-20 00:00:00,1982-09-20 00:00:00,143.0,0.0,452.0,35.0,299.0,13.0,1034.0
             Alicia,1983,8,17,0,27.4,-93.3,hurricane,1.0,65,991,174,35,0,ALICIA,AL031983,1983-08-17 00:00:00,1983-08-17 00:00:00,299.0,52.0,144.0,47.0,488.0,155.0,254.0
             Alicia,1983,8,17,60,27.7,-93.7,hurricane,1.0,70,987,190,55,0,ALICIA,AL031983,1983-08-17 06:00:00,1983-08-17 06:00:00,299.0,52.0,66.0,47.0,492.0,145.0,205.0
             Alicia,1983,8,17,12,27.9,-94.2,hurricane,1.0,75,983,195,62,0,ALICIA,AL031983,1983-08-17 12:00:00,1983-08-17 12:00:00,297.0,52.0,58.0,50.0,490.0,141.0,161.0
             Alicia,1983,8,17,18,28.1,-94.5,hurricane,2.0,90,974,217,64,0,ALICIA,AL031983,1983-08-17 18:00:00,1983-08-17 18:00:00,298.0,52.0,96.0,50.0,476.0,152.0,125.0
             Alicia,1983,8,18,0,28.4,-94.8,hurricane,2.0,95,969,220,64,0,ALICIA,AL031983,1983-08-18 00:00:00,1983-08-18 00:00:00,298.0,53.0,95.0,49.0,498.0,152.0,81.0
             Alicia,1983,8,18,60,28.9,-95.0,hurricane,3.0,100,963,218,63,1,ALICIA,AL031983,1983-08-18 06:00:00,1983-08-18 06:00:00,298.0,50.0,103.0,50.0,491.0,134.0,26.0
              Barry,1983,8,28,12,25.5,-96.4,hurricane,1.0,65,993,200,57,0,BARRY,AL041983,1983-08-28 12:00:00,1983-08-28 12:00:00,292.0,57.0,110.0,57.0,510.0,118.0,81.0
            Chantal,1983,9,11,18,32.8,-60.0,hurricane,1.0,65,994,196,52,0,CHANTAL,AL051983,1983-09-11 18:00:00,1983-09-11 18:00:00,274.0,13.0,206.0,40.0,409.0,119.0,1287.0
            Chantal,1983,9,12,0,33.1,-58.9,hurricane,1.0,65,994,251,54,0,CHANTAL,AL051983,1983-09-12 00:00:00,1983-09-12 00:00:00,270.0,11.0,226.0,42.0,405.0,115.0,1295.0
            Chantal,1983,9,12,60,33.6,-57.6,hurricane,1.0,65,994,262,46,0,CHANTAL,AL051983,1983-09-12 06:00:00,1983-09-12 06:00:00,270.0,8.0,202.0,41.0,402.0,104.0,1300.0
            Chantal,1983,9,12,12,34.0,-56.3,hurricane,1.0,65,994,278,45,0,CHANTAL,AL051983,1983-09-12 12:00:00,1983-09-12 12:00:00,267.0,5.0,181.0,38.0,404.0,102.0,1315.0
            Chantal,1983,9,12,18,34.4,-55.5,hurricane,1.0,65,994,266,44,0,CHANTAL,AL051983,1983-09-12 18:00:00,1983-09-12 18:00:00,267.0,1.0,133.0,40.0,419.0,103.0,1297.0
              Diana,1984,9,10,12,30.5,-80.0,hurricane,1.0,65,991,179,39,0,DIANA,AL101984,1984-09-10 12:00:00,1984-09-10 12:00:00,285.0,55.0,110.0,40.0,434.0,140.0,137.0
              Diana,1984,9,10,18,30.8,-79.6,hurricane,1.0,70,986,240,55,0,DIANA,AL101984,1984-09-10 18:00:00,1984-09-10 18:00:00,285.0,63.0,86.0,40.0,463.0,147.0,175.0
              Diana,1984,9,11,0,31.3,-79.1,hurricane,1.0,80,980,207,63,0,DIANA,AL101984,1984-09-11 00:00:00,1984-09-11 00:00:00,282.0,62.0,25.0,38.0,469.0,150.0,174.0
              Diana,1984,9,11,60,31.8,-78.7,hurricane,2.0,85,973,207,64,0,DIANA,AL101984,1984-09-11 06:00:00,1984-09-11 06:00:00,284.0,63.0,10.0,37.0,456.0,136.0,148.0
              Diana,1984,9,11,12,32.6,-78.4,hurricane,3.0,100,960,202,60,1,DIANA,AL101984,1984-09-11 12:00:00,1984-09-11 12:00:00,281.0,60.0,20.0,37.0,439.0,134.0,105.0
              Diana,1984,9,11,18,33.4,-78.0,hurricane,3.0,110,952,209,63,1,DIANA,AL101984,1984-09-11 18:00:00,1984-09-11 18:00:00,277.0,36.0,82.0,32.0,438.0,140.0,56.0
              Diana,1984,9,12,0,33.9,-77.7,hurricane,4.0,115,949,209,64,1,DIANA,AL101984,1984-09-12 00:00:00,1984-09-12 00:00:00,277.0,31.0,93.0,28.0,440.0,105.0,25.0
              Diana,1984,9,12,60,34.0,-77.4,hurricane,2.0,95,963,197,61,0,DIANA,AL101984,1984-09-12 06:00:00,1984-09-12 06:00:00,272.0,31.0,64.0,28.0,435.0,117.0,41.0
              Diana,1984,9,12,12,34.0,-77.2,hurricane,2.0,95,967,199,61,0,DIANA,AL101984,1984-09-12 12:00:00,1984-09-12 12:00:00,272.0,42.0,54.0,31.0,431.0,122.0,56.0
              Diana,1984,9,12,18,33.9,-77.1,hurricane,2.0,90,970,209,63,0,DIANA,AL101984,1984-09-12 18:00:00,1984-09-12 18:00:00,277.0,42.0,101.0,31.0,435.0,105.0,70.0
              Diana,1984,9,13,0,33.8,-77.4,hurricane,2.0,85,972,196,62,0,DIANA,AL101984,1984-09-13 00:00:00,1984-09-13 00:00:00,277.0,31.0,83.0,31.0,468.0,106.0,54.0
              Diana,1984,9,13,60,33.9,-77.9,hurricane,1.0,80,978,221,71,0,DIANA,AL101984,1984-09-13 06:00:00,1984-09-13 06:00:00,277.0,23.0,37.0,31.0,463.0,118.0,10.0
           Hortense,1984,9,25,18,29.7,-60.8,hurricane,1.0,65,996,229,57,0,HORTENSE,AL141984,1984-09-25 18:00:00,1984-09-25 18:00:00,278.0,22.0,293.0,58.0,484.0,132.0,1268.0
           Hortense,1984,9,26,0,30.2,-61.1,hurricane,1.0,65,993,221,58,0,HORTENSE,AL141984,1984-09-26 00:00:00,1984-09-26 00:00:00,275.0,20.0,272.0,57.0,474.0,111.0,1313.0
          Josephine,1984,10,10,60,27.2,-72.4,hurricane,1.0,65,987,239,53,0,JOSEPHINE,AL161984,1984-10-10 06:00:00,1984-10-10 06:00:00,279.0,38.0,162.0,53.0,489.0,116.0,603.0
          Josephine,1984,10,10,12,27.5,-72.5,hurricane,1.0,70,987,240,51,0,JOSEPHINE,AL161984,1984-10-10 12:00:00,1984-10-10 12:00:00,279.0,36.0,232.0,52.0,498.0,112.0,607.0
          Josephine,1984,10,10,18,28.0,-72.6,hurricane,1.0,70,985,248,52,0,JOSEPHINE,AL161984,1984-10-10 18:00:00,1984-10-10 18:00:00,275.0,33.0,278.0,52.0,513.0,106.0,623.0
          Josephine,1984,10,11,0,28.6,-72.5,hurricane,1.0,75,983,254,50,0,JOSEPHINE,AL161984,1984-10-11 00:00:00,1984-10-11 00:00:00,274.0,29.0,280.0,48.0,515.0,104.0,666.0
          Josephine,1984,10,11,60,29.3,-72.4,hurricane,1.0,80,979,257,74,0,JOSEPHINE,AL161984,1984-10-11 06:00:00,1984-10-11 06:00:00,269.0,20.0,272.0,51.0,510.0,93.0,720.0
          Josephine,1984,10,11,12,30.0,-72.1,hurricane,2.0,85,974,250,68,0,JOSEPHINE,AL161984,1984-10-11 12:00:00,1984-10-11 12:00:00,266.0,16.0,335.0,45.0,486.0,86.0,671.0
          Josephine,1984,10,11,18,30.7,-71.9,hurricane,2.0,85,971,245,68,0,JOSEPHINE,AL161984,1984-10-11 18:00:00,1984-10-11 18:00:00,266.0,13.0,356.0,42.0,511.0,75.0,623.0
          Josephine,1984,10,12,0,31.4,-71.7,hurricane,2.0,90,970,250,70,0,JOSEPHINE,AL161984,1984-10-12 00:00:00,1984-10-12 00:00:00,261.0,7.0,274.0,43.0,469.0,78.0,582.0
          Josephine,1984,10,12,60,32.2,-71.7,hurricane,2.0,90,973,252,67,0,JOSEPHINE,AL161984,1984-10-12 06:00:00,1984-10-12 06:00:00,258.0,5.0,250.0,38.0,448.0,80.0,526.0
          Josephine,1984,10,12,12,33.0,-71.8,hurricane,2.0,90,977,249,69,0,JOSEPHINE,AL161984,1984-10-12 12:00:00,1984-10-12 12:00:00,257.0,1.0,273.0,36.0,452.0,85.0,464.0
          Josephine,1984,10,12,18,33.7,-71.7,hurricane,2.0,90,976,252,68,0,JOSEPHINE,AL161984,1984-10-12 18:00:00,1984-10-12 18:00:00,257.0,0.0,280.0,38.0,425.0,89.0,427.0
          Josephine,1984,10,13,0,34.3,-71.4,hurricane,2.0,85,971,252,69,0,JOSEPHINE,AL161984,1984-10-13 00:00:00,1984-10-13 00:00:00,256.0,0.0,249.0,43.0,407.0,97.0,422.0
          Josephine,1984,10,13,60,34.8,-71.2,hurricane,2.0,85,973,388,121,0,JOSEPHINE,AL161984,1984-10-13 06:00:00,1984-10-13 06:00:00,256.0,0.0,234.0,42.0,436.0,93.0,422.0
          Josephine,1984,10,13,12,35.4,-71.3,hurricane,1.0,80,975,435,122,0,JOSEPHINE,AL161984,1984-10-13 12:00:00,1984-10-13 12:00:00,257.0,0.0,246.0,39.0,458.0,88.0,402.0
          Josephine,1984,10,13,18,36.0,-71.7,hurricane,1.0,70,973,264,51,0,JOSEPHINE,AL161984,1984-10-13 18:00:00,1984-10-13 18:00:00,254.0,0.0,168.0,42.0,447.0,88.0,364.0
          Josephine,1984,10,14,0,36.6,-71.9,hurricane,1.0,65,977,257,53,0,JOSEPHINE,AL161984,1984-10-14 00:00:00,1984-10-14 00:00:00,254.0,0.0,147.0,43.0,413.0,93.0,345.0
          Josephine,1984,10,14,60,36.8,-71.7,hurricane,1.0,65,975,261,52,0,JOSEPHINE,AL161984,1984-10-14 06:00:00,1984-10-14 06:00:00,254.0,0.0,122.0,42.0,411.0,94.0,347.0
          Josephine,1984,10,14,12,36.6,-71.4,hurricane,1.0,70,971,266,52,0,JOSEPHINE,AL161984,1984-10-14 12:00:00,1984-10-14 12:00:00,254.0,0.0,115.0,40.0,426.0,92.0,382.0
          Josephine,1984,10,14,18,36.3,-70.8,hurricane,1.0,70,968,263,51,0,JOSEPHINE,AL161984,1984-10-14 18:00:00,1984-10-14 18:00:00,258.0,0.0,163.0,44.0,413.0,90.0,445.0
          Josephine,1984,10,15,0,35.9,-69.8,hurricane,1.0,70,965,260,51,0,JOSEPHINE,AL161984,1984-10-15 00:00:00,1984-10-15 00:00:00,256.0,0.0,185.0,43.0,394.0,92.0,535.0
          Josephine,1984,10,15,60,36.2,-68.4,hurricane,1.0,65,966,255,52,0,JOSEPHINE,AL161984,1984-10-15 06:00:00,1984-10-15 06:00:00,257.0,0.0,248.0,44.0,421.0,90.0,617.0
          Josephine,1984,10,15,12,36.8,-66.6,hurricane,1.0,65,973,261,48,0,JOSEPHINE,AL161984,1984-10-15 12:00:00,1984-10-15 12:00:00,254.0,0.0,308.0,47.0,408.0,90.0,615.0
          Josephine,1984,10,15,18,37.6,-64.8,hurricane,1.0,65,971,198,50,0,JOSEPHINE,AL161984,1984-10-15 18:00:00,1984-10-15 18:00:00,254.0,0.0,351.0,51.0,414.0,90.0,633.0
          Josephine,1984,10,16,0,38.3,-63.0,hurricane,1.0,65,973,263,46,0,JOSEPHINE,AL161984,1984-10-16 00:00:00,1984-10-16 00:00:00,249.0,0.0,337.0,48.0,385.0,86.0,620.0
          Josephine,1984,10,16,60,39.2,-61.4,hurricane,1.0,65,977,306,54,0,JOSEPHINE,AL161984,1984-10-16 06:00:00,1984-10-16 06:00:00,243.0,0.0,347.0,44.0,360.0,82.0,590.0
          Josephine,1984,10,16,12,39.9,-59.7,hurricane,1.0,65,982,567,112,0,JOSEPHINE,AL161984,1984-10-16 12:00:00,1984-10-16 12:00:00,244.0,0.0,394.0,45.0,317.0,73.0,593.0
          Josephine,1984,10,16,18,40.6,-58.2,hurricane,1.0,65,986,511,114,0,JOSEPHINE,AL161984,1984-10-16 18:00:00,1984-10-16 18:00:00,233.0,0.0,381.0,46.0,318.0,58.0,569.0
          Josephine,1984,10,17,0,41.3,-56.6,hurricane,1.0,65,988,494,111,0,JOSEPHINE,AL161984,1984-10-17 00:00:00,1984-10-17 00:00:00,215.0,0.0,348.0,42.0,307.0,21.0,577.0
              Klaus,1984,11,8,0,19.4,-64.0,hurricane,1.0,65,992,213,44,0,KLAUS,AL181984,1984-11-08 00:00:00,1984-11-08 00:00:00,282.0,63.0,166.0,70.0,579.0,135.0,79.0
              Klaus,1984,11,8,60,19.6,-63.1,hurricane,1.0,70,989,230,47,0,KLAUS,AL181984,1984-11-08 06:00:00,1984-11-08 06:00:00,282.0,63.0,156.0,68.0,569.0,130.0,147.0
              Klaus,1984,11,8,12,19.7,-62.2,hurricane,1.0,75,986,220,46,0,KLAUS,AL181984,1984-11-08 12:00:00,1984-11-08 12:00:00,282.0,63.0,205.0,63.0,574.0,130.0,177.0
              Klaus,1984,11,8,18,19.9,-61.4,hurricane,1.0,80,984,170,31,0,KLAUS,AL181984,1984-11-08 18:00:00,1984-11-08 18:00:00,281.0,63.0,211.0,61.0,589.0,130.0,244.0
              Klaus,1984,11,9,0,20.4,-60.8,hurricane,1.0,80,982,242,55,0,KLAUS,AL181984,1984-11-09 00:00:00,1984-11-09 00:00:00,279.0,60.0,222.0,54.0,581.0,130.0,317.0
              Klaus,1984,11,9,60,21.1,-60.1,hurricane,1.0,80,981,265,66,0,KLAUS,AL181984,1984-11-09 06:00:00,1984-11-09 06:00:00,278.0,53.0,171.0,52.0,575.0,125.0,418.0
              Klaus,1984,11,9,12,21.8,-59.5,hurricane,1.0,80,980,240,54,0,KLAUS,AL181984,1984-11-09 12:00:00,1984-11-09 12:00:00,278.0,46.0,216.0,46.0,561.0,123.0,516.0
              Klaus,1984,11,9,18,22.7,-58.7,hurricane,1.0,80,980,264,67,0,KLAUS,AL181984,1984-11-09 18:00:00,1984-11-09 18:00:00,277.0,43.0,229.0,49.0,553.0,121.0,643.0
              Klaus,1984,11,10,0,23.8,-57.8,hurricane,1.0,80,979,265,67,0,KLAUS,AL181984,1984-11-10 00:00:00,1984-11-10 00:00:00,274.0,34.0,276.0,52.0,523.0,103.0,796.0
              Klaus,1984,11,10,60,24.8,-56.6,hurricane,1.0,75,978,257,49,0,KLAUS,AL181984,1984-11-10 06:00:00,1984-11-10 06:00:00,272.0,23.0,391.0,45.0,504.0,95.0,956.0
              Klaus,1984,11,10,12,26.2,-55.2,hurricane,1.0,75,977,253,46,0,KLAUS,AL181984,1984-11-10 12:00:00,1984-11-10 12:00:00,265.0,16.0,445.0,47.0,484.0,93.0,1164.0
              Klaus,1984,11,10,18,28.0,-54.0,hurricane,1.0,75,975,230,54,0,KLAUS,AL181984,1984-11-10 18:00:00,1984-11-10 18:00:00,258.0,0.0,479.0,49.0,483.0,84.0,1396.0
              Klaus,1984,11,11,0,29.5,-53.0,hurricane,1.0,75,971,232,56,0,KLAUS,AL181984,1984-11-11 00:00:00,1984-11-11 00:00:00,252.0,0.0,512.0,46.0,442.0,69.0,1589.0
              Klaus,1984,11,11,60,31.0,-52.5,hurricane,1.0,70,975,234,54,0,KLAUS,AL181984,1984-11-11 06:00:00,1984-11-11 06:00:00,244.0,0.0,438.0,42.0,458.0,65.0,1737.0
              Klaus,1984,11,11,12,32.2,-52.4,hurricane,1.0,70,977,233,52,0,KLAUS,AL181984,1984-11-11 12:00:00,1984-11-11 12:00:00,240.0,0.0,444.0,46.0,436.0,63.0,1605.0
              Klaus,1984,11,11,18,33.4,-52.7,hurricane,1.0,70,980,245,52,0,KLAUS,AL181984,1984-11-11 18:00:00,1984-11-11 18:00:00,236.0,0.0,377.0,44.0,387.0,65.0,1470.0
              Klaus,1984,11,12,0,34.6,-53.4,hurricane,1.0,70,982,248,54,0,KLAUS,AL181984,1984-11-12 00:00:00,1984-11-12 00:00:00,232.0,0.0,344.0,46.0,385.0,66.0,1335.0
              Klaus,1984,11,12,60,34.8,-54.2,hurricane,1.0,70,983,253,55,0,KLAUS,AL181984,1984-11-12 06:00:00,1984-11-12 06:00:00,232.0,0.0,258.0,43.0,393.0,65.0,1304.0
              Klaus,1984,11,12,12,35.0,-55.0,hurricane,1.0,65,984,250,50,0,KLAUS,AL181984,1984-11-12 12:00:00,1984-11-12 12:00:00,229.0,0.0,334.0,44.0,411.0,56.0,1253.0
               Lili,1984,12,20,12,31.1,-52.4,hurricane,1.0,70,980,254,55,0,LILI,AL201984,1984-12-20 12:00:00,1984-12-20 12:00:00,221.0,0.0,97.0,32.0,319.0,92.0,1727.0
               Lili,1984,12,20,18,30.5,-52.3,hurricane,1.0,70,980,253,50,0,LILI,AL201984,1984-12-20 18:00:00,1984-12-20 18:00:00,226.0,0.0,208.0,33.0,322.0,100.0,1719.0
               Lili,1984,12,21,0,30.0,-52.2,hurricane,1.0,70,980,247,56,0,LILI,AL201984,1984-12-21 00:00:00,1984-12-21 00:00:00,226.0,0.0,194.0,37.0,336.0,103.0,1680.0
               Lili,1984,12,21,60,29.5,-52.1,hurricane,1.0,70,980,246,56,0,LILI,AL201984,1984-12-21 06:00:00,1984-12-21 06:00:00,231.0,0.0,161.0,37.0,347.0,106.0,1642.0
               Lili,1984,12,21,12,29.0,-52.0,hurricane,1.0,70,980,246,55,0,LILI,AL201984,1984-12-21 12:00:00,1984-12-21 12:00:00,231.0,0.0,185.0,37.0,351.0,110.0,1605.0
               Lili,1984,12,21,18,28.5,-52.0,hurricane,1.0,70,980,197,61,0,LILI,AL201984,1984-12-21 18:00:00,1984-12-21 18:00:00,236.0,0.0,203.0,33.0,350.0,115.0,1563.0
               Lili,1984,12,22,0,27.8,-52.2,hurricane,1.0,70,980,251,56,0,LILI,AL201984,1984-12-22 00:00:00,1984-12-22 00:00:00,241.0,0.0,244.0,31.0,351.0,118.0,1492.0
               Lili,1984,12,22,60,27.0,-52.9,hurricane,1.0,70,980,242,59,0,LILI,AL201984,1984-12-22 06:00:00,1984-12-22 06:00:00,241.0,0.0,313.0,26.0,340.0,117.0,1380.0
               Lili,1984,12,22,12,26.0,-54.0,hurricane,1.0,70,980,241,58,0,LILI,AL201984,1984-12-22 12:00:00,1984-12-22 12:00:00,246.0,0.0,262.0,26.0,335.0,122.0,1224.0
               Lili,1984,12,22,18,24.8,-55.6,hurricane,1.0,70,980,215,59,0,LILI,AL201984,1984-12-22 18:00:00,1984-12-22 18:00:00,255.0,0.0,217.0,25.0,344.0,126.0,1017.0
               Lili,1984,12,23,0,23.6,-57.1,hurricane,1.0,65,987,304,42,0,LILI,AL201984,1984-12-23 00:00:00,1984-12-23 00:00:00,258.0,0.0,289.0,28.0,343.0,127.0,818.0
                Bob,1985,7,24,18,30.5,-80.5,hurricane,1.0,65,1003,207,60,0,BOB,AL021985,1985-07-24 18:00:00,1985-07-24 18:00:00,284.0,26.0,273.0,61.0,536.0,136.0,90.0
                Bob,1985,7,25,0,31.6,-80.5,hurricane,1.0,65,1002,212,60,0,BOB,AL021985,1985-07-25 00:00:00,1985-07-25 00:00:00,281.0,25.0,254.0,61.0,554.0,119.0,56.0
          Claudette,1985,8,14,60,35.2,-52.5,hurricane,1.0,65,988,222,50,0,CLAUDETTE,AL031985,1985-08-14 06:00:00,1985-08-14 06:00:00,267.0,5.0,59.0,40.0,456.0,115.0,1271.0
          Claudette,1985,8,14,12,35.3,-50.1,hurricane,1.0,65,987,223,49,0,CLAUDETTE,AL031985,1985-08-14 12:00:00,1985-08-14 12:00:00,267.0,4.0,155.0,36.0,475.0,100.0,1285.0
          Claudette,1985,8,14,18,35.5,-47.8,hurricane,1.0,65,986,222,48,0,CLAUDETTE,AL031985,1985-08-14 18:00:00,1985-08-14 18:00:00,265.0,3.0,169.0,37.0,447.0,95.0,1315.0
          Claudette,1985,8,15,0,35.6,-45.2,hurricane,1.0,70,985,209,54,0,CLAUDETTE,AL031985,1985-08-15 00:00:00,1985-08-15 00:00:00,264.0,2.0,185.0,39.0,413.0,94.0,1394.0
          Claudette,1985,8,15,60,35.7,-42.6,hurricane,1.0,70,981,213,54,0,CLAUDETTE,AL031985,1985-08-15 06:00:00,1985-08-15 06:00:00,263.0,3.0,145.0,33.0,410.0,84.0,1500.0
          Claudette,1985,8,15,12,35.8,-40.0,hurricane,1.0,75,980,210,57,0,CLAUDETTE,AL031985,1985-08-15 12:00:00,1985-08-15 12:00:00,260.0,0.0,155.0,32.0,407.0,70.0,1628.0
          Claudette,1985,8,15,18,36.4,-37.0,hurricane,1.0,75,981,206,57,0,CLAUDETTE,AL031985,1985-08-15 18:00:00,1985-08-15 18:00:00,253.0,0.0,191.0,33.0,410.0,65.0,1757.0
              Danny,1985,8,15,0,26.8,-91.5,hurricane,1.0,70,997,202,59,0,DANNY,AL041985,1985-08-15 00:00:00,1985-08-15 00:00:00,299.0,54.0,127.0,61.0,537.0,168.0,268.0
              Danny,1985,8,15,60,27.8,-92.2,hurricane,1.0,75,995,197,62,0,DANNY,AL041985,1985-08-15 06:00:00,1985-08-15 06:00:00,300.0,56.0,125.0,63.0,536.0,154.0,194.0
              Danny,1985,8,15,12,28.9,-92.6,hurricane,1.0,80,988,218,64,0,DANNY,AL041985,1985-08-15 12:00:00,1985-08-15 12:00:00,300.0,50.0,127.0,61.0,547.0,138.0,76.0
              Elena,1985,8,29,12,25.0,-85.0,hurricane,1.0,65,994,223,58,0,ELENA,AL051985,1985-08-29 12:00:00,1985-08-29 12:00:00,297.0,94.0,144.0,59.0,558.0,145.0,273.0
              Elena,1985,8,29,18,25.9,-85.8,hurricane,1.0,70,990,218,64,0,ELENA,AL051985,1985-08-29 18:00:00,1985-08-29 18:00:00,296.0,85.0,190.0,61.0,558.0,152.0,358.0
              Elena,1985,8,30,0,26.6,-86.6,hurricane,1.0,75,986,219,68,0,ELENA,AL051985,1985-08-30 00:00:00,1985-08-30 00:00:00,295.0,84.0,209.0,61.0,554.0,158.0,368.0
              Elena,1985,8,30,60,27.3,-87.2,hurricane,1.0,80,980,237,68,0,ELENA,AL051985,1985-08-30 06:00:00,1985-08-30 06:00:00,294.0,60.0,224.0,57.0,552.0,149.0,272.0
              Elena,1985,8,30,12,27.9,-87.3,hurricane,2.0,90,974,368,141,0,ELENA,AL051985,1985-08-30 12:00:00,1985-08-30 12:00:00,294.0,51.0,180.0,54.0,542.0,151.0,221.0
              Elena,1985,8,30,18,28.3,-86.8,hurricane,2.0,90,978,364,128,0,ELENA,AL051985,1985-08-30 18:00:00,1985-08-30 18:00:00,293.0,43.0,223.0,53.0,547.0,160.0,214.0
              Elena,1985,8,31,0,28.4,-86.0,hurricane,2.0,90,977,321,122,0,ELENA,AL051985,1985-08-31 00:00:00,1985-08-31 00:00:00,293.0,40.0,147.0,51.0,563.0,165.0,161.0
              Elena,1985,8,31,60,28.6,-85.3,hurricane,2.0,90,976,327,119,0,ELENA,AL051985,1985-08-31 06:00:00,1985-08-31 06:00:00,293.0,38.0,149.0,47.0,548.0,159.0,123.0
              Elena,1985,8,31,12,28.8,-84.4,hurricane,2.0,90,975,326,115,0,ELENA,AL051985,1985-08-31 12:00:00,1985-08-31 12:00:00,294.0,32.0,107.0,48.0,513.0,158.0,114.0
              Elena,1985,8,31,18,28.8,-84.0,hurricane,2.0,90,974,324,112,0,ELENA,AL051985,1985-08-31 18:00:00,1985-08-31 18:00:00,294.0,32.0,144.0,43.0,492.0,164.0,99.0
              Elena,1985,9,1,0,28.8,-83.8,hurricane,2.0,95,971,230,66,0,ELENA,AL051985,1985-09-01 00:00:00,1985-09-01 00:00:00,294.0,32.0,157.0,43.0,505.0,168.0,84.0
              Elena,1985,9,1,60,28.6,-83.9,hurricane,3.0,100,965,220,62,1,ELENA,AL051985,1985-09-01 06:00:00,1985-09-01 06:00:00,294.0,34.0,132.0,43.0,489.0,159.0,107.0
              Elena,1985,9,1,12,28.6,-84.2,hurricane,3.0,105,961,229,63,1,ELENA,AL051985,1985-09-01 12:00:00,1985-09-01 12:00:00,294.0,34.0,99.0,40.0,499.0,155.0,128.0
              Elena,1985,9,1,18,28.9,-84.8,hurricane,3.0,110,954,229,61,1,ELENA,AL051985,1985-09-01 18:00:00,1985-09-01 18:00:00,294.0,33.0,172.0,40.0,512.0,160.0,94.0
              Elena,1985,9,2,0,29.4,-85.9,hurricane,3.0,110,953,226,62,1,ELENA,AL051985,1985-09-02 00:00:00,1985-09-02 00:00:00,291.0,36.0,131.0,39.0,512.0,159.0,65.0
              Elena,1985,9,2,60,29.7,-87.3,hurricane,3.0,105,957,223,62,1,ELENA,AL051985,1985-09-02 06:00:00,1985-09-02 06:00:00,291.0,40.0,58.0,40.0,499.0,143.0,69.0
              Elena,1985,9,2,12,30.2,-88.8,hurricane,3.0,100,959,218,62,1,ELENA,AL051985,1985-09-02 12:00:00,1985-09-02 12:00:00,290.0,31.0,121.0,40.0,510.0,110.0,19.0
             Gloria,1985,9,21,18,17.7,-55.3,hurricane,1.0,65,1000,213,44,0,GLORIA,AL091985,1985-09-21 18:00:00,1985-09-21 18:00:00,284.0,65.0,93.0,51.0,491.0,133.0,669.0
             Gloria,1985,9,22,0,17.8,-56.3,hurricane,1.0,65,1000,216,45,0,GLORIA,AL091985,1985-09-22 00:00:00,1985-09-22 00:00:00,285.0,68.0,142.0,56.0,492.0,134.0,574.0
             Gloria,1985,9,22,60,17.8,-57.1,hurricane,1.0,70,996,217,48,0,GLORIA,AL091985,1985-09-22 06:00:00,1985-09-22 06:00:00,285.0,69.0,135.0,60.0,506.0,135.0,490.0
             Gloria,1985,9,22,12,17.8,-58.2,hurricane,1.0,70,992,211,47,0,GLORIA,AL091985,1985-09-22 12:00:00,1985-09-22 12:00:00,286.0,70.0,141.0,63.0,528.0,136.0,376.0
             Gloria,1985,9,22,18,18.4,-59.0,hurricane,1.0,65,990,213,45,0,GLORIA,AL091985,1985-09-22 18:00:00,1985-09-22 18:00:00,285.0,70.0,184.0,63.0,549.0,136.0,302.0
             Gloria,1985,9,23,0,19.0,-60.2,hurricane,1.0,65,990,218,48,0,GLORIA,AL091985,1985-09-23 00:00:00,1985-09-23 00:00:00,286.0,70.0,155.0,63.0,555.0,140.0,221.0
             Gloria,1985,9,23,60,19.7,-61.5,hurricane,1.0,65,989,225,49,0,GLORIA,AL091985,1985-09-23 06:00:00,1985-09-23 06:00:00,287.0,71.0,111.0,63.0,566.0,138.0,221.0
             Gloria,1985,9,23,12,20.4,-62.9,hurricane,1.0,65,987,228,50,0,GLORIA,AL091985,1985-09-23 12:00:00,1985-09-23 12:00:00,287.0,71.0,117.0,62.0,560.0,142.0,235.0
             Gloria,1985,9,23,18,21.0,-64.2,hurricane,1.0,75,980,228,60,0,GLORIA,AL091985,1985-09-23 18:00:00,1985-09-23 18:00:00,287.0,69.0,125.0,63.0,569.0,147.0,250.0
             Gloria,1985,9,24,0,21.5,-65.5,hurricane,2.0,95,956,284,102,0,GLORIA,AL091985,1985-09-24 00:00:00,1985-09-24 00:00:00,288.0,69.0,135.0,63.0,563.0,142.0,326.0
             Gloria,1985,9,24,60,21.9,-66.8,hurricane,3.0,100,952,286,102,1,GLORIA,AL091985,1985-09-24 06:00:00,1985-09-24 06:00:00,288.0,71.0,70.0,65.0,581.0,144.0,377.0
             Gloria,1985,9,24,12,22.5,-67.9,hurricane,3.0,100,950,278,102,1,GLORIA,AL091985,1985-09-24 12:00:00,1985-09-24 12:00:00,289.0,70.0,138.0,61.0,610.0,145.0,375.0
             Gloria,1985,9,24,18,23.2,-69.0,hurricane,3.0,105,935,283,105,1,GLORIA,AL091985,1985-09-24 18:00:00,1985-09-24 18:00:00,289.0,65.0,123.0,57.0,598.0,146.0,405.0
             Gloria,1985,9,25,0,24.2,-70.0,hurricane,4.0,120,920,298,114,1,GLORIA,AL091985,1985-09-25 00:00:00,1985-09-25 00:00:00,288.0,57.0,180.0,56.0,587.0,134.0,444.0
             Gloria,1985,9,25,60,25.1,-70.9,hurricane,4.0,125,920,315,123,1,GLORIA,AL091985,1985-09-25 06:00:00,1985-09-25 06:00:00,287.0,46.0,184.0,57.0,566.0,129.0,472.0
             Gloria,1985,9,25,12,26.1,-72.0,hurricane,4.0,115,926,282,105,1,GLORIA,AL091985,1985-09-25 12:00:00,1985-09-25 12:00:00,286.0,43.0,163.0,56.0,564.0,126.0,541.0
             Gloria,1985,9,25,18,26.9,-73.0,hurricane,2.0,95,933,284,105,0,GLORIA,AL091985,1985-09-25 18:00:00,1985-09-25 18:00:00,286.0,44.0,131.0,59.0,553.0,122.0,535.0
             Gloria,1985,9,26,0,27.8,-74.0,hurricane,2.0,85,940,219,69,0,GLORIA,AL091985,1985-09-26 00:00:00,1985-09-26 00:00:00,283.0,40.0,179.0,59.0,517.0,124.0,495.0
             Gloria,1985,9,26,60,28.9,-75.0,hurricane,1.0,80,944,217,70,0,GLORIA,AL091985,1985-09-26 06:00:00,1985-09-26 06:00:00,280.0,40.0,312.0,59.0,521.0,115.0,511.0
             Gloria,1985,9,26,12,30.0,-75.5,hurricane,1.0,80,946,223,68,0,GLORIA,AL091985,1985-09-26 12:00:00,1985-09-26 12:00:00,277.0,33.0,256.0,58.0,525.0,109.0,495.0
             Gloria,1985,9,26,18,31.4,-76.2,hurricane,2.0,85,944,224,67,0,GLORIA,AL091985,1985-09-26 18:00:00,1985-09-26 18:00:00,277.0,31.0,287.0,53.0,527.0,82.0,327.0
             Gloria,1985,9,27,0,33.2,-76.0,hurricane,2.0,90,942,190,60,0,GLORIA,AL091985,1985-09-27 00:00:00,1985-09-27 00:00:00,270.0,32.0,405.0,52.0,515.0,37.0,181.0
             Gloria,1985,9,27,60,35.5,-75.5,hurricane,2.0,90,942,207,64,0,GLORIA,AL091985,1985-09-27 06:00:00,1985-09-27 06:00:00,251.0,24.0,443.0,48.0,493.0,11.0,26.0
               Juan,1985,10,28,0,27.8,-91.2,hurricane,1.0,65,982,527,104,0,JUAN,AL121985,1985-10-28 00:00:00,1985-10-28 00:00:00,264.0,11.0,283.0,52.0,489.0,101.0,153.0
               Juan,1985,10,28,60,28.6,-91.5,hurricane,1.0,70,975,517,108,0,JUAN,AL121985,1985-10-28 06:00:00,1985-10-28 06:00:00,254.0,4.0,200.0,52.0,478.0,108.0,86.0
               Juan,1985,10,28,12,29.4,-92.0,hurricane,1.0,75,972,478,111,0,JUAN,AL121985,1985-10-28 12:00:00,1985-10-28 12:00:00,246.0,0.0,177.0,48.0,466.0,109.0,24.0
               Juan,1985,10,28,18,29.3,-93.0,hurricane,1.0,75,971,479,111,0,JUAN,AL121985,1985-10-28 18:00:00,1985-10-28 18:00:00,246.0,0.0,137.0,52.0,444.0,105.0,45.0
               Juan,1985,10,29,0,28.9,-92.5,hurricane,1.0,75,973,500,113,0,JUAN,AL121985,1985-10-29 00:00:00,1985-10-29 00:00:00,254.0,0.0,173.0,55.0,449.0,101.0,74.0
               Juan,1985,10,29,60,29.0,-91.9,hurricane,1.0,70,975,314,50,0,JUAN,AL121985,1985-10-29 06:00:00,1985-10-29 06:00:00,245.0,0.0,163.0,60.0,459.0,100.0,68.0
               Kate,1985,11,16,18,21.1,-65.3,hurricane,1.0,70,987,226,51,0,KATE,AL131985,1985-11-16 18:00:00,1985-11-16 18:00:00,279.0,60.0,238.0,48.0,446.0,153.0,277.0
               Kate,1985,11,17,0,20.7,-66.0,hurricane,1.0,75,981,245,54,0,KATE,AL131985,1985-11-17 00:00:00,1985-11-17 00:00:00,280.0,59.0,152.0,46.0,447.0,155.0,250.0
               Kate,1985,11,17,60,20.4,-66.4,hurricane,1.0,75,984,242,55,0,KATE,AL131985,1985-11-17 06:00:00,1985-11-17 06:00:00,280.0,59.0,158.0,43.0,475.0,150.0,215.0
               Kate,1985,11,17,12,20.7,-67.3,hurricane,1.0,75,982,238,54,0,KATE,AL131985,1985-11-17 12:00:00,1985-11-17 12:00:00,280.0,56.0,103.0,46.0,479.0,151.0,243.0
               Kate,1985,11,17,18,21.1,-68.8,hurricane,1.0,80,977,270,81,0,KATE,AL131985,1985-11-17 18:00:00,1985-11-17 18:00:00,279.0,54.0,127.0,47.0,510.0,153.0,198.0
               Kate,1985,11,18,0,21.4,-70.0,hurricane,1.0,80,976,258,82,0,KATE,AL131985,1985-11-18 00:00:00,1985-11-18 00:00:00,279.0,51.0,137.0,47.0,517.0,150.0,187.0
               Kate,1985,11,18,60,21.6,-71.8,hurricane,1.0,80,975,273,85,0,KATE,AL131985,1985-11-18 06:00:00,1985-11-18 06:00:00,280.0,54.0,119.0,47.0,521.0,142.0,129.0
               Kate,1985,11,18,12,21.6,-73.3,hurricane,1.0,80,975,285,86,0,KATE,AL131985,1985-11-18 12:00:00,1985-11-18 12:00:00,281.0,56.0,120.0,47.0,531.0,145.0,44.0
               Kate,1985,11,18,18,21.9,-75.1,hurricane,2.0,85,972,339,126,0,KATE,AL131985,1985-11-18 18:00:00,1985-11-18 18:00:00,277.0,50.0,140.0,47.0,543.0,145.0,106.0
               Kate,1985,11,19,0,22.1,-76.8,hurricane,2.0,95,967,267,86,0,KATE,AL131985,1985-11-19 00:00:00,1985-11-19 00:00:00,273.0,45.0,131.0,48.0,540.0,141.0,65.0
               Kate,1985,11,19,18,23.2,-81.9,hurricane,1.0,80,976,394,119,0,KATE,AL131985,1985-11-19 18:00:00,1985-11-19 18:00:00,267.0,34.0,96.0,52.0,531.0,125.0,5.0
               Kate,1985,11,20,0,23.9,-83.5,hurricane,2.0,85,972,345,126,0,KATE,AL131985,1985-11-20 00:00:00,1985-11-20 00:00:00,273.0,46.0,179.0,57.0,512.0,117.0,104.0
               Kate,1985,11,20,60,24.6,-84.5,hurricane,2.0,95,968,342,131,0,KATE,AL131985,1985-11-20 06:00:00,1985-11-20 06:00:00,268.0,54.0,203.0,59.0,495.0,102.0,213.0
               Kate,1985,11,20,12,25.2,-85.3,hurricane,3.0,105,956,352,140,1,KATE,AL131985,1985-11-20 12:00:00,1985-11-20 12:00:00,265.0,37.0,228.0,60.0,530.0,90.0,307.0
               Kate,1985,11,20,18,26.0,-86.0,hurricane,3.0,105,955,370,143,1,KATE,AL131985,1985-11-20 18:00:00,1985-11-20 18:00:00,258.0,12.0,236.0,54.0,534.0,83.0,371.0
               Kate,1985,11,21,0,26.8,-86.5,hurricane,3.0,105,954,298,101,1,KATE,AL131985,1985-11-21 00:00:00,1985-11-21 00:00:00,261.0,2.0,246.0,50.0,537.0,77.0,344.0
               Kate,1985,11,21,60,27.5,-86.6,hurricane,3.0,100,961,367,141,1,KATE,AL131985,1985-11-21 06:00:00,1985-11-21 06:00:00,252.0,0.0,217.0,49.0,498.0,65.0,276.0
               Kate,1985,11,21,12,28.3,-86.5,hurricane,2.0,95,965,375,142,0,KATE,AL131985,1985-11-21 12:00:00,1985-11-21 12:00:00,241.0,0.0,272.0,48.0,474.0,58.0,196.0
               Kate,1985,11,21,18,29.2,-86.1,hurricane,2.0,85,967,364,129,0,KATE,AL131985,1985-11-21 18:00:00,1985-11-21 18:00:00,230.0,0.0,315.0,52.0,483.0,58.0,94.0
             Bonnie,1986,6,25,18,27.7,-92.2,hurricane,1.0,65,1001,218,58,0,BONNIE,AL021986,1986-06-25 18:00:00,1986-06-25 18:00:00,285.0,34.0,201.0,52.0,488.0,146.0,205.0
             Bonnie,1986,6,26,0,28.2,-92.9,hurricane,1.0,70,999,220,64,0,BONNIE,AL021986,1986-06-26 00:00:00,1986-06-26 00:00:00,286.0,31.0,150.0,53.0,494.0,145.0,159.0
             Bonnie,1986,6,26,60,29.0,-93.7,hurricane,1.0,75,995,226,69,0,BONNIE,AL021986,1986-06-26 06:00:00,1986-06-26 06:00:00,286.0,26.0,102.0,53.0,482.0,109.0,80.0
            Charley,1986,8,17,12,34.4,-76.6,hurricane,1.0,65,991,222,59,0,CHARLEY,AL051986,1986-08-17 12:00:00,1986-08-17 12:00:00,279.0,50.0,219.0,59.0,512.0,105.0,40.0
            Charley,1986,8,18,0,36.5,-75.8,hurricane,1.0,70,987,198,59,0,CHARLEY,AL051986,1986-08-18 00:00:00,1986-08-18 00:00:00,264.0,8.0,312.0,63.0,515.0,86.0,9.0
            Charley,1986,8,18,60,37.4,-75.2,hurricane,1.0,65,990,225,54,0,CHARLEY,AL051986,1986-08-18 06:00:00,1986-08-18 06:00:00,253.0,1.0,326.0,61.0,505.0,68.0,50.0
               Earl,1986,9,11,18,25.0,-53.4,hurricane,1.0,70,999,228,55,0,EARL,AL091986,1986-09-11 18:00:00,1986-09-11 18:00:00,283.0,33.0,128.0,42.0,502.0,149.0,1189.0
               Earl,1986,9,12,0,25.6,-53.8,hurricane,1.0,75,996,234,61,0,EARL,AL091986,1986-09-12 00:00:00,1986-09-12 00:00:00,283.0,31.0,179.0,44.0,503.0,150.0,1205.0
               Earl,1986,9,12,60,26.3,-54.3,hurricane,1.0,80,993,231,63,0,EARL,AL091986,1986-09-12 06:00:00,1986-09-12 06:00:00,284.0,28.0,106.0,42.0,493.0,152.0,1229.0
               Earl,1986,9,12,12,26.8,-54.8,hurricane,2.0,85,988,234,60,0,EARL,AL091986,1986-09-12 12:00:00,1986-09-12 12:00:00,284.0,28.0,53.0,37.0,508.0,154.0,1242.0
               Earl,1986,9,12,18,27.2,-55.4,hurricane,2.0,90,985,231,60,0,EARL,AL091986,1986-09-12 18:00:00,1986-09-12 18:00:00,284.0,28.0,102.0,35.0,524.0,153.0,1244.0
               Earl,1986,9,13,0,28.1,-55.5,hurricane,2.0,90,983,228,61,0,EARL,AL091986,1986-09-13 00:00:00,1986-09-13 00:00:00,282.0,27.0,155.0,35.0,490.0,146.0,1324.0
               Earl,1986,9,13,60,28.8,-55.3,hurricane,2.0,90,983,233,61,0,EARL,AL091986,1986-09-13 06:00:00,1986-09-13 06:00:00,282.0,23.0,91.0,37.0,450.0,140.0,1401.0
               Earl,1986,9,13,12,29.5,-54.9,hurricane,2.0,90,983,234,61,0,EARL,AL091986,1986-09-13 12:00:00,1986-09-13 12:00:00,280.0,20.0,76.0,37.0,459.0,135.0,1488.0
               Earl,1986,9,13,18,30.1,-54.7,hurricane,2.0,90,983,206,61,0,EARL,AL091986,1986-09-13 18:00:00,1986-09-13 18:00:00,278.0,18.0,144.0,36.0,486.0,133.0,1555.0
               Earl,1986,9,14,0,30.4,-53.8,hurricane,2.0,90,982,206,61,0,EARL,AL091986,1986-09-14 00:00:00,1986-09-14 00:00:00,278.0,16.0,140.0,38.0,490.0,127.0,1628.0
               Earl,1986,9,14,60,30.5,-53.1,hurricane,2.0,90,980,204,61,0,EARL,AL091986,1986-09-14 06:00:00,1986-09-14 06:00:00,278.0,18.0,109.0,38.0,491.0,129.0,1675.0
               Earl,1986,9,14,12,30.6,-52.4,hurricane,2.0,90,979,205,60,0,EARL,AL091986,1986-09-14 12:00:00,1986-09-14 12:00:00,278.0,18.0,31.0,40.0,488.0,127.0,1722.0
               Earl,1986,9,14,18,30.6,-51.7,hurricane,2.0,90,979,205,60,0,EARL,AL091986,1986-09-14 18:00:00,1986-09-14 18:00:00,277.0,18.0,69.0,40.0,474.0,132.0,1762.0
               Earl,1986,9,15,0,30.4,-51.1,hurricane,2.0,90,980,207,59,0,EARL,AL091986,1986-09-15 00:00:00,1986-09-15 00:00:00,277.0,18.0,84.0,40.0,451.0,137.0,1781.0
               Earl,1986,9,15,60,30.0,-50.6,hurricane,2.0,90,980,210,61,0,EARL,AL091986,1986-09-15 06:00:00,1986-09-15 06:00:00,277.0,18.0,29.0,45.0,446.0,137.0,1779.0
               Earl,1986,9,15,12,29.6,-50.1,hurricane,2.0,90,981,234,60,0,EARL,AL091986,1986-09-15 12:00:00,1986-09-15 12:00:00,279.0,19.0,21.0,43.0,446.0,139.0,1780.0
               Earl,1986,9,15,18,29.2,-49.6,hurricane,2.0,85,982,244,60,0,EARL,AL091986,1986-09-15 18:00:00,1986-09-15 18:00:00,278.0,20.0,46.0,40.0,465.0,141.0,1783.0
               Earl,1986,9,16,0,29.0,-49.0,hurricane,1.0,80,983,245,63,0,EARL,AL091986,1986-09-16 00:00:00,1986-09-16 00:00:00,277.0,20.0,94.0,42.0,467.0,138.0,1811.0
               Earl,1986,9,16,60,28.7,-48.5,hurricane,1.0,80,983,247,63,0,EARL,AL091986,1986-09-16 06:00:00,1986-09-16 06:00:00,278.0,20.0,91.0,44.0,478.0,131.0,1827.0
               Earl,1986,9,16,12,29.1,-48.9,hurricane,1.0,75,984,225,60,0,EARL,AL091986,1986-09-16 12:00:00,1986-09-16 12:00:00,277.0,20.0,130.0,45.0,484.0,131.0,1826.0
               Earl,1986,9,16,18,29.5,-49.3,hurricane,1.0,75,984,174,38,0,EARL,AL091986,1986-09-16 18:00:00,1986-09-16 18:00:00,278.0,19.0,177.0,46.0,502.0,128.0,1827.0
               Earl,1986,9,17,0,29.9,-49.9,hurricane,1.0,75,985,224,59,0,EARL,AL091986,1986-09-17 00:00:00,1986-09-17 00:00:00,277.0,18.0,247.0,48.0,489.0,107.0,1817.0
               Earl,1986,9,17,60,30.6,-50.3,hurricane,1.0,70,985,243,53,0,EARL,AL091986,1986-09-17 06:00:00,1986-09-17 06:00:00,276.0,17.0,291.0,49.0,504.0,100.0,1799.0
               Earl,1986,9,17,12,31.4,-50.9,hurricane,1.0,70,986,237,55,0,EARL,AL091986,1986-09-17 12:00:00,1986-09-17 12:00:00,274.0,13.0,400.0,51.0,476.0,88.0,1704.0
               Earl,1986,9,17,18,32.6,-50.7,hurricane,1.0,70,986,237,55,0,EARL,AL091986,1986-09-17 18:00:00,1986-09-17 18:00:00,271.0,6.0,402.0,52.0,490.0,73.0,1574.0
               Earl,1986,9,18,0,34.0,-50.4,hurricane,1.0,70,987,235,56,0,EARL,AL091986,1986-09-18 00:00:00,1986-09-18 00:00:00,263.0,0.0,423.0,50.0,464.0,70.0,1423.0
               Earl,1986,9,18,60,36.0,-49.6,hurricane,1.0,65,988,228,50,0,EARL,AL091986,1986-09-18 06:00:00,1986-09-18 06:00:00,256.0,0.0,406.0,44.0,447.0,39.0,1218.0
            Frances,1986,11,20,60,27.0,-61.0,hurricane,1.0,65,1001,274,46,0,FRANCES,AL101986,1986-11-20 06:00:00,1986-11-20 06:00:00,257.0,0.0,253.0,44.0,459.0,97.0,978.0
            Frances,1986,11,20,12,27.8,-59.6,hurricane,1.0,75,1000,264,43,0,FRANCES,AL101986,1986-11-20 12:00:00,1986-11-20 12:00:00,258.0,0.0,333.0,41.0,452.0,93.0,1112.0
            Frances,1986,11,20,18,28.5,-58.7,hurricane,1.0,75,1000,262,45,0,FRANCES,AL101986,1986-11-20 18:00:00,1986-11-20 18:00:00,253.0,0.0,387.0,40.0,438.0,92.0,1216.0
            Frances,1986,11,21,0,29.1,-58.2,hurricane,1.0,70,1001,280,45,0,FRANCES,AL101986,1986-11-21 00:00:00,1986-11-21 00:00:00,248.0,0.0,350.0,42.0,418.0,85.0,1296.0
            Frances,1986,11,21,60,29.7,-58.0,hurricane,1.0,65,1002,278,44,0,FRANCES,AL101986,1986-11-21 06:00:00,1986-11-21 06:00:00,248.0,0.0,280.0,44.0,393.0,82.0,1365.0
             Arlene,1987,8,22,60,36.5,-43.0,hurricane,1.0,65,988,235,53,0,ARLENE,AL021987,1987-08-22 06:00:00,1987-08-22 06:00:00,260.0,0.0,82.0,52.0,450.0,61.0,1405.0
             Arlene,1987,8,22,12,38.0,-43.0,hurricane,1.0,65,987,239,53,0,ARLENE,AL021987,1987-08-22 12:00:00,1987-08-22 12:00:00,252.0,0.0,190.0,54.0,463.0,33.0,1269.0
             Arlene,1987,8,22,18,39.5,-42.5,hurricane,1.0,65,987,398,74,0,ARLENE,AL021987,1987-08-22 18:00:00,1987-08-22 18:00:00,247.0,0.0,246.0,50.0,476.0,11.0,1170.0
             Arlene,1987,8,23,0,41.5,-41.0,hurricane,1.0,65,987,551,125,0,ARLENE,AL021987,1987-08-23 00:00:00,1987-08-23 00:00:00,232.0,0.0,284.0,41.0,466.0,6.0,1119.0
             Arlene,1987,8,23,60,44.0,-39.0,hurricane,1.0,65,987,370,70,0,ARLENE,AL021987,1987-08-23 06:00:00,1987-08-23 06:00:00,206.0,0.0,244.0,38.0,464.0,6.0,1126.0
              Emily,1987,9,22,60,15.1,-66.3,hurricane,1.0,80,978,234,55,0,EMILY,AL121987,1987-09-22 06:00:00,1987-09-22 06:00:00,291.0,67.0,85.0,58.0,553.0,147.0,316.0
              Emily,1987,9,22,12,15.9,-67.7,hurricane,2.0,90,971,222,56,0,EMILY,AL121987,1987-09-22 12:00:00,1987-09-22 12:00:00,291.0,76.0,123.0,54.0,582.0,149.0,233.0
              Emily,1987,9,22,18,16.7,-69.1,hurricane,3.0,110,958,214,63,1,EMILY,AL121987,1987-09-22 18:00:00,1987-09-22 18:00:00,290.0,75.0,126.0,53.0,580.0,153.0,173.0
              Emily,1987,9,23,0,17.8,-70.4,hurricane,3.0,105,960,219,61,1,EMILY,AL121987,1987-09-23 00:00:00,1987-09-23 00:00:00,290.0,74.0,132.0,51.0,560.0,150.0,48.0
              Emily,1987,9,25,60,30.2,-68.0,hurricane,1.0,70,985,227,64,0,EMILY,AL121987,1987-09-25 06:00:00,1987-09-25 06:00:00,274.0,23.0,432.0,49.0,498.0,101.0,940.0
              Emily,1987,9,25,12,32.4,-64.6,hurricane,1.0,80,974,213,66,0,EMILY,AL121987,1987-09-25 12:00:00,1987-09-25 12:00:00,269.0,9.0,498.0,53.0,470.0,97.0,1087.0
              Emily,1987,9,25,18,35.0,-60.0,hurricane,1.0,80,974,197,64,0,EMILY,AL121987,1987-09-25 18:00:00,1987-09-25 18:00:00,260.0,0.0,537.0,62.0,445.0,18.0,1060.0
              Emily,1987,9,26,0,38.0,-55.0,hurricane,1.0,75,976,376,110,0,EMILY,AL121987,1987-09-26 00:00:00,1987-09-26 00:00:00,254.0,0.0,580.0,61.0,434.0,9.0,956.0
              Floyd,1987,10,12,12,24.0,-82.9,hurricane,1.0,65,993,225,49,0,FLOYD,AL131987,1987-10-12 12:00:00,1987-10-12 12:00:00,285.0,89.0,403.0,46.0,567.0,163.0,107.0
              Floyd,1987,10,12,18,24.7,-81.5,hurricane,1.0,65,993,222,52,0,FLOYD,AL131987,1987-10-12 18:00:00,1987-10-12 18:00:00,285.0,70.0,478.0,45.0,556.0,146.0,64.0
              Debby,1988,9,2,18,20.8,-96.6,hurricane,1.0,65,992,221,50,0,DEBBY,AL041988,1988-09-02 18:00:00,1988-09-02 18:00:00,294.0,40.0,132.0,80.0,625.0,135.0,53.0
           Florence,1988,9,9,18,27.4,-89.2,hurricane,1.0,65,985,227,51,0,FLORENCE,AL071988,1988-09-09 18:00:00,1988-09-09 18:00:00,293.0,60.0,240.0,38.0,523.0,117.0,183.0
           Florence,1988,9,10,0,28.7,-89.3,hurricane,1.0,70,983,234,57,0,FLORENCE,AL071988,1988-09-10 00:00:00,1988-09-10 00:00:00,291.0,48.0,175.0,35.0,485.0,117.0,41.0
            Gilbert,1988,9,11,0,15.9,-66.8,hurricane,1.0,65,989,184,33,0,GILBERT,AL081988,1988-09-11 00:00:00,1988-09-11 00:00:00,290.0,78.0,130.0,74.0,610.0,146.0,230.0
            Gilbert,1988,9,11,60,16.2,-68.0,hurricane,1.0,80,982,234,53,0,GILBERT,AL081988,1988-09-11 06:00:00,1988-09-11 06:00:00,290.0,76.0,125.0,73.0,623.0,138.0,211.0
            Gilbert,1988,9,11,12,16.1,-69.5,hurricane,2.0,95,975,241,76,0,GILBERT,AL081988,1988-09-11 12:00:00,1988-09-11 12:00:00,290.0,70.0,101.0,73.0,619.0,139.0,248.0
            Gilbert,1988,9,11,18,16.2,-70.7,hurricane,3.0,100,970,218,57,1,GILBERT,AL081988,1988-09-11 18:00:00,1988-09-11 18:00:00,290.0,71.0,84.0,72.0,628.0,141.0,176.0
            Gilbert,1988,9,12,0,16.8,-72.0,hurricane,3.0,105,964,217,57,1,GILBERT,AL081988,1988-09-12 00:00:00,1988-09-12 00:00:00,290.0,77.0,97.0,73.0,625.0,141.0,113.0
            Gilbert,1988,9,12,60,17.3,-73.7,hurricane,3.0,110,962,246,83,1,GILBERT,AL081988,1988-09-12 06:00:00,1988-09-12 06:00:00,292.0,90.0,32.0,71.0,639.0,141.0,84.0
            Gilbert,1988,9,12,12,17.6,-75.3,hurricane,3.0,110,960,246,82,1,GILBERT,AL081988,1988-09-12 12:00:00,1988-09-12 12:00:00,292.0,86.0,44.0,70.0,620.0,146.0,103.0
            Gilbert,1988,9,13,0,18.2,-78.5,hurricane,3.0,110,960,211,61,1,GILBERT,AL081988,1988-09-13 00:00:00,1988-09-13 00:00:00,296.0,105.0,8.0,70.0,628.0,152.0,16.0
            Gilbert,1988,9,13,60,18.5,-79.7,hurricane,4.0,115,952,212,62,1,GILBERT,AL081988,1988-09-13 06:00:00,1988-09-13 06:00:00,296.0,109.0,103.0,70.0,640.0,147.0,144.0
            Gilbert,1988,9,13,12,18.8,-81.1,hurricane,4.0,125,934,208,62,1,GILBERT,AL081988,1988-09-13 12:00:00,1988-09-13 12:00:00,294.0,113.0,29.0,73.0,646.0,147.0,295.0
            Gilbert,1988,9,13,18,19.4,-82.5,hurricane,5.0,140,905,213,63,1,GILBERT,AL081988,1988-09-13 18:00:00,1988-09-13 18:00:00,296.0,113.0,39.0,73.0,649.0,145.0,233.0
            Gilbert,1988,9,14,0,19.7,-83.8,hurricane,5.0,160,888,217,64,1,GILBERT,AL081988,1988-09-14 00:00:00,1988-09-14 00:00:00,296.0,113.0,62.0,72.0,648.0,138.0,211.0
            Gilbert,1988,9,14,60,19.9,-85.3,hurricane,5.0,155,889,304,123,1,GILBERT,AL081988,1988-09-14 06:00:00,1988-09-14 06:00:00,295.0,123.0,53.0,74.0,642.0,124.0,195.0
            Gilbert,1988,9,14,12,20.4,-86.5,hurricane,5.0,145,892,332,157,1,GILBERT,AL081988,1988-09-14 12:00:00,1988-09-14 12:00:00,292.0,104.0,82.0,72.0,642.0,122.0,61.0
            Gilbert,1988,9,15,60,21.6,-90.7,hurricane,2.0,90,949,223,62,0,GILBERT,AL081988,1988-09-15 06:00:00,1988-09-15 06:00:00,291.0,30.0,160.0,71.0,675.0,136.0,74.0
            Gilbert,1988,9,15,12,21.9,-91.7,hurricane,2.0,85,950,219,62,0,GILBERT,AL081988,1988-09-15 12:00:00,1988-09-15 12:00:00,292.0,40.0,170.0,76.0,659.0,137.0,171.0
            Gilbert,1988,9,15,18,22.1,-92.8,hurricane,2.0,90,950,217,62,0,GILBERT,AL081988,1988-09-15 18:00:00,1988-09-15 18:00:00,296.0,47.0,184.0,70.0,643.0,145.0,281.0
            Gilbert,1988,9,16,0,22.5,-93.8,hurricane,3.0,100,949,219,64,1,GILBERT,AL081988,1988-09-16 00:00:00,1988-09-16 00:00:00,297.0,51.0,85.0,73.0,638.0,144.0,377.0
            Gilbert,1988,9,16,60,22.9,-94.8,hurricane,3.0,110,946,249,76,1,GILBERT,AL081988,1988-09-16 06:00:00,1988-09-16 06:00:00,297.0,57.0,59.0,72.0,626.0,129.0,298.0
            Gilbert,1988,9,16,12,23.7,-95.9,hurricane,4.0,115,948,235,73,1,GILBERT,AL081988,1988-09-16 12:00:00,1988-09-16 12:00:00,296.0,60.0,73.0,72.0,614.0,118.0,185.0
            Gilbert,1988,9,16,18,23.9,-97.0,hurricane,4.0,115,950,221,68,1,GILBERT,AL081988,1988-09-16 18:00:00,1988-09-16 18:00:00,294.0,57.0,95.0,73.0,637.0,129.0,72.0
             Helene,1988,9,21,12,12.1,-38.8,hurricane,1.0,70,998,129,27,0,HELENE,AL091988,1988-09-21 12:00:00,1988-09-21 12:00:00,280.0,25.0,103.0,72.0,577.0,137.0,1630.0
             Helene,1988,9,21,18,12.4,-39.9,hurricane,1.0,75,983,198,48,0,HELENE,AL091988,1988-09-21 18:00:00,1988-09-21 18:00:00,280.0,25.0,136.0,69.0,586.0,140.0,1549.0
             Helene,1988,9,22,0,12.7,-40.6,hurricane,1.0,80,978,199,48,0,HELENE,AL091988,1988-09-22 00:00:00,1988-09-22 00:00:00,281.0,26.0,153.0,69.0,594.0,137.0,1508.0
             Helene,1988,9,22,60,13.0,-41.5,hurricane,2.0,90,972,245,60,0,HELENE,AL091988,1988-09-22 06:00:00,1988-09-22 06:00:00,279.0,28.0,147.0,67.0,572.0,137.0,1455.0
             Helene,1988,9,22,12,13.2,-42.3,hurricane,2.0,95,965,239,60,0,HELENE,AL091988,1988-09-22 12:00:00,1988-09-22 12:00:00,279.0,31.0,76.0,67.0,560.0,138.0,1407.0
             Helene,1988,9,22,18,13.5,-43.1,hurricane,3.0,100,959,234,61,1,HELENE,AL091988,1988-09-22 18:00:00,1988-09-22 18:00:00,280.0,31.0,38.0,65.0,579.0,143.0,1372.0
             Helene,1988,9,23,0,13.9,-44.0,hurricane,3.0,110,953,251,64,1,HELENE,AL091988,1988-09-23 00:00:00,1988-09-23 00:00:00,280.0,33.0,42.0,64.0,597.0,141.0,1344.0
             Helene,1988,9,23,60,14.1,-44.9,hurricane,4.0,115,945,235,62,1,HELENE,AL091988,1988-09-23 06:00:00,1988-09-23 06:00:00,278.0,35.0,28.0,60.0,583.0,139.0,1301.0
             Helene,1988,9,23,12,14.7,-45.5,hurricane,4.0,120,939,240,62,1,HELENE,AL091988,1988-09-23 12:00:00,1988-09-23 12:00:00,278.0,36.0,43.0,61.0,589.0,137.0,1310.0
             Helene,1988,9,23,18,15.3,-46.1,hurricane,4.0,125,938,253,69,1,HELENE,AL091988,1988-09-23 18:00:00,1988-09-23 18:00:00,277.0,38.0,79.0,59.0,580.0,132.0,1325.0
             Helene,1988,9,24,0,15.9,-46.9,hurricane,4.0,120,940,259,72,1,HELENE,AL091988,1988-09-24 00:00:00,1988-09-24 00:00:00,277.0,41.0,85.0,62.0,575.0,133.0,1335.0
             Helene,1988,9,24,60,16.6,-47.5,hurricane,4.0,120,944,260,71,1,HELENE,AL091988,1988-09-24 06:00:00,1988-09-24 06:00:00,277.0,42.0,114.0,62.0,561.0,128.0,1337.0
             Helene,1988,9,24,12,17.4,-48.0,hurricane,4.0,115,948,264,73,1,HELENE,AL091988,1988-09-24 12:00:00,1988-09-24 12:00:00,276.0,43.0,177.0,65.0,554.0,129.0,1312.0
             Helene,1988,9,24,18,18.1,-48.5,hurricane,3.0,110,954,265,74,1,HELENE,AL091988,1988-09-24 18:00:00,1988-09-24 18:00:00,277.0,44.0,181.0,63.0,551.0,130.0,1292.0
             Helene,1988,9,25,0,18.7,-48.9,hurricane,3.0,100,959,263,75,1,HELENE,AL091988,1988-09-25 00:00:00,1988-09-25 00:00:00,277.0,45.0,184.0,64.0,553.0,125.0,1282.0
             Helene,1988,9,25,60,19.4,-49.0,hurricane,3.0,100,963,264,77,1,HELENE,AL091988,1988-09-25 06:00:00,1988-09-25 06:00:00,277.0,43.0,208.0,66.0,542.0,121.0,1311.0
             Helene,1988,9,25,12,20.0,-49.1,hurricane,2.0,95,966,259,77,0,HELENE,AL091988,1988-09-25 12:00:00,1988-09-25 12:00:00,278.0,42.0,256.0,65.0,545.0,124.0,1337.0
             Helene,1988,9,25,18,20.9,-49.3,hurricane,2.0,90,968,258,73,0,HELENE,AL091988,1988-09-25 18:00:00,1988-09-25 18:00:00,278.0,41.0,224.0,65.0,545.0,131.0,1355.0
             Helene,1988,9,26,0,22.2,-49.5,hurricane,2.0,85,971,240,60,0,HELENE,AL091988,1988-09-26 00:00:00,1988-09-26 00:00:00,278.0,39.0,169.0,62.0,539.0,132.0,1376.0
             Helene,1988,9,26,60,23.4,-49.7,hurricane,2.0,85,973,240,60,0,HELENE,AL091988,1988-09-26 06:00:00,1988-09-26 06:00:00,278.0,37.0,146.0,62.0,540.0,139.0,1407.0
             Helene,1988,9,26,12,24.5,-49.9,hurricane,1.0,80,975,245,63,0,HELENE,AL091988,1988-09-26 12:00:00,1988-09-26 12:00:00,278.0,34.0,154.0,62.0,526.0,143.0,1445.0
             Helene,1988,9,26,18,25.8,-50.3,hurricane,1.0,80,976,246,66,0,HELENE,AL091988,1988-09-26 18:00:00,1988-09-26 18:00:00,279.0,27.0,134.0,60.0,503.0,141.0,1489.0
             Helene,1988,9,27,0,27.1,-51.1,hurricane,1.0,75,977,238,67,0,HELENE,AL091988,1988-09-27 00:00:00,1988-09-27 00:00:00,278.0,25.0,170.0,59.0,490.0,135.0,1516.0
             Helene,1988,9,27,60,28.2,-51.9,hurricane,1.0,75,979,247,67,0,HELENE,AL091988,1988-09-27 06:00:00,1988-09-27 06:00:00,276.0,23.0,116.0,57.0,485.0,129.0,1545.0
             Helene,1988,9,27,12,29.8,-52.0,hurricane,1.0,75,979,248,65,0,HELENE,AL091988,1988-09-27 12:00:00,1988-09-27 12:00:00,274.0,16.0,100.0,57.0,504.0,129.0,1674.0
             Helene,1988,9,27,18,30.9,-51.9,hurricane,1.0,75,979,246,64,0,HELENE,AL091988,1988-09-27 18:00:00,1988-09-27 18:00:00,272.0,11.0,134.0,58.0,485.0,125.0,1752.0
             Helene,1988,9,28,0,31.9,-51.5,hurricane,1.0,75,979,233,64,0,HELENE,AL091988,1988-09-28 00:00:00,1988-09-28 00:00:00,269.0,5.0,137.0,59.0,464.0,108.0,1644.0
             Helene,1988,9,28,60,32.8,-51.0,hurricane,1.0,80,977,222,63,0,HELENE,AL091988,1988-09-28 06:00:00,1988-09-28 06:00:00,265.0,0.0,188.0,59.0,484.0,99.0,1549.0
             Helene,1988,9,28,12,33.5,-50.3,hurricane,1.0,80,975,187,51,0,HELENE,AL091988,1988-09-28 12:00:00,1988-09-28 12:00:00,262.0,0.0,276.0,57.0,499.0,93.0,1480.0
             Helene,1988,9,28,18,34.7,-49.5,hurricane,2.0,85,972,180,47,0,HELENE,AL091988,1988-09-28 18:00:00,1988-09-28 18:00:00,257.0,0.0,243.0,55.0,493.0,80.0,1361.0
             Helene,1988,9,29,0,36.1,-48.5,hurricane,2.0,90,970,182,46,0,HELENE,AL091988,1988-09-29 00:00:00,1988-09-29 00:00:00,250.0,0.0,344.0,52.0,493.0,69.0,1232.0
             Helene,1988,9,29,60,38.0,-46.5,hurricane,2.0,90,970,194,58,0,HELENE,AL091988,1988-09-29 06:00:00,1988-09-29 06:00:00,243.0,0.0,440.0,51.0,479.0,44.0,1103.0
             Helene,1988,9,29,12,40.2,-44.4,hurricane,2.0,85,973,608,147,0,HELENE,AL091988,1988-09-29 12:00:00,1988-09-29 12:00:00,235.0,0.0,523.0,60.0,456.0,15.0,1002.0
             Helene,1988,9,29,18,42.9,-42.0,hurricane,1.0,75,979,467,116,0,HELENE,AL091988,1988-09-29 18:00:00,1988-09-29 18:00:00,218.0,0.0,589.0,66.0,403.0,0.0,964.0
               Joan,1988,10,18,0,11.8,-74.0,hurricane,1.0,65,990,170,29,0,JOAN,AL111988,1988-10-18 00:00:00,1988-10-18 00:00:00,289.0,67.0,39.0,80.0,614.0,153.0,49.0
               Joan,1988,10,18,60,11.7,-75.0,hurricane,1.0,70,987,138,29,0,JOAN,AL111988,1988-10-18 06:00:00,1988-10-18 06:00:00,289.0,71.0,15.0,80.0,611.0,141.0,66.0
               Joan,1988,10,18,12,11.5,-75.8,hurricane,1.0,75,984,215,46,0,JOAN,AL111988,1988-10-18 12:00:00,1988-10-18 12:00:00,290.0,64.0,30.0,80.0,607.0,147.0,99.0
               Joan,1988,10,18,18,11.3,-76.5,hurricane,1.0,80,980,257,65,0,JOAN,AL111988,1988-10-18 18:00:00,1988-10-18 18:00:00,290.0,60.0,49.0,76.0,616.0,151.0,137.0
               Joan,1988,10,19,0,11.2,-77.2,hurricane,2.0,90,976,258,70,0,JOAN,AL111988,1988-10-19 00:00:00,1988-10-19 00:00:00,290.0,60.0,63.0,76.0,623.0,155.0,200.0
               Joan,1988,10,19,60,11.3,-77.8,hurricane,2.0,95,970,260,71,0,JOAN,AL111988,1988-10-19 06:00:00,1988-10-19 06:00:00,290.0,53.0,61.0,74.0,608.0,146.0,224.0
               Joan,1988,10,19,12,11.4,-78.3,hurricane,3.0,105,960,252,63,1,JOAN,AL111988,1988-10-19 12:00:00,1988-10-19 12:00:00,291.0,52.0,39.0,72.0,607.0,149.0,219.0
               Joan,1988,10,19,18,11.3,-78.9,hurricane,3.0,110,953,252,63,1,JOAN,AL111988,1988-10-19 18:00:00,1988-10-19 18:00:00,291.0,51.0,46.0,70.0,603.0,154.0,196.0
               Joan,1988,10,20,0,11.3,-79.3,hurricane,3.0,105,956,261,72,1,JOAN,AL111988,1988-10-20 00:00:00,1988-10-20 00:00:00,290.0,50.0,81.0,67.0,591.0,156.0,188.0
               Joan,1988,10,20,60,11.1,-79.8,hurricane,2.0,85,967,241,62,0,JOAN,AL111988,1988-10-20 06:00:00,1988-10-20 06:00:00,290.0,48.0,76.0,68.0,592.0,149.0,167.0
               Joan,1988,10,20,12,11.1,-79.5,hurricane,1.0,70,971,139,30,0,JOAN,AL111988,1988-10-20 12:00:00,1988-10-20 12:00:00,290.0,49.0,50.0,67.0,591.0,150.0,165.0
               Joan,1988,10,20,18,11.3,-79.9,hurricane,1.0,70,973,138,30,0,JOAN,AL111988,1988-10-20 18:00:00,1988-10-20 18:00:00,290.0,49.0,44.0,66.0,582.0,152.0,191.0
               Joan,1988,10,21,0,11.5,-80.3,hurricane,1.0,75,972,166,30,0,JOAN,AL111988,1988-10-21 00:00:00,1988-10-21 00:00:00,291.0,48.0,65.0,62.0,584.0,154.0,224.0
               Joan,1988,10,21,60,11.5,-80.7,hurricane,2.0,90,970,280,76,0,JOAN,AL111988,1988-10-21 06:00:00,1988-10-21 06:00:00,291.0,48.0,53.0,63.0,590.0,148.0,242.0
               Joan,1988,10,21,12,11.6,-81.2,hurricane,3.0,100,964,274,76,1,JOAN,AL111988,1988-10-21 12:00:00,1988-10-21 12:00:00,291.0,47.0,26.0,66.0,584.0,147.0,264.0
               Joan,1988,10,21,18,11.8,-81.8,hurricane,3.0,110,952,274,76,1,JOAN,AL111988,1988-10-21 18:00:00,1988-10-21 18:00:00,291.0,47.0,13.0,68.0,593.0,148.0,196.0
               Joan,1988,10,22,0,11.9,-82.5,hurricane,4.0,120,937,265,75,1,JOAN,AL111988,1988-10-22 00:00:00,1988-10-22 00:00:00,290.0,47.0,20.0,68.0,596.0,145.0,121.0
               Joan,1988,10,22,60,11.9,-83.2,hurricane,4.0,125,932,296,90,1,JOAN,AL111988,1988-10-22 06:00:00,1988-10-22 06:00:00,290.0,45.0,54.0,67.0,596.0,137.0,54.0
            Chantal,1989,8,1,0,27.9,-92.8,hurricane,1.0,65,991,216,55,0,CHANTAL,AL041989,1989-08-01 00:00:00,1989-08-01 00:00:00,298.0,49.0,160.0,64.0,569.0,141.0,188.0
            Chantal,1989,8,1,60,28.7,-93.5,hurricane,1.0,70,987,209,57,0,CHANTAL,AL041989,1989-08-01 06:00:00,1989-08-01 06:00:00,298.0,46.0,143.0,66.0,567.0,113.0,117.0
            Chantal,1989,8,1,12,29.5,-94.3,hurricane,1.0,70,984,209,58,0,CHANTAL,AL041989,1989-08-01 12:00:00,1989-08-01 12:00:00,297.0,41.0,47.0,60.0,572.0,90.0,4.0
               Dean,1989,8,2,12,17.3,-58.1,hurricane,1.0,65,994,215,39,0,DEAN,AL051989,1989-08-02 12:00:00,1989-08-02 12:00:00,282.0,59.0,129.0,39.0,490.0,129.0,379.0
               Dean,1989,8,2,18,17.9,-59.5,hurricane,1.0,70,992,219,41,0,DEAN,AL051989,1989-08-02 18:00:00,1989-08-02 18:00:00,282.0,60.0,157.0,38.0,501.0,130.0,239.0
               Dean,1989,8,3,0,18.5,-60.7,hurricane,1.0,70,990,208,41,0,DEAN,AL051989,1989-08-03 00:00:00,1989-08-03 00:00:00,283.0,59.0,220.0,42.0,505.0,131.0,145.0
               Dean,1989,8,3,60,18.9,-61.7,hurricane,1.0,70,987,221,44,0,DEAN,AL051989,1989-08-03 06:00:00,1989-08-03 06:00:00,283.0,56.0,172.0,43.0,509.0,127.0,132.0
               Dean,1989,8,3,12,19.3,-62.7,hurricane,1.0,75,985,218,45,0,DEAN,AL051989,1989-08-03 12:00:00,1989-08-03 12:00:00,283.0,56.0,223.0,44.0,516.0,125.0,117.0
               Dean,1989,8,3,18,19.7,-63.4,hurricane,1.0,75,985,228,48,0,DEAN,AL051989,1989-08-03 18:00:00,1989-08-03 18:00:00,284.0,57.0,228.0,44.0,540.0,126.0,142.0
               Dean,1989,8,4,0,20.1,-63.8,hurricane,1.0,75,986,227,48,0,DEAN,AL051989,1989-08-04 00:00:00,1989-08-04 00:00:00,283.0,57.0,236.0,43.0,553.0,128.0,159.0
               Dean,1989,8,4,60,20.4,-63.9,hurricane,1.0,75,986,228,51,0,DEAN,AL051989,1989-08-04 06:00:00,1989-08-04 06:00:00,283.0,57.0,176.0,46.0,536.0,129.0,188.0
               Dean,1989,8,4,12,20.9,-63.9,hurricane,1.0,75,985,229,52,0,DEAN,AL051989,1989-08-04 12:00:00,1989-08-04 12:00:00,283.0,57.0,200.0,51.0,533.0,131.0,242.0
               Dean,1989,8,4,18,21.6,-63.8,hurricane,1.0,75,984,235,55,0,DEAN,AL051989,1989-08-04 18:00:00,1989-08-04 18:00:00,284.0,56.0,232.0,55.0,524.0,137.0,321.0
               Dean,1989,8,5,0,22.5,-63.8,hurricane,1.0,75,983,237,55,0,DEAN,AL051989,1989-08-05 00:00:00,1989-08-05 00:00:00,285.0,49.0,210.0,54.0,511.0,142.0,420.0
               Dean,1989,8,5,60,23.5,-63.8,hurricane,1.0,75,983,225,55,0,DEAN,AL051989,1989-08-05 06:00:00,1989-08-05 06:00:00,285.0,41.0,165.0,55.0,505.0,139.0,530.0
               Dean,1989,8,5,12,24.7,-63.9,hurricane,1.0,75,980,211,57,0,DEAN,AL051989,1989-08-05 12:00:00,1989-08-05 12:00:00,286.0,37.0,93.0,52.0,507.0,142.0,662.0
               Dean,1989,8,5,18,26.0,-64.0,hurricane,1.0,75,980,211,58,0,DEAN,AL051989,1989-08-05 18:00:00,1989-08-05 18:00:00,286.0,34.0,100.0,50.0,486.0,135.0,806.0
               Dean,1989,8,6,0,27.6,-64.3,hurricane,1.0,75,979,211,59,0,DEAN,AL051989,1989-08-06 00:00:00,1989-08-06 00:00:00,286.0,28.0,120.0,48.0,476.0,126.0,983.0
               Dean,1989,8,6,60,29.2,-64.6,hurricane,1.0,80,978,218,59,0,DEAN,AL051989,1989-08-06 06:00:00,1989-08-06 06:00:00,282.0,22.0,140.0,49.0,480.0,114.0,1161.0
               Dean,1989,8,6,12,30.8,-65.0,hurricane,1.0,80,975,210,58,0,DEAN,AL051989,1989-08-06 12:00:00,1989-08-06 12:00:00,279.0,16.0,149.0,47.0,485.0,106.0,1134.0
               Dean,1989,8,6,18,32.4,-65.1,hurricane,2.0,85,971,205,62,0,DEAN,AL051989,1989-08-06 18:00:00,1989-08-06 18:00:00,273.0,12.0,130.0,50.0,511.0,103.0,1044.0
               Dean,1989,8,7,0,34.0,-64.9,hurricane,2.0,90,968,193,60,0,DEAN,AL051989,1989-08-07 00:00:00,1989-08-07 00:00:00,268.0,11.0,109.0,53.0,489.0,110.0,963.0
               Dean,1989,8,7,60,35.6,-64.5,hurricane,2.0,90,969,209,64,0,DEAN,AL051989,1989-08-07 06:00:00,1989-08-07 06:00:00,266.0,12.0,85.0,57.0,499.0,76.0,826.0
               Dean,1989,8,7,12,37.5,-64.0,hurricane,2.0,85,979,193,62,0,DEAN,AL051989,1989-08-07 12:00:00,1989-08-07 12:00:00,266.0,20.0,162.0,62.0,513.0,0.0,684.0
               Dean,1989,8,7,18,39.4,-63.4,hurricane,1.0,80,972,433,105,0,DEAN,AL051989,1989-08-07 18:00:00,1989-08-07 18:00:00,259.0,12.0,190.0,66.0,509.0,0.0,493.0
               Dean,1989,8,8,0,41.7,-62.1,hurricane,1.0,75,975,447,100,0,DEAN,AL051989,1989-08-08 00:00:00,1989-08-08 00:00:00,222.0,0.0,207.0,64.0,509.0,0.0,328.0
               Dean,1989,8,8,60,44.1,-59.7,hurricane,1.0,65,978,432,70,0,DEAN,AL051989,1989-08-08 06:00:00,1989-08-08 06:00:00,168.0,0.0,273.0,68.0,505.0,0.0,177.0
               Erin,1989,8,22,12,28.8,-44.5,hurricane,1.0,65,986,256,46,0,ERIN,AL071989,1989-08-22 12:00:00,1989-08-22 12:00:00,273.0,9.0,141.0,50.0,439.0,122.0,2122.0
               Erin,1989,8,22,18,29.7,-45.2,hurricane,1.0,70,983,225,59,0,ERIN,AL071989,1989-08-22 18:00:00,1989-08-22 18:00:00,274.0,10.0,141.0,45.0,446.0,121.0,2005.0
               Erin,1989,8,23,0,30.3,-45.9,hurricane,1.0,70,981,227,58,0,ERIN,AL071989,1989-08-23 00:00:00,1989-08-23 00:00:00,274.0,13.0,139.0,43.0,448.0,118.0,1921.0
               Erin,1989,8,23,60,30.9,-46.3,hurricane,1.0,75,979,244,61,0,ERIN,AL071989,1989-08-23 06:00:00,1989-08-23 06:00:00,275.0,13.0,130.0,45.0,452.0,116.0,1846.0
               Erin,1989,8,23,12,31.5,-46.2,hurricane,1.0,80,977,210,61,0,ERIN,AL071989,1989-08-23 12:00:00,1989-08-23 12:00:00,274.0,11.0,126.0,42.0,463.0,117.0,1785.0
               Erin,1989,8,23,18,32.0,-46.0,hurricane,1.0,80,975,210,60,0,ERIN,AL071989,1989-08-23 18:00:00,1989-08-23 18:00:00,272.0,10.0,174.0,44.0,470.0,116.0,1738.0
               Erin,1989,8,24,0,32.6,-45.6,hurricane,2.0,85,973,213,60,0,ERIN,AL071989,1989-08-24 00:00:00,1989-08-24 00:00:00,271.0,9.0,156.0,46.0,457.0,117.0,1687.0
               Erin,1989,8,24,60,33.3,-45.2,hurricane,2.0,85,971,200,58,0,ERIN,AL071989,1989-08-24 06:00:00,1989-08-24 06:00:00,269.0,7.0,143.0,48.0,457.0,110.0,1628.0
               Erin,1989,8,24,12,34.1,-44.5,hurricane,2.0,90,970,192,56,0,ERIN,AL071989,1989-08-24 12:00:00,1989-08-24 12:00:00,266.0,6.0,202.0,52.0,455.0,107.0,1572.0
               Erin,1989,8,24,18,35.1,-43.6,hurricane,2.0,90,969,189,56,0,ERIN,AL071989,1989-08-24 18:00:00,1989-08-24 18:00:00,263.0,2.0,246.0,53.0,437.0,96.0,1510.0
               Erin,1989,8,25,0,36.3,-42.4,hurricane,2.0,90,968,190,56,0,ERIN,AL071989,1989-08-25 00:00:00,1989-08-25 00:00:00,259.0,0.0,233.0,55.0,453.0,79.0,1454.0
               Erin,1989,8,25,60,37.6,-41.1,hurricane,2.0,90,969,215,60,0,ERIN,AL071989,1989-08-25 06:00:00,1989-08-25 06:00:00,255.0,0.0,314.0,55.0,466.0,64.0,1409.0
               Erin,1989,8,25,12,39.0,-39.7,hurricane,2.0,90,971,577,139,0,ERIN,AL071989,1989-08-25 12:00:00,1989-08-25 12:00:00,243.0,0.0,267.0,51.0,484.0,42.0,1382.0
               Erin,1989,8,25,18,40.6,-38.3,hurricane,2.0,85,973,578,142,0,ERIN,AL071989,1989-08-25 18:00:00,1989-08-25 18:00:00,237.0,0.0,231.0,51.0,457.0,2.0,1362.0
               Erin,1989,8,26,0,42.3,-37.2,hurricane,1.0,80,976,606,171,0,ERIN,AL071989,1989-08-26 00:00:00,1989-08-26 00:00:00,222.0,0.0,241.0,48.0,443.0,0.0,1342.0
               Erin,1989,8,26,60,44.4,-36.2,hurricane,1.0,75,980,546,122,0,ERIN,AL071989,1989-08-26 06:00:00,1989-08-26 06:00:00,202.0,0.0,310.0,46.0,424.0,0.0,1316.0
               Erin,1989,8,26,12,47.0,-35.1,hurricane,1.0,70,983,477,95,0,ERIN,AL071989,1989-08-26 12:00:00,1989-08-26 12:00:00,174.0,0.0,301.0,51.0,392.0,0.0,1326.0
              Felix,1989,9,5,60,36.0,-48.7,hurricane,1.0,65,988,217,50,0,FELIX,AL081989,1989-09-05 06:00:00,1989-09-05 06:00:00,260.0,0.0,305.0,37.0,462.0,100.0,1238.0
              Felix,1989,9,5,12,36.3,-48.6,hurricane,1.0,70,982,215,53,0,FELIX,AL081989,1989-09-05 12:00:00,1989-09-05 12:00:00,260.0,0.0,411.0,36.0,460.0,103.0,1209.0
              Felix,1989,9,5,18,36.7,-48.3,hurricane,1.0,75,979,211,56,0,FELIX,AL081989,1989-09-05 18:00:00,1989-09-05 18:00:00,260.0,0.0,390.0,32.0,442.0,103.0,1174.0
              Felix,1989,9,6,0,36.9,-48.2,hurricane,1.0,75,979,209,57,0,FELIX,AL081989,1989-09-06 00:00:00,1989-09-06 00:00:00,260.0,0.0,407.0,33.0,432.0,100.0,1156.0
              Felix,1989,9,6,60,37.2,-48.1,hurricane,1.0,75,979,213,56,0,FELIX,AL081989,1989-09-06 06:00:00,1989-09-06 06:00:00,258.0,0.0,420.0,33.0,412.0,101.0,1128.0
              Felix,1989,9,6,12,37.4,-48.0,hurricane,1.0,70,982,215,54,0,FELIX,AL081989,1989-09-06 12:00:00,1989-09-06 12:00:00,257.0,0.0,440.0,34.0,398.0,100.0,1110.0
              Felix,1989,9,6,18,37.6,-47.9,hurricane,1.0,70,984,217,55,0,FELIX,AL081989,1989-09-06 18:00:00,1989-09-06 18:00:00,257.0,0.0,508.0,34.0,397.0,99.0,1092.0
              Felix,1989,9,7,0,38.0,-47.8,hurricane,1.0,65,988,218,53,0,FELIX,AL081989,1989-09-07 00:00:00,1989-09-07 00:00:00,254.0,0.0,535.0,39.0,413.0,94.0,1054.0
          Gabrielle,1989,9,1,0,11.5,-31.7,hurricane,1.0,65,987,188,36,0,GABRIELLE,AL101989,1989-09-01 00:00:00,1989-09-01 00:00:00,280.0,23.0,119.0,73.0,602.0,149.0,1575.0
          Gabrielle,1989,9,1,60,11.8,-33.4,hurricane,1.0,65,987,193,40,0,GABRIELLE,AL101989,1989-09-01 06:00:00,1989-09-01 06:00:00,279.0,22.0,83.0,72.0,589.0,149.0,1747.0
          Gabrielle,1989,9,1,12,12.3,-35.1,hurricane,1.0,65,987,196,39,0,GABRIELLE,AL101989,1989-09-01 12:00:00,1989-09-01 12:00:00,277.0,21.0,33.0,71.0,597.0,148.0,1768.0
          Gabrielle,1989,9,1,18,12.8,-36.8,hurricane,1.0,65,987,197,40,0,GABRIELLE,AL101989,1989-09-01 18:00:00,1989-09-01 18:00:00,277.0,23.0,78.0,73.0,609.0,145.0,1774.0
          Gabrielle,1989,9,2,0,13.4,-38.6,hurricane,1.0,75,980,211,42,0,GABRIELLE,AL101989,1989-09-02 00:00:00,1989-09-02 00:00:00,274.0,24.0,111.0,70.0,598.0,139.0,1729.0
          Gabrielle,1989,9,2,60,13.9,-40.3,hurricane,1.0,80,977,209,43,0,GABRIELLE,AL101989,1989-09-02 06:00:00,1989-09-02 06:00:00,275.0,24.0,87.0,73.0,582.0,133.0,1618.0
          Gabrielle,1989,9,2,12,14.4,-42.0,hurricane,2.0,85,974,207,45,0,GABRIELLE,AL101989,1989-09-02 12:00:00,1989-09-02 12:00:00,273.0,25.0,57.0,72.0,583.0,132.0,1526.0
          Gabrielle,1989,9,2,18,14.8,-43.8,hurricane,2.0,90,970,207,45,0,GABRIELLE,AL101989,1989-09-02 18:00:00,1989-09-02 18:00:00,274.0,28.0,53.0,69.0,598.0,130.0,1437.0
          Gabrielle,1989,9,3,0,15.2,-45.5,hurricane,2.0,95,966,225,53,0,GABRIELLE,AL101989,1989-09-03 00:00:00,1989-09-03 00:00:00,274.0,34.0,77.0,67.0,602.0,127.0,1354.0
          Gabrielle,1989,9,3,60,15.6,-47.2,hurricane,3.0,100,960,227,53,1,GABRIELLE,AL101989,1989-09-03 06:00:00,1989-09-03 06:00:00,276.0,38.0,75.0,68.0,597.0,124.0,1291.0
          Gabrielle,1989,9,3,12,16.1,-48.8,hurricane,3.0,105,948,224,56,1,GABRIELLE,AL101989,1989-09-03 12:00:00,1989-09-03 12:00:00,276.0,44.0,111.0,66.0,606.0,124.0,1188.0
          Gabrielle,1989,9,3,18,16.5,-50.3,hurricane,3.0,105,937,217,56,1,GABRIELLE,AL101989,1989-09-03 18:00:00,1989-09-03 18:00:00,278.0,50.0,139.0,65.0,625.0,122.0,1048.0
          Gabrielle,1989,9,4,0,17.0,-51.5,hurricane,3.0,105,937,210,56,1,GABRIELLE,AL101989,1989-09-04 00:00:00,1989-09-04 00:00:00,279.0,52.0,161.0,65.0,634.0,121.0,952.0
          Gabrielle,1989,9,4,60,17.4,-52.7,hurricane,3.0,110,940,214,58,1,GABRIELLE,AL101989,1989-09-04 06:00:00,1989-09-04 06:00:00,280.0,54.0,156.0,63.0,626.0,121.0,862.0
          Gabrielle,1989,9,4,12,18.0,-53.8,hurricane,4.0,115,942,212,59,1,GABRIELLE,AL101989,1989-09-04 12:00:00,1989-09-04 12:00:00,281.0,57.0,191.0,60.0,633.0,124.0,808.0
          Gabrielle,1989,9,4,18,18.6,-54.8,hurricane,4.0,120,942,211,59,1,GABRIELLE,AL101989,1989-09-04 18:00:00,1989-09-04 18:00:00,281.0,58.0,179.0,57.0,634.0,124.0,741.0
          Gabrielle,1989,9,5,0,19.3,-55.7,hurricane,4.0,125,944,337,108,1,GABRIELLE,AL101989,1989-09-05 00:00:00,1989-09-05 00:00:00,282.0,55.0,145.0,58.0,631.0,127.0,663.0
          Gabrielle,1989,9,5,60,19.9,-56.5,hurricane,4.0,125,941,340,108,1,GABRIELLE,AL101989,1989-09-05 06:00:00,1989-09-05 06:00:00,283.0,55.0,117.0,58.0,605.0,124.0,606.0
          Gabrielle,1989,9,5,12,20.6,-57.2,hurricane,4.0,125,941,384,107,1,GABRIELLE,AL101989,1989-09-05 12:00:00,1989-09-05 12:00:00,284.0,54.0,169.0,54.0,603.0,128.0,579.0
          Gabrielle,1989,9,5,18,21.4,-57.8,hurricane,4.0,125,941,214,66,1,GABRIELLE,AL101989,1989-09-05 18:00:00,1989-09-05 18:00:00,284.0,51.0,206.0,55.0,606.0,128.0,586.0
          Gabrielle,1989,9,6,0,22.2,-58.3,hurricane,4.0,125,944,212,66,1,GABRIELLE,AL101989,1989-09-06 00:00:00,1989-09-06 00:00:00,284.0,49.0,230.0,55.0,590.0,133.0,620.0
          Gabrielle,1989,9,6,60,23.1,-58.8,hurricane,4.0,120,942,211,66,1,GABRIELLE,AL101989,1989-09-06 06:00:00,1989-09-06 06:00:00,285.0,43.0,245.0,56.0,597.0,130.0,677.0
          Gabrielle,1989,9,6,12,24.0,-59.3,hurricane,4.0,120,944,207,66,1,GABRIELLE,AL101989,1989-09-06 12:00:00,1989-09-06 12:00:00,286.0,38.0,269.0,57.0,594.0,136.0,741.0
          Gabrielle,1989,9,6,18,25.1,-59.8,hurricane,4.0,120,944,226,65,1,GABRIELLE,AL101989,1989-09-06 18:00:00,1989-09-06 18:00:00,286.0,38.0,232.0,59.0,598.0,138.0,825.0
          Gabrielle,1989,9,7,0,26.4,-60.0,hurricane,4.0,120,943,210,66,1,GABRIELLE,AL101989,1989-09-07 00:00:00,1989-09-07 00:00:00,286.0,36.0,195.0,61.0,569.0,134.0,952.0
          Gabrielle,1989,9,7,60,27.7,-60.0,hurricane,3.0,105,948,212,66,1,GABRIELLE,AL101989,1989-09-07 06:00:00,1989-09-07 06:00:00,285.0,27.0,200.0,64.0,579.0,123.0,1088.0
          Gabrielle,1989,9,7,12,29.0,-59.9,hurricane,2.0,95,950,220,66,0,GABRIELLE,AL101989,1989-09-07 12:00:00,1989-09-07 12:00:00,282.0,22.0,235.0,63.0,568.0,112.0,1224.0
          Gabrielle,1989,9,7,18,30.5,-59.8,hurricane,2.0,95,951,208,66,0,GABRIELLE,AL101989,1989-09-07 18:00:00,1989-09-07 18:00:00,280.0,22.0,193.0,60.0,583.0,101.0,1383.0
          Gabrielle,1989,9,8,0,32.1,-59.6,hurricane,2.0,95,951,195,61,0,GABRIELLE,AL101989,1989-09-08 00:00:00,1989-09-08 00:00:00,274.0,15.0,183.0,57.0,573.0,93.0,1373.0
          Gabrielle,1989,9,8,60,33.7,-59.6,hurricane,2.0,90,955,200,60,0,GABRIELLE,AL101989,1989-09-08 06:00:00,1989-09-08 06:00:00,271.0,10.0,178.0,53.0,568.0,85.0,1208.0
          Gabrielle,1989,9,8,12,35.1,-59.6,hurricane,2.0,85,961,208,63,0,GABRIELLE,AL101989,1989-09-08 12:00:00,1989-09-08 12:00:00,266.0,5.0,133.0,48.0,567.0,77.0,1066.0
          Gabrielle,1989,9,8,18,36.4,-59.7,hurricane,1.0,80,970,198,60,0,GABRIELLE,AL101989,1989-09-08 18:00:00,1989-09-08 18:00:00,265.0,3.0,57.0,47.0,577.0,77.0,934.0
          Gabrielle,1989,9,9,0,37.2,-59.8,hurricane,1.0,75,979,223,58,0,GABRIELLE,AL101989,1989-09-09 00:00:00,1989-09-09 00:00:00,264.0,3.0,29.0,44.0,571.0,72.0,853.0
          Gabrielle,1989,9,9,60,38.0,-59.9,hurricane,1.0,70,987,229,55,0,GABRIELLE,AL101989,1989-09-09 06:00:00,1989-09-09 06:00:00,263.0,1.0,61.0,43.0,569.0,65.0,774.0
          Gabrielle,1989,9,9,12,38.5,-60.0,hurricane,1.0,65,988,243,51,0,GABRIELLE,AL101989,1989-09-09 12:00:00,1989-09-09 12:00:00,263.0,1.0,83.0,41.0,550.0,60.0,724.0
          Gabrielle,1989,9,9,18,38.9,-60.1,hurricane,1.0,65,990,204,55,0,GABRIELLE,AL101989,1989-09-09 18:00:00,1989-09-09 18:00:00,263.0,2.0,161.0,40.0,558.0,59.0,681.0
          Gabrielle,1989,9,10,0,39.1,-60.3,hurricane,1.0,65,990,209,58,0,GABRIELLE,AL101989,1989-09-10 00:00:00,1989-09-10 00:00:00,259.0,3.0,187.0,39.0,550.0,58.0,654.0
               Hugo,1989,9,13,18,12.8,-43.5,hurricane,1.0,65,987,162,23,0,HUGO,AL111989,1989-09-13 18:00:00,1989-09-13 18:00:00,282.0,33.0,99.0,53.0,555.0,120.0,1285.0
               Hugo,1989,9,14,0,12.9,-44.9,hurricane,1.0,70,984,163,30,0,HUGO,AL111989,1989-09-14 00:00:00,1989-09-14 00:00:00,282.0,36.0,98.0,55.0,544.0,124.0,1197.0
               Hugo,1989,9,14,60,13.0,-46.3,hurricane,1.0,80,980,170,33,0,HUGO,AL111989,1989-09-14 06:00:00,1989-09-14 06:00:00,281.0,38.0,100.0,55.0,558.0,127.0,1110.0
               Hugo,1989,9,14,12,13.2,-47.8,hurricane,2.0,85,975,225,47,0,HUGO,AL111989,1989-09-14 12:00:00,1989-09-14 12:00:00,282.0,40.0,93.0,52.0,566.0,131.0,1029.0
               Hugo,1989,9,14,18,13.6,-49.1,hurricane,2.0,90,970,182,40,0,HUGO,AL111989,1989-09-14 18:00:00,1989-09-14 18:00:00,283.0,44.0,53.0,53.0,581.0,136.0,999.0
               Hugo,1989,9,15,0,13.8,-50.5,hurricane,3.0,100,962,218,51,1,HUGO,AL111989,1989-09-15 00:00:00,1989-09-15 00:00:00,284.0,51.0,18.0,55.0,588.0,134.0,967.0
               Hugo,1989,9,15,60,14.0,-51.9,hurricane,3.0,110,957,209,53,1,HUGO,AL111989,1989-09-15 06:00:00,1989-09-15 06:00:00,283.0,56.0,47.0,56.0,577.0,124.0,818.0
               Hugo,1989,9,15,12,14.2,-53.3,hurricane,4.0,125,940,207,56,1,HUGO,AL111989,1989-09-15 12:00:00,1989-09-15 12:00:00,285.0,61.0,51.0,50.0,572.0,124.0,671.0
               Hugo,1989,9,15,18,14.6,-54.6,hurricane,5.0,140,918,206,56,1,HUGO,AL111989,1989-09-15 18:00:00,1989-09-15 18:00:00,286.0,63.0,35.0,51.0,583.0,129.0,545.0
               Hugo,1989,9,16,0,14.8,-56.1,hurricane,4.0,135,923,206,56,1,HUGO,AL111989,1989-09-16 00:00:00,1989-09-16 00:00:00,287.0,68.0,34.0,46.0,550.0,132.0,403.0
               Hugo,1989,9,16,60,15.1,-57.3,hurricane,4.0,130,927,209,56,1,HUGO,AL111989,1989-09-16 06:00:00,1989-09-16 06:00:00,287.0,74.0,118.0,52.0,558.0,131.0,315.0
               Hugo,1989,9,16,12,15.4,-58.4,hurricane,4.0,120,940,207,58,1,HUGO,AL111989,1989-09-16 12:00:00,1989-09-16 12:00:00,288.0,77.0,125.0,48.0,531.0,137.0,264.0
               Hugo,1989,9,16,18,15.8,-59.4,hurricane,4.0,120,941,214,60,1,HUGO,AL111989,1989-09-16 18:00:00,1989-09-16 18:00:00,288.0,79.0,156.0,51.0,506.0,138.0,201.0
               Hugo,1989,9,17,0,16.1,-60.4,hurricane,4.0,120,941,214,61,1,HUGO,AL111989,1989-09-17 00:00:00,1989-09-17 00:00:00,288.0,78.0,105.0,51.0,487.0,144.0,114.0
               Hugo,1989,9,17,60,16.4,-61.5,hurricane,4.0,120,943,215,62,1,HUGO,AL111989,1989-09-17 06:00:00,1989-09-17 06:00:00,289.0,77.0,141.0,57.0,509.0,146.0,71.0
               Hugo,1989,9,17,12,16.6,-62.5,hurricane,4.0,125,949,215,62,1,HUGO,AL111989,1989-09-17 12:00:00,1989-09-17 12:00:00,290.0,78.0,243.0,57.0,533.0,145.0,32.0
               Hugo,1989,9,17,18,16.9,-63.5,hurricane,4.0,125,945,213,62,1,HUGO,AL111989,1989-09-17 18:00:00,1989-09-17 18:00:00,290.0,80.0,209.0,56.0,546.0,144.0,86.0
               Hugo,1989,9,18,0,17.2,-64.1,hurricane,4.0,130,934,211,61,1,HUGO,AL111989,1989-09-18 00:00:00,1989-09-18 00:00:00,290.0,80.0,194.0,60.0,550.0,144.0,80.0
               Hugo,1989,9,18,60,17.7,-64.8,hurricane,4.0,120,940,217,62,1,HUGO,AL111989,1989-09-18 06:00:00,1989-09-18 06:00:00,290.0,0.0,197.0,57.0,531.0,136.0,0.0
               Hugo,1989,9,18,12,18.2,-65.5,hurricane,3.0,110,945,218,62,1,HUGO,AL111989,1989-09-18 12:00:00,1989-09-18 12:00:00,290.0,79.0,156.0,59.0,533.0,134.0,6.0
               Hugo,1989,9,18,18,19.1,-66.4,hurricane,3.0,105,958,220,61,1,HUGO,AL111989,1989-09-18 18:00:00,1989-09-18 18:00:00,289.0,78.0,158.0,61.0,542.0,133.0,71.0
               Hugo,1989,9,19,0,19.7,-66.8,hurricane,3.0,100,959,221,62,1,HUGO,AL111989,1989-09-19 00:00:00,1989-09-19 00:00:00,289.0,77.0,92.0,61.0,518.0,134.0,135.0
               Hugo,1989,9,19,60,20.7,-67.3,hurricane,2.0,90,962,231,68,0,HUGO,AL111989,1989-09-19 06:00:00,1989-09-19 06:00:00,289.0,73.0,65.0,63.0,557.0,130.0,243.0
               Hugo,1989,9,19,12,21.6,-68.0,hurricane,2.0,90,964,231,71,0,HUGO,AL111989,1989-09-19 12:00:00,1989-09-19 12:00:00,289.0,72.0,24.0,70.0,570.0,136.0,279.0
               Hugo,1989,9,19,18,22.6,-68.6,hurricane,2.0,90,966,215,62,0,HUGO,AL111989,1989-09-19 18:00:00,1989-09-19 18:00:00,289.0,69.0,37.0,67.0,551.0,139.0,356.0
               Hugo,1989,9,20,0,23.5,-69.3,hurricane,2.0,90,957,221,64,0,HUGO,AL111989,1989-09-20 00:00:00,1989-09-20 00:00:00,289.0,62.0,63.0,66.0,560.0,139.0,431.0
               Hugo,1989,9,20,60,24.4,-70.1,hurricane,2.0,90,957,334,122,0,HUGO,AL111989,1989-09-20 06:00:00,1989-09-20 06:00:00,289.0,52.0,41.0,68.0,549.0,137.0,454.0
               Hugo,1989,9,20,12,25.2,-71.0,hurricane,2.0,95,958,306,120,0,HUGO,AL111989,1989-09-20 12:00:00,1989-09-20 12:00:00,289.0,46.0,26.0,62.0,574.0,133.0,478.0
               Hugo,1989,9,20,18,26.3,-72.2,hurricane,2.0,95,953,325,128,0,HUGO,AL111989,1989-09-20 18:00:00,1989-09-20 18:00:00,288.0,42.0,42.0,61.0,586.0,136.0,560.0
               Hugo,1989,9,21,0,27.2,-73.4,hurricane,3.0,100,950,211,64,1,HUGO,AL111989,1989-09-21 00:00:00,1989-09-21 00:00:00,285.0,46.0,33.0,60.0,600.0,138.0,512.0
               Hugo,1989,9,21,60,28.0,-74.9,hurricane,3.0,100,950,211,64,1,HUGO,AL111989,1989-09-21 06:00:00,1989-09-21 06:00:00,282.0,47.0,61.0,60.0,608.0,131.0,441.0
               Hugo,1989,9,21,12,29.0,-76.1,hurricane,3.0,110,948,211,64,1,HUGO,AL111989,1989-09-21 12:00:00,1989-09-21 12:00:00,283.0,53.0,56.0,54.0,627.0,137.0,445.0
               Hugo,1989,9,21,18,30.2,-77.5,hurricane,4.0,120,944,203,64,1,HUGO,AL111989,1989-09-21 18:00:00,1989-09-21 18:00:00,282.0,52.0,141.0,56.0,624.0,125.0,354.0
               Hugo,1989,9,22,0,31.7,-78.8,hurricane,4.0,120,935,203,64,1,HUGO,AL111989,1989-09-22 00:00:00,1989-09-22 00:00:00,280.0,57.0,185.0,65.0,577.0,58.0,151.0
              Jerry,1989,10,15,18,28.1,-94.6,hurricane,1.0,65,986,229,52,0,JERRY,AL141989,1989-10-15 18:00:00,1989-10-15 18:00:00,269.0,33.0,252.0,33.0,404.0,89.0,118.0
              Jerry,1989,10,16,0,29.1,-95.0,hurricane,1.0,75,983,246,59,0,JERRY,AL141989,1989-10-16 00:00:00,1989-10-16 00:00:00,262.0,20.0,364.0,41.0,401.0,61.0,6.0
             Bertha,1990,7,29,0,30.2,-73.6,hurricane,1.0,65,990,219,59,0,BERTHA,AL031990,1990-07-29 00:00:00,1990-07-29 00:00:00,278.0,27.0,291.0,62.0,538.0,117.0,576.0
             Bertha,1990,7,29,60,30.8,-73.0,hurricane,1.0,65,988,211,60,0,BERTHA,AL031990,1990-07-29 06:00:00,1990-07-29 06:00:00,278.0,23.0,244.0,61.0,542.0,103.0,549.0
             Bertha,1990,7,29,12,31.3,-72.2,hurricane,1.0,65,989,215,60,0,BERTHA,AL031990,1990-07-29 12:00:00,1990-07-29 12:00:00,275.0,20.0,278.0,55.0,533.0,101.0,555.0
             Bertha,1990,7,30,12,34.7,-68.3,hurricane,1.0,65,985,212,59,0,BERTHA,AL031990,1990-07-30 12:00:00,1990-07-30 12:00:00,264.0,10.0,232.0,47.0,452.0,104.0,683.0
             Bertha,1990,7,30,18,35.7,-67.5,hurricane,1.0,65,979,213,57,0,BERTHA,AL031990,1990-07-30 18:00:00,1990-07-30 18:00:00,265.0,11.0,151.0,46.0,476.0,101.0,699.0
             Bertha,1990,7,31,0,36.6,-67.0,hurricane,1.0,70,974,214,62,0,BERTHA,AL031990,1990-07-31 00:00:00,1990-07-31 00:00:00,267.0,15.0,122.0,46.0,481.0,98.0,620.0
             Bertha,1990,7,31,60,37.5,-66.5,hurricane,1.0,65,975,236,56,0,BERTHA,AL031990,1990-07-31 06:00:00,1990-07-31 06:00:00,266.0,18.0,83.0,48.0,494.0,94.0,552.0
             Bertha,1990,7,31,12,38.3,-65.9,hurricane,1.0,65,976,241,57,0,BERTHA,AL031990,1990-07-31 12:00:00,1990-07-31 12:00:00,261.0,21.0,126.0,51.0,496.0,88.0,511.0
             Bertha,1990,7,31,18,39.0,-65.3,hurricane,1.0,65,977,726,164,0,BERTHA,AL031990,1990-07-31 18:00:00,1990-07-31 18:00:00,246.0,14.0,104.0,54.0,503.0,75.0,495.0
             Bertha,1990,8,1,0,39.6,-64.5,hurricane,1.0,65,977,279,50,0,BERTHA,AL031990,1990-08-01 00:00:00,1990-08-01 00:00:00,252.0,4.0,144.0,53.0,490.0,55.0,447.0
             Bertha,1990,8,1,60,40.3,-63.7,hurricane,1.0,65,977,293,54,0,BERTHA,AL031990,1990-08-01 06:00:00,1990-08-01 06:00:00,238.0,0.0,202.0,55.0,498.0,0.0,390.0
             Bertha,1990,8,1,12,41.1,-62.7,hurricane,1.0,65,977,307,50,0,BERTHA,AL031990,1990-08-01 12:00:00,1990-08-01 12:00:00,217.0,0.0,255.0,55.0,483.0,0.0,355.0
              Diana,1990,8,7,60,20.7,-94.7,hurricane,1.0,65,990,224,50,0,DIANA,AL051990,1990-08-07 06:00:00,1990-08-07 06:00:00,293.0,37.0,70.0,69.0,600.0,150.0,205.0
              Diana,1990,8,7,12,20.8,-95.8,hurricane,1.0,75,986,221,53,0,DIANA,AL051990,1990-08-07 12:00:00,1990-08-07 12:00:00,293.0,38.0,24.0,71.0,578.0,144.0,116.0
              Diana,1990,8,7,18,20.9,-96.8,hurricane,2.0,85,980,330,133,0,DIANA,AL051990,1990-08-07 18:00:00,1990-08-07 18:00:00,293.0,28.0,29.0,69.0,576.0,153.0,42.0
             Gustav,1990,8,26,12,14.5,-55.5,hurricane,1.0,65,990,129,20,0,GUSTAV,AL081990,1990-08-26 12:00:00,1990-08-26 12:00:00,283.0,63.0,101.0,59.0,550.0,135.0,449.0
             Gustav,1990,8,26,18,15.0,-56.4,hurricane,1.0,70,984,123,20,0,GUSTAV,AL081990,1990-08-26 18:00:00,1990-08-26 18:00:00,284.0,66.0,123.0,54.0,558.0,137.0,385.0
             Gustav,1990,8,27,0,15.3,-57.0,hurricane,1.0,75,980,151,28,0,GUSTAV,AL081990,1990-08-27 00:00:00,1990-08-27 00:00:00,284.0,67.0,121.0,52.0,556.0,136.0,354.0
             Gustav,1990,8,27,60,15.9,-57.7,hurricane,2.0,85,973,219,55,0,GUSTAV,AL081990,1990-08-27 06:00:00,1990-08-27 06:00:00,285.0,68.0,113.0,50.0,532.0,133.0,351.0
             Gustav,1990,8,27,12,16.6,-58.0,hurricane,2.0,90,967,234,60,0,GUSTAV,AL081990,1990-08-27 12:00:00,1990-08-27 12:00:00,284.0,68.0,185.0,47.0,548.0,133.0,369.0
             Gustav,1990,8,27,18,17.3,-58.2,hurricane,2.0,95,965,219,58,0,GUSTAV,AL081990,1990-08-27 18:00:00,1990-08-27 18:00:00,285.0,67.0,203.0,48.0,547.0,137.0,368.0
             Gustav,1990,8,28,0,18.1,-58.2,hurricane,2.0,95,966,242,71,0,GUSTAV,AL081990,1990-08-28 00:00:00,1990-08-28 00:00:00,284.0,66.0,242.0,48.0,530.0,136.0,378.0
             Gustav,1990,8,28,60,19.0,-58.1,hurricane,2.0,90,969,225,58,0,GUSTAV,AL081990,1990-08-28 06:00:00,1990-08-28 06:00:00,284.0,62.0,155.0,47.0,507.0,132.0,413.0
             Gustav,1990,8,28,12,20.0,-58.0,hurricane,2.0,85,973,227,58,0,GUSTAV,AL081990,1990-08-28 12:00:00,1990-08-28 12:00:00,283.0,58.0,167.0,48.0,497.0,138.0,473.0
             Gustav,1990,8,28,18,21.1,-58.0,hurricane,1.0,80,978,231,61,0,GUSTAV,AL081990,1990-08-28 18:00:00,1990-08-28 18:00:00,283.0,53.0,202.0,51.0,502.0,137.0,549.0
             Gustav,1990,8,29,0,22.2,-57.8,hurricane,1.0,75,981,232,61,0,GUSTAV,AL081990,1990-08-29 00:00:00,1990-08-29 00:00:00,283.0,46.0,146.0,51.0,476.0,140.0,652.0
             Gustav,1990,8,29,60,22.9,-57.8,hurricane,1.0,70,984,228,58,0,GUSTAV,AL081990,1990-08-29 06:00:00,1990-08-29 06:00:00,283.0,40.0,168.0,52.0,465.0,139.0,713.0
             Gustav,1990,8,29,12,23.7,-57.8,hurricane,1.0,75,982,231,62,0,GUSTAV,AL081990,1990-08-29 12:00:00,1990-08-29 12:00:00,284.0,38.0,179.0,51.0,469.0,143.0,786.0
             Gustav,1990,8,29,18,24.4,-57.8,hurricane,1.0,75,979,220,60,0,GUSTAV,AL081990,1990-08-29 18:00:00,1990-08-29 18:00:00,284.0,36.0,126.0,52.0,477.0,145.0,853.0
             Gustav,1990,8,30,0,25.2,-57.8,hurricane,1.0,80,975,238,66,0,GUSTAV,AL081990,1990-08-30 00:00:00,1990-08-30 00:00:00,285.0,36.0,128.0,53.0,453.0,141.0,931.0
             Gustav,1990,8,30,60,26.0,-57.8,hurricane,2.0,85,972,234,64,0,GUSTAV,AL081990,1990-08-30 06:00:00,1990-08-30 06:00:00,285.0,36.0,114.0,57.0,476.0,136.0,1009.0
             Gustav,1990,8,30,12,27.0,-57.8,hurricane,2.0,90,968,245,66,0,GUSTAV,AL081990,1990-08-30 12:00:00,1990-08-30 12:00:00,285.0,33.0,90.0,56.0,499.0,131.0,1105.0
             Gustav,1990,8,30,18,27.8,-57.8,hurricane,2.0,95,963,274,79,0,GUSTAV,AL081990,1990-08-30 18:00:00,1990-08-30 18:00:00,285.0,26.0,46.0,60.0,503.0,126.0,1182.0
             Gustav,1990,8,31,0,28.9,-57.7,hurricane,3.0,100,958,273,83,1,GUSTAV,AL081990,1990-08-31 00:00:00,1990-08-31 00:00:00,284.0,22.0,61.0,60.0,523.0,111.0,1296.0
             Gustav,1990,8,31,60,30.3,-57.5,hurricane,3.0,105,956,277,84,1,GUSTAV,AL081990,1990-08-31 06:00:00,1990-08-31 06:00:00,281.0,17.0,78.0,60.0,536.0,102.0,1446.0
             Gustav,1990,8,31,12,31.7,-57.2,hurricane,3.0,100,959,204,60,1,GUSTAV,AL081990,1990-08-31 12:00:00,1990-08-31 12:00:00,278.0,14.0,66.0,58.0,559.0,95.0,1505.0
             Gustav,1990,8,31,18,33.0,-56.5,hurricane,3.0,100,961,272,82,1,GUSTAV,AL081990,1990-08-31 18:00:00,1990-08-31 18:00:00,272.0,10.0,117.0,61.0,532.0,93.0,1409.0
             Gustav,1990,9,1,0,34.4,-55.6,hurricane,2.0,95,964,192,58,0,GUSTAV,AL081990,1990-09-01 00:00:00,1990-09-01 00:00:00,269.0,4.0,159.0,59.0,502.0,99.0,1294.0
             Gustav,1990,9,1,60,35.6,-54.5,hurricane,2.0,90,967,194,61,0,GUSTAV,AL081990,1990-09-01 06:00:00,1990-09-01 06:00:00,266.0,0.0,231.0,57.0,527.0,99.0,1211.0
             Gustav,1990,9,1,12,36.8,-53.2,hurricane,2.0,85,970,189,59,0,GUSTAV,AL081990,1990-09-01 12:00:00,1990-09-01 12:00:00,263.0,0.0,221.0,50.0,519.0,90.0,1091.0
             Gustav,1990,9,1,18,38.0,-52.0,hurricane,1.0,80,974,194,58,0,GUSTAV,AL081990,1990-09-01 18:00:00,1990-09-01 18:00:00,259.0,0.0,210.0,48.0,521.0,73.0,965.0
             Gustav,1990,9,2,0,39.4,-50.9,hurricane,1.0,75,978,407,97,0,GUSTAV,AL081990,1990-09-02 00:00:00,1990-09-02 00:00:00,254.0,0.0,241.0,47.0,483.0,49.0,824.0
             Gustav,1990,9,2,60,40.7,-49.8,hurricane,1.0,70,982,370,88,0,GUSTAV,AL081990,1990-09-02 06:00:00,1990-09-02 06:00:00,242.0,0.0,323.0,44.0,454.0,0.0,711.0
             Gustav,1990,9,2,12,42.1,-48.6,hurricane,1.0,65,985,319,55,0,GUSTAV,AL081990,1990-09-02 12:00:00,1990-09-02 12:00:00,205.0,0.0,358.0,41.0,451.0,0.0,618.0
            Isidore,1990,9,7,0,15.9,-36.8,hurricane,1.0,65,994,173,30,0,ISIDORE,AL101990,1990-09-07 00:00:00,1990-09-07 00:00:00,270.0,19.0,193.0,51.0,561.0,80.0,2051.0
            Isidore,1990,9,7,60,17.2,-37.3,hurricane,1.0,75,983,167,32,0,ISIDORE,AL101990,1990-09-07 06:00:00,1990-09-07 06:00:00,266.0,16.0,251.0,50.0,553.0,80.0,2104.0
            Isidore,1990,9,7,12,18.5,-37.6,hurricane,2.0,85,978,233,58,0,ISIDORE,AL101990,1990-09-07 12:00:00,1990-09-07 12:00:00,265.0,9.0,309.0,50.0,546.0,86.0,2169.0
            Isidore,1990,9,7,18,19.9,-37.9,hurricane,1.0,80,979,235,54,0,ISIDORE,AL101990,1990-09-07 18:00:00,1990-09-07 18:00:00,264.0,8.0,340.0,49.0,554.0,98.0,2177.0
            Isidore,1990,9,8,0,21.1,-38.2,hurricane,1.0,75,979,237,56,0,ISIDORE,AL101990,1990-09-08 00:00:00,1990-09-08 00:00:00,266.0,7.0,362.0,48.0,528.0,103.0,2197.0
            Isidore,1990,9,8,60,22.2,-38.7,hurricane,1.0,70,985,235,54,0,ISIDORE,AL101990,1990-09-08 06:00:00,1990-09-08 06:00:00,266.0,5.0,326.0,48.0,499.0,105.0,2246.0
            Isidore,1990,9,8,12,23.2,-39.3,hurricane,1.0,65,994,225,47,0,ISIDORE,AL101990,1990-09-08 12:00:00,1990-09-08 12:00:00,267.0,6.0,291.0,47.0,480.0,109.0,2310.0
            Isidore,1990,9,9,18,28.6,-44.2,hurricane,1.0,65,990,165,33,0,ISIDORE,AL101990,1990-09-09 18:00:00,1990-09-09 18:00:00,274.0,13.0,228.0,46.0,458.0,130.0,2152.0
            Isidore,1990,9,10,0,29.0,-45.1,hurricane,1.0,65,987,237,48,0,ISIDORE,AL101990,1990-09-10 00:00:00,1990-09-10 00:00:00,275.0,14.0,166.0,49.0,452.0,131.0,2082.0
            Isidore,1990,9,10,60,29.4,-45.6,hurricane,1.0,65,987,243,46,0,ISIDORE,AL101990,1990-09-10 06:00:00,1990-09-10 06:00:00,275.0,15.0,146.0,50.0,458.0,129.0,2025.0
            Isidore,1990,9,10,12,29.8,-46.1,hurricane,1.0,65,987,245,46,0,ISIDORE,AL101990,1990-09-10 12:00:00,1990-09-10 12:00:00,276.0,16.0,184.0,50.0,457.0,131.0,1969.0
            Isidore,1990,9,10,18,30.1,-46.6,hurricane,1.0,65,987,242,46,0,ISIDORE,AL101990,1990-09-10 18:00:00,1990-09-10 18:00:00,275.0,16.0,177.0,52.0,456.0,131.0,1923.0
            Isidore,1990,9,11,0,30.6,-47.0,hurricane,1.0,65,987,242,51,0,ISIDORE,AL101990,1990-09-11 00:00:00,1990-09-11 00:00:00,275.0,16.0,132.0,52.0,453.0,130.0,1859.0
            Isidore,1990,9,11,60,31.2,-47.4,hurricane,1.0,75,984,232,57,0,ISIDORE,AL101990,1990-09-11 06:00:00,1990-09-11 06:00:00,273.0,15.0,78.0,54.0,468.0,127.0,1785.0
            Isidore,1990,9,11,12,31.9,-48.0,hurricane,1.0,80,980,202,57,0,ISIDORE,AL101990,1990-09-11 12:00:00,1990-09-11 12:00:00,273.0,9.0,65.0,53.0,485.0,126.0,1696.0
            Isidore,1990,9,11,18,32.6,-48.7,hurricane,1.0,80,979,160,44,0,ISIDORE,AL101990,1990-09-11 18:00:00,1990-09-11 18:00:00,271.0,7.0,79.0,52.0,478.0,127.0,1605.0
            Isidore,1990,9,12,0,33.1,-49.5,hurricane,1.0,75,979,231,58,0,ISIDORE,AL101990,1990-09-12 00:00:00,1990-09-12 00:00:00,268.0,4.0,73.0,52.0,453.0,126.0,1536.0
            Isidore,1990,9,12,60,33.4,-50.1,hurricane,1.0,75,980,231,58,0,ISIDORE,AL101990,1990-09-12 06:00:00,1990-09-12 06:00:00,269.0,3.0,59.0,51.0,460.0,120.0,1493.0
            Isidore,1990,9,12,12,33.6,-50.4,hurricane,1.0,70,986,244,54,0,ISIDORE,AL101990,1990-09-12 12:00:00,1990-09-12 12:00:00,269.0,3.0,103.0,49.0,458.0,120.0,1467.0
            Isidore,1990,9,12,18,33.8,-50.6,hurricane,1.0,65,987,244,49,0,ISIDORE,AL101990,1990-09-12 18:00:00,1990-09-12 18:00:00,269.0,2.0,75.0,50.0,470.0,120.0,1443.0
            Isidore,1990,9,13,0,34.1,-50.7,hurricane,1.0,65,987,239,55,0,ISIDORE,AL101990,1990-09-13 00:00:00,1990-09-13 00:00:00,265.0,2.0,103.0,53.0,466.0,116.0,1408.0
            Isidore,1990,9,13,60,34.4,-50.8,hurricane,1.0,65,987,235,53,0,ISIDORE,AL101990,1990-09-13 06:00:00,1990-09-13 06:00:00,265.0,0.0,118.0,54.0,473.0,110.0,1374.0
            Isidore,1990,9,13,12,34.9,-50.8,hurricane,1.0,65,987,242,52,0,ISIDORE,AL101990,1990-09-13 12:00:00,1990-09-13 12:00:00,265.0,0.0,129.0,56.0,471.0,110.0,1319.0
            Isidore,1990,9,13,18,35.4,-50.6,hurricane,1.0,65,987,240,50,0,ISIDORE,AL101990,1990-09-13 18:00:00,1990-09-13 18:00:00,262.0,0.0,157.0,57.0,478.0,110.0,1267.0
            Isidore,1990,9,14,0,35.8,-50.1,hurricane,1.0,65,987,227,53,0,ISIDORE,AL101990,1990-09-14 00:00:00,1990-09-14 00:00:00,262.0,0.0,164.0,54.0,464.0,110.0,1231.0
            Isidore,1990,9,14,60,36.2,-49.4,hurricane,1.0,65,987,229,51,0,ISIDORE,AL101990,1990-09-14 06:00:00,1990-09-14 06:00:00,258.0,0.0,157.0,51.0,486.0,108.0,1200.0
            Isidore,1990,9,14,12,36.6,-48.7,hurricane,1.0,65,987,225,50,0,ISIDORE,AL101990,1990-09-14 12:00:00,1990-09-14 12:00:00,258.0,0.0,131.0,46.0,475.0,105.0,1174.0
            Isidore,1990,9,14,18,37.1,-47.9,hurricane,1.0,65,987,226,49,0,ISIDORE,AL101990,1990-09-14 18:00:00,1990-09-14 18:00:00,255.0,0.0,156.0,46.0,468.0,106.0,1144.0
            Isidore,1990,9,15,0,37.8,-47.4,hurricane,1.0,65,987,224,51,0,ISIDORE,AL101990,1990-09-15 00:00:00,1990-09-15 00:00:00,255.0,0.0,87.0,41.0,461.0,91.0,1088.0
            Isidore,1990,9,15,60,38.7,-47.2,hurricane,1.0,65,987,278,54,0,ISIDORE,AL101990,1990-09-15 06:00:00,1990-09-15 06:00:00,252.0,0.0,26.0,37.0,476.0,79.0,1005.0
            Isidore,1990,9,15,12,39.6,-47.5,hurricane,1.0,65,987,300,55,0,ISIDORE,AL101990,1990-09-15 12:00:00,1990-09-15 12:00:00,247.0,0.0,62.0,32.0,468.0,74.0,905.0
            Isidore,1990,9,15,18,40.3,-48.0,hurricane,1.0,65,987,317,57,0,ISIDORE,AL101990,1990-09-15 18:00:00,1990-09-15 18:00:00,237.0,0.0,139.0,34.0,475.0,41.0,816.0
            Isidore,1990,9,16,0,40.5,-48.5,hurricane,1.0,65,987,316,57,0,ISIDORE,AL101990,1990-09-16 00:00:00,1990-09-16 00:00:00,238.0,0.0,177.0,38.0,447.0,0.0,776.0
          Josephine,1990,10,5,0,30.0,-41.5,hurricane,1.0,65,987,218,49,0,JOSEPHINE,AL121990,1990-10-05 00:00:00,1990-10-05 00:00:00,262.0,3.0,91.0,42.0,417.0,123.0,2107.0
          Josephine,1990,10,5,60,30.7,-40.5,hurricane,1.0,65,986,225,51,0,JOSEPHINE,AL121990,1990-10-05 06:00:00,1990-10-05 06:00:00,261.0,1.0,102.0,42.0,431.0,109.0,2081.0
          Josephine,1990,10,5,12,32.1,-39.3,hurricane,1.0,70,984,223,49,0,JOSEPHINE,AL121990,1990-10-05 12:00:00,1990-10-05 12:00:00,255.0,0.0,75.0,38.0,416.0,98.0,2004.0
          Josephine,1990,10,5,18,34.1,-38.4,hurricane,1.0,75,980,232,55,0,JOSEPHINE,AL121990,1990-10-05 18:00:00,1990-10-05 18:00:00,248.0,0.0,79.0,43.0,371.0,91.0,1868.0
          Josephine,1990,10,6,0,36.5,-38.5,hurricane,1.0,70,984,230,52,0,JOSEPHINE,AL121990,1990-10-06 00:00:00,1990-10-06 00:00:00,239.0,0.0,95.0,40.0,354.0,83.0,1656.0
              Klaus,1990,10,5,12,17.2,-61.2,hurricane,1.0,70,985,143,22,0,KLAUS,AL131990,1990-10-05 12:00:00,1990-10-05 12:00:00,288.0,73.0,301.0,63.0,532.0,140.0,51.0
              Klaus,1990,10,5,18,17.4,-61.4,hurricane,1.0,70,991,138,22,0,KLAUS,AL131990,1990-10-05 18:00:00,1990-10-05 18:00:00,288.0,73.0,297.0,67.0,537.0,141.0,40.0
              Klaus,1990,10,6,0,17.7,-61.6,hurricane,1.0,65,992,138,21,0,KLAUS,AL131990,1990-10-06 00:00:00,1990-10-06 00:00:00,288.0,73.0,324.0,65.0,543.0,144.0,17.0
               Lili,1990,10,11,0,31.2,-55.9,hurricane,1.0,65,987,231,52,0,LILI,AL141990,1990-10-11 00:00:00,1990-10-11 00:00:00,263.0,1.0,220.0,24.0,399.0,132.0,1603.0
               Lili,1990,10,11,60,31.0,-58.7,hurricane,1.0,65,987,235,52,0,LILI,AL141990,1990-10-11 06:00:00,1990-10-11 06:00:00,263.0,5.0,184.0,23.0,383.0,130.0,1474.0
               Lili,1990,10,11,12,30.7,-61.3,hurricane,1.0,65,988,247,49,0,LILI,AL141990,1990-10-11 12:00:00,1990-10-11 12:00:00,267.0,12.0,82.0,24.0,383.0,134.0,1362.0
               Lili,1990,10,11,18,30.3,-64.1,hurricane,1.0,65,990,250,48,0,LILI,AL141990,1990-10-11 18:00:00,1990-10-11 18:00:00,267.0,13.0,168.0,27.0,397.0,136.0,1237.0
               Lili,1990,10,12,0,29.9,-66.4,hurricane,1.0,65,995,245,50,0,LILI,AL141990,1990-10-12 00:00:00,1990-10-12 00:00:00,271.0,13.0,181.0,27.0,408.0,121.0,1080.0
               Lili,1990,10,12,60,29.8,-68.5,hurricane,1.0,65,995,250,52,0,LILI,AL141990,1990-10-12 06:00:00,1990-10-12 06:00:00,271.0,16.0,116.0,32.0,399.0,107.0,931.0
               Lili,1990,10,12,12,30.2,-70.3,hurricane,1.0,65,994,246,51,0,LILI,AL141990,1990-10-12 12:00:00,1990-10-12 12:00:00,266.0,17.0,186.0,40.0,400.0,98.0,771.0
               Lili,1990,10,12,18,30.9,-71.4,hurricane,1.0,65,993,255,47,0,LILI,AL141990,1990-10-12 18:00:00,1990-10-12 18:00:00,266.0,10.0,209.0,42.0,421.0,100.0,640.0
               Lili,1990,10,13,0,32.1,-72.1,hurricane,1.0,65,992,248,56,0,LILI,AL141990,1990-10-13 00:00:00,1990-10-13 00:00:00,261.0,6.0,228.0,48.0,440.0,92.0,503.0
               Lili,1990,10,13,60,33.2,-72.5,hurricane,1.0,65,992,263,47,0,LILI,AL141990,1990-10-13 06:00:00,1990-10-13 06:00:00,260.0,1.0,235.0,48.0,407.0,81.0,401.0
               Nana,1990,10,17,18,22.8,-63.5,hurricane,1.0,65,995,244,49,0,NANA,AL161990,1990-10-17 18:00:00,1990-10-17 18:00:00,285.0,58.0,290.0,47.0,471.0,146.0,458.0
               Nana,1990,10,18,0,23.4,-63.6,hurricane,1.0,70,990,257,49,0,NANA,AL161990,1990-10-18 00:00:00,1990-10-18 00:00:00,283.0,54.0,221.0,51.0,467.0,143.0,522.0
               Nana,1990,10,18,60,24.1,-63.8,hurricane,1.0,75,990,268,47,0,NANA,AL161990,1990-10-18 06:00:00,1990-10-18 06:00:00,282.0,50.0,163.0,51.0,450.0,133.0,596.0
               Nana,1990,10,18,12,25.0,-64.2,hurricane,1.0,75,994,257,51,0,NANA,AL161990,1990-10-18 12:00:00,1990-10-18 12:00:00,281.0,41.0,218.0,50.0,464.0,130.0,694.0
               Nana,1990,10,18,18,26.1,-64.9,hurricane,1.0,70,994,251,55,0,NANA,AL161990,1990-10-18 18:00:00,1990-10-18 18:00:00,278.0,32.0,258.0,47.0,480.0,126.0,818.0
               Nana,1990,10,19,0,27.1,-65.7,hurricane,1.0,65,993,270,43,0,NANA,AL161990,1990-10-19 00:00:00,1990-10-19 00:00:00,274.0,22.0,245.0,44.0,483.0,121.0,932.0
               Nana,1990,10,19,60,27.9,-66.3,hurricane,1.0,70,992,263,47,0,NANA,AL161990,1990-10-19 06:00:00,1990-10-19 06:00:00,274.0,17.0,207.0,49.0,462.0,117.0,988.0
               Nana,1990,10,19,12,28.5,-66.9,hurricane,1.0,75,989,259,47,0,NANA,AL161990,1990-10-19 12:00:00,1990-10-19 12:00:00,271.0,16.0,218.0,50.0,440.0,121.0,1008.0
               Nana,1990,10,19,18,28.9,-66.5,hurricane,1.0,70,991,261,47,0,NANA,AL161990,1990-10-19 18:00:00,1990-10-19 18:00:00,271.0,13.0,235.0,48.0,453.0,120.0,1067.0
                Bob,1991,8,17,18,29.0,-77.1,hurricane,1.0,65,986,196,54,0,BOB,AL031991,1991-08-17 18:00:00,1991-08-17 18:00:00,289.0,61.0,40.0,56.0,534.0,137.0,351.0
                Bob,1991,8,18,0,29.7,-77.0,hurricane,1.0,70,980,197,58,0,BOB,AL031991,1991-08-18 00:00:00,1991-08-18 00:00:00,289.0,57.0,93.0,58.0,542.0,137.0,378.0
                Bob,1991,8,18,60,30.5,-76.9,hurricane,1.0,75,979,205,62,0,BOB,AL031991,1991-08-18 06:00:00,1991-08-18 06:00:00,287.0,56.0,60.0,56.0,536.0,122.0,366.0
                Bob,1991,8,18,12,31.5,-76.6,hurricane,1.0,80,974,203,61,0,BOB,AL031991,1991-08-18 12:00:00,1991-08-18 12:00:00,286.0,54.0,134.0,54.0,538.0,113.0,299.0
                Bob,1991,8,18,18,33.0,-76.1,hurricane,2.0,85,965,203,62,0,BOB,AL031991,1991-08-18 18:00:00,1991-08-18 18:00:00,283.0,52.0,163.0,53.0,548.0,112.0,201.0
                Bob,1991,8,19,0,34.6,-75.3,hurricane,2.0,95,957,189,58,0,BOB,AL031991,1991-08-19 00:00:00,1991-08-19 00:00:00,277.0,55.0,281.0,59.0,531.0,69.0,101.0
                Bob,1991,8,19,60,36.5,-74.5,hurricane,3.0,100,950,190,59,1,BOB,AL031991,1991-08-19 06:00:00,1991-08-19 06:00:00,266.0,27.0,416.0,57.0,488.0,25.0,123.0
                Bob,1991,8,19,12,38.9,-73.0,hurricane,2.0,95,953,614,179,0,BOB,AL031991,1991-08-19 12:00:00,1991-08-19 12:00:00,249.0,0.0,466.0,52.0,495.0,0.0,134.0
                Bob,1991,8,19,18,41.4,-71.4,hurricane,2.0,85,964,623,154,0,BOB,AL031991,1991-08-19 18:00:00,1991-08-19 18:00:00,213.0,0.0,402.0,52.0,451.0,0.0,7.0
          Claudette,1991,9,6,12,26.2,-58.8,hurricane,1.0,75,979,218,60,0,CLAUDETTE,AL061991,1991-09-06 12:00:00,1991-09-06 12:00:00,285.0,39.0,58.0,38.0,513.0,151.0,979.0
          Claudette,1991,9,6,18,26.4,-59.7,hurricane,2.0,95,965,214,67,0,CLAUDETTE,AL061991,1991-09-06 18:00:00,1991-09-06 18:00:00,286.0,37.0,1.0,35.0,524.0,154.0,963.0
          Claudette,1991,9,7,0,26.6,-60.3,hurricane,3.0,105,953,213,67,1,CLAUDETTE,AL061991,1991-09-07 00:00:00,1991-09-07 00:00:00,286.0,34.0,24.0,36.0,519.0,142.0,964.0
          Claudette,1991,9,7,60,26.8,-61.0,hurricane,3.0,110,946,214,67,1,CLAUDETTE,AL061991,1991-09-07 06:00:00,1991-09-07 06:00:00,286.0,30.0,40.0,40.0,488.0,135.0,957.0
          Claudette,1991,9,7,12,27.2,-61.7,hurricane,4.0,115,946,212,65,1,CLAUDETTE,AL061991,1991-09-07 12:00:00,1991-09-07 12:00:00,286.0,30.0,97.0,39.0,486.0,130.0,976.0
          Claudette,1991,9,7,18,27.7,-62.4,hurricane,3.0,100,960,212,67,1,CLAUDETTE,AL061991,1991-09-07 18:00:00,1991-09-07 18:00:00,286.0,29.0,72.0,45.0,498.0,126.0,1013.0
          Claudette,1991,9,8,0,28.4,-62.8,hurricane,2.0,90,962,218,64,0,CLAUDETTE,AL061991,1991-09-08 00:00:00,1991-09-08 00:00:00,284.0,28.0,141.0,47.0,480.0,119.0,1083.0
          Claudette,1991,9,8,60,29.2,-63.1,hurricane,2.0,85,964,218,64,0,CLAUDETTE,AL061991,1991-09-08 06:00:00,1991-09-08 06:00:00,283.0,28.0,213.0,49.0,487.0,112.0,1167.0
          Claudette,1991,9,8,12,30.0,-63.3,hurricane,2.0,85,966,214,64,0,CLAUDETTE,AL061991,1991-09-08 12:00:00,1991-09-08 12:00:00,281.0,27.0,247.0,43.0,500.0,109.0,1254.0
          Claudette,1991,9,8,18,31.0,-63.2,hurricane,1.0,80,967,206,60,0,CLAUDETTE,AL061991,1991-09-08 18:00:00,1991-09-08 18:00:00,278.0,22.0,295.0,42.0,509.0,111.0,1273.0
          Claudette,1991,9,9,0,31.9,-62.5,hurricane,1.0,80,972,213,61,0,CLAUDETTE,AL061991,1991-09-09 00:00:00,1991-09-09 00:00:00,278.0,17.0,329.0,42.0,485.0,111.0,1274.0
          Claudette,1991,9,9,60,32.9,-61.4,hurricane,1.0,75,976,224,58,0,CLAUDETTE,AL061991,1991-09-09 06:00:00,1991-09-09 06:00:00,274.0,15.0,317.0,44.0,452.0,105.0,1235.0
          Claudette,1991,9,9,12,33.8,-60.5,hurricane,1.0,75,980,222,58,0,CLAUDETTE,AL061991,1991-09-09 12:00:00,1991-09-09 12:00:00,271.0,9.0,287.0,42.0,460.0,101.0,1166.0
          Claudette,1991,9,9,18,34.2,-59.0,hurricane,1.0,75,984,220,58,0,CLAUDETTE,AL061991,1991-09-09 18:00:00,1991-09-09 18:00:00,268.0,7.0,188.0,41.0,454.0,95.0,1180.0
          Claudette,1991,9,10,0,34.3,-57.4,hurricane,1.0,70,988,236,56,0,CLAUDETTE,AL061991,1991-09-10 00:00:00,1991-09-10 00:00:00,268.0,5.0,157.0,42.0,447.0,96.0,1242.0
              Grace,1991,10,28,0,31.6,-68.1,hurricane,1.0,65,985,746,164,0,GRACE,AL111991,1991-10-28 00:00:00,1991-10-28 00:00:00,253.0,0.0,142.0,48.0,478.0,77.0,837.0
              Grace,1991,10,28,60,32.2,-68.5,hurricane,1.0,65,983,746,166,0,GRACE,AL111991,1991-10-28 06:00:00,1991-10-28 06:00:00,247.0,0.0,158.0,44.0,467.0,79.0,769.0
              Grace,1991,10,28,12,32.3,-68.5,hurricane,1.0,65,983,746,165,0,GRACE,AL111991,1991-10-28 12:00:00,1991-10-28 12:00:00,247.0,0.0,255.0,46.0,466.0,84.0,763.0
              Grace,1991,10,28,18,32.4,-67.8,hurricane,1.0,65,982,756,166,0,GRACE,AL111991,1991-10-28 18:00:00,1991-10-28 18:00:00,249.0,0.0,323.0,43.0,462.0,87.0,815.0
              Grace,1991,10,29,0,31.8,-66.8,hurricane,1.0,70,980,782,159,0,GRACE,AL111991,1991-10-29 00:00:00,1991-10-29 00:00:00,253.0,0.0,338.0,43.0,472.0,93.0,930.0
             Andrew,1992,8,22,60,25.6,-67.0,hurricane,1.0,65,994,218,57,0,ANDREW,AL041992,1992-08-22 06:00:00,1992-08-22 06:00:00,289.0,46.0,31.0,49.0,449.0,143.0,727.0
             Andrew,1992,8,22,12,25.8,-68.3,hurricane,1.0,80,981,216,65,0,ANDREW,AL041992,1992-08-22 12:00:00,1992-08-22 12:00:00,290.0,46.0,56.0,47.0,468.0,144.0,691.0
             Andrew,1992,8,22,18,25.7,-69.7,hurricane,2.0,95,969,295,93,0,ANDREW,AL041992,1992-08-22 18:00:00,1992-08-22 18:00:00,290.0,42.0,82.0,46.0,472.0,147.0,592.0
             Andrew,1992,8,23,0,25.6,-71.1,hurricane,3.0,110,961,223,64,1,ANDREW,AL041992,1992-08-23 00:00:00,1992-08-23 00:00:00,290.0,41.0,63.0,48.0,457.0,150.0,514.0
             Andrew,1992,8,23,60,25.5,-72.5,hurricane,4.0,130,947,215,66,1,ANDREW,AL041992,1992-08-23 06:00:00,1992-08-23 06:00:00,290.0,50.0,21.0,52.0,457.0,148.0,468.0
             Andrew,1992,8,23,12,25.4,-74.2,hurricane,5.0,145,933,219,65,1,ANDREW,AL041992,1992-08-23 12:00:00,1992-08-23 12:00:00,291.0,54.0,23.0,53.0,462.0,150.0,366.0
             Andrew,1992,8,23,18,25.4,-75.8,hurricane,5.0,150,922,219,66,1,ANDREW,AL041992,1992-08-23 18:00:00,1992-08-23 18:00:00,293.0,72.0,28.0,51.0,481.0,152.0,212.0
             Andrew,1992,8,24,0,25.4,-77.5,hurricane,4.0,125,930,330,133,1,ANDREW,AL041992,1992-08-24 00:00:00,1992-08-24 00:00:00,295.0,95.0,48.0,53.0,490.0,150.0,57.0
             Andrew,1992,8,24,60,25.4,-79.3,hurricane,4.0,130,937,311,129,1,ANDREW,AL041992,1992-08-24 06:00:00,1992-08-24 06:00:00,296.0,92.0,10.0,57.0,506.0,142.0,100.0
             Andrew,1992,8,24,18,25.8,-83.1,hurricane,4.0,115,947,290,106,1,ANDREW,AL041992,1992-08-24 18:00:00,1992-08-24 18:00:00,298.0,44.0,12.0,50.0,519.0,140.0,135.0
             Andrew,1992,8,25,0,26.2,-85.0,hurricane,4.0,115,943,287,100,1,ANDREW,AL041992,1992-08-25 00:00:00,1992-08-25 00:00:00,297.0,62.0,21.0,55.0,519.0,146.0,271.0
             Andrew,1992,8,25,60,26.6,-86.7,hurricane,4.0,115,948,299,112,1,ANDREW,AL041992,1992-08-25 06:00:00,1992-08-25 06:00:00,296.0,86.0,4.0,54.0,518.0,132.0,363.0
             Andrew,1992,8,25,12,27.2,-88.2,hurricane,4.0,120,946,296,110,1,ANDREW,AL041992,1992-08-25 12:00:00,1992-08-25 12:00:00,296.0,70.0,60.0,51.0,527.0,131.0,225.0
             Andrew,1992,8,25,18,27.8,-89.6,hurricane,4.0,125,941,294,114,1,ANDREW,AL041992,1992-08-25 18:00:00,1992-08-25 18:00:00,297.0,58.0,120.0,54.0,541.0,139.0,145.0
             Andrew,1992,8,26,0,28.5,-90.5,hurricane,4.0,125,937,296,118,1,ANDREW,AL041992,1992-08-26 00:00:00,1992-08-26 00:00:00,296.0,53.0,142.0,54.0,532.0,144.0,72.0
             Andrew,1992,8,26,60,29.2,-91.3,hurricane,4.0,120,955,296,109,1,ANDREW,AL041992,1992-08-26 06:00:00,1992-08-26 06:00:00,296.0,47.0,135.0,58.0,525.0,122.0,22.0
             Bonnie,1992,9,18,18,34.3,-58.1,hurricane,1.0,65,988,262,48,0,BONNIE,AL051992,1992-09-18 18:00:00,1992-09-18 18:00:00,265.0,2.0,51.0,31.0,378.0,135.0,1209.0
             Bonnie,1992,9,19,0,34.2,-57.8,hurricane,1.0,75,980,227,63,0,BONNIE,AL051992,1992-09-19 00:00:00,1992-09-19 00:00:00,265.0,3.0,37.0,33.0,386.0,131.0,1233.0
             Bonnie,1992,9,19,60,34.4,-57.4,hurricane,1.0,80,976,192,62,0,BONNIE,AL051992,1992-09-19 06:00:00,1992-09-19 06:00:00,265.0,1.0,42.0,35.0,398.0,126.0,1233.0
             Bonnie,1992,9,19,12,34.7,-57.1,hurricane,2.0,85,973,175,46,0,BONNIE,AL051992,1992-09-19 12:00:00,1992-09-19 12:00:00,265.0,1.0,37.0,36.0,403.0,125.0,1217.0
             Bonnie,1992,9,19,18,35.2,-56.8,hurricane,2.0,90,970,188,59,0,BONNIE,AL051992,1992-09-19 18:00:00,1992-09-19 18:00:00,262.0,0.0,95.0,38.0,416.0,121.0,1174.0
             Bonnie,1992,9,20,0,35.6,-56.6,hurricane,2.0,90,970,195,60,0,BONNIE,AL051992,1992-09-20 00:00:00,1992-09-20 00:00:00,261.0,0.0,72.0,41.0,398.0,116.0,1137.0
             Bonnie,1992,9,20,60,36.1,-56.2,hurricane,2.0,85,973,186,50,0,BONNIE,AL051992,1992-09-20 06:00:00,1992-09-20 06:00:00,259.0,0.0,114.0,45.0,395.0,110.0,1098.0
             Bonnie,1992,9,20,12,36.5,-56.0,hurricane,2.0,85,974,186,49,0,BONNIE,AL051992,1992-09-20 12:00:00,1992-09-20 12:00:00,258.0,0.0,146.0,43.0,396.0,110.0,1064.0
             Bonnie,1992,9,20,18,36.8,-55.5,hurricane,2.0,85,973,188,60,0,BONNIE,AL051992,1992-09-20 18:00:00,1992-09-20 18:00:00,258.0,0.0,124.0,49.0,395.0,110.0,1052.0
             Bonnie,1992,9,21,0,37.0,-54.6,hurricane,2.0,90,972,186,50,0,BONNIE,AL051992,1992-09-21 00:00:00,1992-09-21 00:00:00,257.0,0.0,126.0,47.0,385.0,109.0,1070.0
             Bonnie,1992,9,21,60,37.2,-53.8,hurricane,2.0,90,970,192,59,0,BONNIE,AL051992,1992-09-21 06:00:00,1992-09-21 06:00:00,256.0,0.0,158.0,46.0,409.0,107.0,1046.0
             Bonnie,1992,9,21,12,37.3,-53.0,hurricane,2.0,90,968,193,61,0,BONNIE,AL051992,1992-09-21 12:00:00,1992-09-21 12:00:00,256.0,0.0,161.0,42.0,393.0,109.0,1036.0
             Bonnie,1992,9,21,18,37.5,-52.3,hurricane,2.0,95,965,179,46,0,BONNIE,AL051992,1992-09-21 18:00:00,1992-09-21 18:00:00,256.0,0.0,197.0,44.0,404.0,109.0,1018.0
             Bonnie,1992,9,22,0,37.7,-51.5,hurricane,2.0,95,966,187,49,0,BONNIE,AL051992,1992-09-22 00:00:00,1992-09-22 00:00:00,255.0,0.0,217.0,42.0,397.0,106.0,1002.0
             Bonnie,1992,9,22,60,37.7,-51.2,hurricane,2.0,95,967,186,48,0,BONNIE,AL051992,1992-09-22 06:00:00,1992-09-22 06:00:00,255.0,0.0,210.0,43.0,400.0,106.0,1006.0
             Bonnie,1992,9,22,12,37.8,-51.0,hurricane,2.0,90,968,204,62,0,BONNIE,AL051992,1992-09-22 12:00:00,1992-09-22 12:00:00,254.0,0.0,294.0,42.0,402.0,108.0,998.0
             Bonnie,1992,9,22,18,37.8,-50.9,hurricane,2.0,90,969,203,63,0,BONNIE,AL051992,1992-09-22 18:00:00,1992-09-22 18:00:00,254.0,0.0,333.0,46.0,411.0,108.0,999.0
             Bonnie,1992,9,23,0,37.7,-50.7,hurricane,2.0,90,970,180,46,0,BONNIE,AL051992,1992-09-23 00:00:00,1992-09-23 00:00:00,254.0,0.0,266.0,48.0,406.0,102.0,1013.0
             Bonnie,1992,9,23,60,37.6,-50.7,hurricane,2.0,85,972,197,62,0,BONNIE,AL051992,1992-09-23 06:00:00,1992-09-23 06:00:00,254.0,0.0,205.0,45.0,417.0,104.0,1024.0
             Bonnie,1992,9,23,12,37.6,-50.8,hurricane,2.0,85,974,183,47,0,BONNIE,AL051992,1992-09-23 12:00:00,1992-09-23 12:00:00,254.0,0.0,199.0,45.0,396.0,101.0,1022.0
             Bonnie,1992,9,23,18,37.5,-51.0,hurricane,1.0,80,977,181,49,0,BONNIE,AL051992,1992-09-23 18:00:00,1992-09-23 18:00:00,254.0,0.0,211.0,46.0,397.0,105.0,1031.0
             Bonnie,1992,9,24,0,37.5,-51.1,hurricane,1.0,75,979,515,133,0,BONNIE,AL051992,1992-09-24 00:00:00,1992-09-24 00:00:00,254.0,0.0,193.0,47.0,394.0,104.0,1029.0
             Bonnie,1992,9,24,60,37.5,-51.2,hurricane,1.0,70,983,559,132,0,BONNIE,AL051992,1992-09-24 06:00:00,1992-09-24 06:00:00,254.0,0.0,210.0,46.0,400.0,105.0,1028.0
             Bonnie,1992,9,24,12,37.4,-51.4,hurricane,1.0,65,987,252,57,0,BONNIE,AL051992,1992-09-24 12:00:00,1992-09-24 12:00:00,254.0,0.0,191.0,49.0,398.0,109.0,1036.0
            Charley,1992,9,23,12,34.7,-34.5,hurricane,1.0,65,987,255,59,0,CHARLEY,AL061992,1992-09-23 12:00:00,1992-09-23 12:00:00,251.0,0.0,160.0,44.0,382.0,115.0,2053.0
            Charley,1992,9,23,18,35.2,-34.6,hurricane,1.0,75,981,243,62,0,CHARLEY,AL061992,1992-09-23 18:00:00,1992-09-23 18:00:00,247.0,0.0,106.0,47.0,385.0,115.0,2006.0
            Charley,1992,9,24,0,35.6,-34.6,hurricane,2.0,85,975,212,61,0,CHARLEY,AL061992,1992-09-24 00:00:00,1992-09-24 00:00:00,247.0,0.0,104.0,48.0,391.0,106.0,1974.0
            Charley,1992,9,24,60,35.8,-34.5,hurricane,2.0,90,970,215,60,0,CHARLEY,AL061992,1992-09-24 06:00:00,1992-09-24 06:00:00,247.0,0.0,115.0,44.0,394.0,104.0,1965.0
            Charley,1992,9,24,12,36.0,-34.3,hurricane,2.0,90,967,214,59,0,CHARLEY,AL061992,1992-09-24 12:00:00,1992-09-24 12:00:00,242.0,0.0,77.0,40.0,393.0,98.0,1962.0
            Charley,1992,9,24,18,36.1,-34.1,hurricane,2.0,95,965,192,54,0,CHARLEY,AL061992,1992-09-24 18:00:00,1992-09-24 18:00:00,242.0,0.0,61.0,42.0,385.0,99.0,1968.0
            Charley,1992,9,25,0,36.1,-33.8,hurricane,2.0,95,967,193,55,0,CHARLEY,AL061992,1992-09-25 00:00:00,1992-09-25 00:00:00,240.0,0.0,72.0,40.0,380.0,97.0,1988.0
            Charley,1992,9,25,60,36.0,-33.6,hurricane,2.0,90,970,214,60,0,CHARLEY,AL061992,1992-09-25 06:00:00,1992-09-25 06:00:00,240.0,0.0,82.0,41.0,384.0,91.0,2009.0
            Charley,1992,9,25,12,35.9,-33.4,hurricane,2.0,85,973,212,60,0,CHARLEY,AL061992,1992-09-25 12:00:00,1992-09-25 12:00:00,245.0,0.0,126.0,45.0,376.0,90.0,2030.0
            Charley,1992,9,25,18,35.9,-33.2,hurricane,1.0,75,976,239,62,0,CHARLEY,AL061992,1992-09-25 18:00:00,1992-09-25 18:00:00,245.0,0.0,125.0,49.0,376.0,96.0,2043.0
            Charley,1992,9,26,0,35.9,-32.8,hurricane,1.0,70,979,237,61,0,CHARLEY,AL061992,1992-09-26 00:00:00,1992-09-26 00:00:00,243.0,0.0,194.0,50.0,372.0,81.0,2052.0
            Charley,1992,9,26,60,36.1,-32.3,hurricane,1.0,65,980,233,57,0,CHARLEY,AL061992,1992-09-26 06:00:00,1992-09-26 06:00:00,239.0,0.0,230.0,47.0,342.0,77.0,2023.0
            Charley,1992,9,26,12,36.3,-31.5,hurricane,1.0,65,980,237,56,0,CHARLEY,AL061992,1992-09-26 12:00:00,1992-09-26 12:00:00,237.0,0.0,215.0,52.0,323.0,71.0,1960.0
            Charley,1992,9,26,18,36.6,-30.6,hurricane,1.0,65,980,235,55,0,CHARLEY,AL061992,1992-09-26 18:00:00,1992-09-26 18:00:00,236.0,0.0,233.0,51.0,326.0,68.0,1873.0
            Frances,1992,10,23,18,28.7,-61.1,hurricane,1.0,65,986,307,45,0,FRANCES,AL101992,1992-10-23 18:00:00,1992-10-23 18:00:00,269.0,10.0,309.0,37.0,373.0,134.0,1153.0
            Frances,1992,10,24,0,29.0,-60.6,hurricane,1.0,65,978,315,44,0,FRANCES,AL101992,1992-10-24 00:00:00,1992-10-24 00:00:00,264.0,8.0,294.0,35.0,359.0,111.0,1200.0
            Frances,1992,10,24,60,29.6,-59.9,hurricane,1.0,70,977,302,46,0,FRANCES,AL101992,1992-10-24 06:00:00,1992-10-24 06:00:00,264.0,5.0,287.0,33.0,373.0,103.0,1286.0
            Frances,1992,10,24,12,30.6,-58.8,hurricane,1.0,75,976,294,53,0,FRANCES,AL101992,1992-10-24 12:00:00,1992-10-24 12:00:00,260.0,0.0,300.0,33.0,376.0,100.0,1430.0
            Frances,1992,10,24,18,32.1,-57.4,hurricane,1.0,75,976,316,65,0,FRANCES,AL101992,1992-10-24 18:00:00,1992-10-24 18:00:00,252.0,0.0,310.0,35.0,375.0,86.0,1456.0
            Frances,1992,10,25,0,33.8,-56.2,hurricane,1.0,70,978,466,103,0,FRANCES,AL101992,1992-10-25 00:00:00,1992-10-25 00:00:00,247.0,0.0,300.0,35.0,400.0,87.0,1339.0
            Frances,1992,10,25,60,35.7,-54.9,hurricane,1.0,65,980,546,119,0,FRANCES,AL101992,1992-10-25 06:00:00,1992-10-25 06:00:00,241.0,0.0,344.0,40.0,407.0,96.0,1186.0
            Frances,1992,10,25,12,37.7,-53.7,hurricane,1.0,65,982,568,119,0,FRANCES,AL101992,1992-10-25 12:00:00,1992-10-25 12:00:00,238.0,0.0,359.0,45.0,383.0,72.0,991.0
              Emily,1993,8,26,18,26.9,-61.7,hurricane,1.0,65,1004,213,56,0,EMILY,AL051993,1993-08-26 18:00:00,1993-08-26 18:00:00,287.0,30.0,154.0,44.0,419.0,157.0,944.0
              Emily,1993,8,27,18,26.4,-64.4,hurricane,1.0,65,982,208,57,0,EMILY,AL051993,1993-08-27 18:00:00,1993-08-27 18:00:00,288.0,35.0,108.0,41.0,472.0,151.0,849.0
              Emily,1993,8,28,0,26.6,-65.2,hurricane,1.0,75,981,219,67,0,EMILY,AL051993,1993-08-28 00:00:00,1993-08-28 00:00:00,289.0,35.0,33.0,41.0,475.0,151.0,876.0
              Emily,1993,8,28,60,27.0,-66.1,hurricane,1.0,75,982,218,68,0,EMILY,AL051993,1993-08-28 06:00:00,1993-08-28 06:00:00,288.0,34.0,46.0,44.0,474.0,144.0,906.0
              Emily,1993,8,28,12,27.4,-66.9,hurricane,1.0,75,981,221,67,0,EMILY,AL051993,1993-08-28 12:00:00,1993-08-28 12:00:00,288.0,34.0,37.0,43.0,479.0,140.0,915.0
              Emily,1993,8,28,18,28.0,-67.6,hurricane,1.0,75,976,226,67,0,EMILY,AL051993,1993-08-28 18:00:00,1993-08-28 18:00:00,286.0,33.0,64.0,43.0,491.0,136.0,922.0
              Emily,1993,8,29,0,28.6,-68.2,hurricane,1.0,70,973,222,64,0,EMILY,AL051993,1993-08-29 00:00:00,1993-08-29 00:00:00,286.0,33.0,52.0,44.0,482.0,132.0,943.0
              Emily,1993,8,29,60,29.3,-68.8,hurricane,1.0,70,978,218,63,0,EMILY,AL051993,1993-08-29 06:00:00,1993-08-29 06:00:00,284.0,30.0,91.0,46.0,491.0,123.0,945.0
              Emily,1993,8,29,12,30.0,-69.2,hurricane,1.0,70,979,222,64,0,EMILY,AL051993,1993-08-29 12:00:00,1993-08-29 12:00:00,281.0,27.0,175.0,44.0,492.0,118.0,865.0
              Emily,1993,8,29,18,30.6,-69.7,hurricane,1.0,70,978,218,63,0,EMILY,AL051993,1993-08-29 18:00:00,1993-08-29 18:00:00,281.0,25.0,144.0,46.0,504.0,117.0,785.0
              Emily,1993,8,30,0,31.2,-70.2,hurricane,1.0,70,977,220,66,0,EMILY,AL051993,1993-08-30 00:00:00,1993-08-30 00:00:00,277.0,24.0,119.0,46.0,506.0,118.0,707.0
              Emily,1993,8,30,60,31.5,-70.8,hurricane,1.0,70,976,220,65,0,EMILY,AL051993,1993-08-30 06:00:00,1993-08-30 06:00:00,277.0,24.0,161.0,47.0,509.0,114.0,641.0
              Emily,1993,8,30,12,31.8,-71.4,hurricane,1.0,75,975,226,66,0,EMILY,AL051993,1993-08-30 12:00:00,1993-08-30 12:00:00,277.0,24.0,96.0,47.0,495.0,119.0,576.0
              Emily,1993,8,30,18,32.0,-72.2,hurricane,1.0,75,974,237,66,0,EMILY,AL051993,1993-08-30 18:00:00,1993-08-30 18:00:00,277.0,25.0,97.0,43.0,510.0,126.0,503.0
              Emily,1993,8,31,0,32.4,-73.0,hurricane,1.0,80,972,248,68,0,EMILY,AL051993,1993-08-31 00:00:00,1993-08-31 00:00:00,277.0,28.0,42.0,41.0,498.0,131.0,416.0
              Emily,1993,8,31,60,32.9,-73.8,hurricane,2.0,85,970,339,110,0,EMILY,AL051993,1993-08-31 06:00:00,1993-08-31 06:00:00,278.0,30.0,86.0,41.0,478.0,119.0,323.0
              Emily,1993,8,31,12,33.6,-74.7,hurricane,2.0,95,965,334,113,0,EMILY,AL051993,1993-08-31 12:00:00,1993-08-31 12:00:00,278.0,31.0,100.0,41.0,473.0,106.0,209.0
              Emily,1993,8,31,18,34.5,-75.2,hurricane,3.0,100,962,349,111,1,EMILY,AL051993,1993-08-31 18:00:00,1993-08-31 18:00:00,274.0,43.0,37.0,44.0,471.0,89.0,114.0
              Emily,1993,9,1,0,35.6,-74.9,hurricane,3.0,100,960,192,59,1,EMILY,AL051993,1993-09-01 00:00:00,1993-09-01 00:00:00,269.0,47.0,76.0,47.0,457.0,70.0,75.0
              Emily,1993,9,1,60,36.6,-74.4,hurricane,3.0,100,962,193,63,1,EMILY,AL051993,1993-09-01 06:00:00,1993-09-01 06:00:00,260.0,20.0,154.0,46.0,457.0,66.0,134.0
              Emily,1993,9,1,12,37.5,-72.7,hurricane,2.0,95,965,194,63,0,EMILY,AL051993,1993-09-01 12:00:00,1993-09-01 12:00:00,257.0,22.0,224.0,44.0,466.0,42.0,231.0
              Emily,1993,9,1,18,38.2,-70.7,hurricane,2.0,90,969,200,64,0,EMILY,AL051993,1993-09-01 18:00:00,1993-09-01 18:00:00,252.0,31.0,254.0,44.0,453.0,69.0,330.0
              Emily,1993,9,2,0,39.0,-68.5,hurricane,2.0,90,971,398,102,0,EMILY,AL051993,1993-09-02 00:00:00,1993-09-02 00:00:00,233.0,11.0,222.0,45.0,476.0,91.0,323.0
              Emily,1993,9,2,60,39.2,-66.0,hurricane,2.0,90,972,401,97,0,EMILY,AL051993,1993-09-02 06:00:00,1993-09-02 06:00:00,248.0,12.0,240.0,44.0,459.0,87.0,434.0
              Emily,1993,9,2,12,39.2,-63.6,hurricane,2.0,90,973,408,99,0,EMILY,AL051993,1993-09-02 12:00:00,1993-09-02 12:00:00,259.0,13.0,218.0,40.0,458.0,82.0,508.0
              Emily,1993,9,2,18,39.0,-61.4,hurricane,2.0,85,974,408,98,0,EMILY,AL051993,1993-09-02 18:00:00,1993-09-02 18:00:00,260.0,8.0,218.0,37.0,459.0,84.0,609.0
              Emily,1993,9,3,0,38.6,-59.6,hurricane,1.0,80,975,418,96,0,EMILY,AL051993,1993-09-03 00:00:00,1993-09-03 00:00:00,264.0,1.0,225.0,38.0,440.0,83.0,729.0
              Emily,1993,9,3,60,38.1,-58.3,hurricane,1.0,75,979,218,60,0,EMILY,AL051993,1993-09-03 06:00:00,1993-09-03 06:00:00,264.0,0.0,201.0,39.0,417.0,85.0,825.0
              Emily,1993,9,3,12,37.5,-57.7,hurricane,1.0,70,985,225,56,0,EMILY,AL051993,1993-09-03 12:00:00,1993-09-03 12:00:00,264.0,0.0,172.0,37.0,432.0,83.0,905.0
              Floyd,1993,9,9,18,41.7,-58.3,hurricane,1.0,65,990,330,52,0,FLOYD,AL071993,1993-09-09 18:00:00,1993-09-09 18:00:00,233.0,0.0,501.0,56.0,451.0,0.0,458.0
              Floyd,1993,9,10,0,43.8,-53.9,hurricane,1.0,65,990,498,89,0,FLOYD,AL071993,1993-09-10 00:00:00,1993-09-10 00:00:00,191.0,0.0,522.0,54.0,408.0,9.0,314.0
               Gert,1993,9,20,60,21.1,-95.0,hurricane,1.0,65,982,220,55,0,GERT,AL081993,1993-09-20 06:00:00,1993-09-20 06:00:00,294.0,37.0,102.0,74.0,631.0,124.0,203.0
               Gert,1993,9,20,12,21.2,-95.9,hurricane,1.0,80,978,233,63,0,GERT,AL081993,1993-09-20 12:00:00,1993-09-20 12:00:00,293.0,40.0,104.0,75.0,650.0,117.0,136.0
               Gert,1993,9,20,18,21.3,-97.0,hurricane,2.0,85,970,236,68,0,GERT,AL081993,1993-09-20 18:00:00,1993-09-20 18:00:00,292.0,42.0,102.0,78.0,648.0,125.0,40.0
             Harvey,1993,9,20,18,35.6,-55.2,hurricane,1.0,65,990,237,53,0,HARVEY,AL091993,1993-09-20 18:00:00,1993-09-20 18:00:00,260.0,0.0,248.0,32.0,449.0,83.0,1184.0
              Chris,1994,8,18,60,14.5,-46.8,hurricane,1.0,65,987,185,37,0,CHRIS,AL041994,1994-08-18 06:00:00,1994-08-18 06:00:00,273.0,35.0,48.0,59.0,549.0,118.0,1209.0
              Chris,1994,8,18,12,15.2,-48.0,hurricane,1.0,65,987,200,37,0,CHRIS,AL041994,1994-08-18 12:00:00,1994-08-18 12:00:00,273.0,37.0,149.0,56.0,539.0,119.0,1211.0
              Chris,1994,8,18,18,16.0,-49.3,hurricane,1.0,65,987,201,37,0,CHRIS,AL041994,1994-08-18 18:00:00,1994-08-18 18:00:00,274.0,41.0,201.0,56.0,538.0,121.0,1134.0
              Chris,1994,8,19,0,17.0,-50.6,hurricane,1.0,70,985,214,45,0,CHRIS,AL041994,1994-08-19 00:00:00,1994-08-19 00:00:00,275.0,42.0,198.0,57.0,560.0,122.0,1039.0
              Chris,1994,8,19,60,18.0,-51.9,hurricane,1.0,70,979,217,45,0,CHRIS,AL041994,1994-08-19 06:00:00,1994-08-19 06:00:00,276.0,44.0,207.0,54.0,562.0,122.0,969.0
              Chris,1994,8,19,12,19.0,-53.2,hurricane,1.0,70,979,218,47,0,CHRIS,AL041994,1994-08-19 12:00:00,1994-08-19 12:00:00,278.0,45.0,262.0,52.0,553.0,123.0,914.0
              Chris,1994,8,19,18,20.1,-54.4,hurricane,1.0,70,980,218,50,0,CHRIS,AL041994,1994-08-19 18:00:00,1994-08-19 18:00:00,279.0,46.0,243.0,53.0,526.0,129.0,819.0
              Chris,1994,8,20,0,21.3,-55.6,hurricane,1.0,65,984,225,50,0,CHRIS,AL041994,1994-08-20 00:00:00,1994-08-20 00:00:00,281.0,43.0,263.0,52.0,504.0,133.0,761.0
           Florence,1994,11,4,18,28.1,-54.0,hurricane,1.0,65,990,234,47,0,FLORENCE,AL111994,1994-11-04 18:00:00,1994-11-04 18:00:00,261.0,4.0,110.0,39.0,438.0,129.0,1405.0
           Florence,1994,11,5,0,28.8,-54.6,hurricane,1.0,65,987,227,48,0,FLORENCE,AL111994,1994-11-05 00:00:00,1994-11-05 00:00:00,260.0,0.0,99.0,38.0,441.0,105.0,1437.0
           Florence,1994,11,5,60,29.4,-55.1,hurricane,1.0,65,986,240,51,0,FLORENCE,AL111994,1994-11-05 06:00:00,1994-11-05 06:00:00,257.0,0.0,40.0,38.0,432.0,102.0,1469.0
           Florence,1994,11,5,12,30.0,-55.7,hurricane,1.0,70,984,228,51,0,FLORENCE,AL111994,1994-11-05 12:00:00,1994-11-05 12:00:00,252.0,0.0,17.0,37.0,416.0,88.0,1496.0
           Florence,1994,11,5,18,30.6,-56.2,hurricane,1.0,75,981,228,55,0,FLORENCE,AL111994,1994-11-05 18:00:00,1994-11-05 18:00:00,252.0,0.0,59.0,37.0,418.0,82.0,1531.0
           Florence,1994,11,6,0,31.3,-56.7,hurricane,1.0,75,980,230,56,0,FLORENCE,AL111994,1994-11-06 00:00:00,1994-11-06 00:00:00,247.0,0.0,84.0,36.0,413.0,79.0,1566.0
           Florence,1994,11,6,60,32.0,-56.9,hurricane,1.0,75,980,235,56,0,FLORENCE,AL111994,1994-11-06 06:00:00,1994-11-06 06:00:00,243.0,0.0,79.0,36.0,381.0,75.0,1488.0
           Florence,1994,11,6,12,32.6,-57.0,hurricane,1.0,75,980,235,55,0,FLORENCE,AL111994,1994-11-06 12:00:00,1994-11-06 12:00:00,243.0,0.0,98.0,34.0,371.0,73.0,1425.0
           Florence,1994,11,6,18,33.0,-56.9,hurricane,1.0,65,982,244,50,0,FLORENCE,AL111994,1994-11-06 18:00:00,1994-11-06 18:00:00,239.0,0.0,127.0,35.0,379.0,73.0,1390.0
           Florence,1994,11,7,0,33.3,-56.5,hurricane,1.0,65,982,242,52,0,FLORENCE,AL111994,1994-11-07 00:00:00,1994-11-07 00:00:00,238.0,0.0,76.0,35.0,364.0,73.0,1381.0
           Florence,1994,11,7,60,33.7,-56.0,hurricane,1.0,70,981,250,53,0,FLORENCE,AL111994,1994-11-07 06:00:00,1994-11-07 06:00:00,238.0,0.0,112.0,39.0,346.0,74.0,1355.0
           Florence,1994,11,7,12,34.4,-54.8,hurricane,1.0,80,975,256,62,0,FLORENCE,AL111994,1994-11-07 12:00:00,1994-11-07 12:00:00,235.0,0.0,69.0,49.0,346.0,70.0,1321.0
           Florence,1994,11,7,18,35.4,-53.1,hurricane,2.0,90,972,264,68,0,FLORENCE,AL111994,1994-11-07 18:00:00,1994-11-07 18:00:00,232.0,0.0,28.0,51.0,329.0,67.0,1247.0
           Florence,1994,11,8,0,37.0,-49.9,hurricane,2.0,95,972,286,74,0,FLORENCE,AL111994,1994-11-08 00:00:00,1994-11-08 00:00:00,227.0,0.0,104.0,54.0,343.0,51.0,1104.0
           Florence,1994,11,8,60,39.2,-45.5,hurricane,2.0,95,974,430,109,0,FLORENCE,AL111994,1994-11-08 06:00:00,1994-11-08 06:00:00,215.0,0.0,121.0,43.0,357.0,37.0,1032.0
             Gordon,1994,11,17,18,31.5,-74.8,hurricane,1.0,65,981,257,51,0,GORDON,AL121994,1994-11-17 18:00:00,1994-11-17 18:00:00,244.0,0.0,336.0,48.0,482.0,78.0,397.0
             Gordon,1994,11,18,0,33.1,-74.2,hurricane,1.0,75,980,263,52,0,GORDON,AL121994,1994-11-18 00:00:00,1994-11-18 00:00:00,243.0,0.0,326.0,42.0,485.0,76.0,281.0
             Gordon,1994,11,18,60,33.5,-74.7,hurricane,1.0,70,981,268,51,0,GORDON,AL121994,1994-11-18 06:00:00,1994-11-18 06:00:00,243.0,0.0,226.0,38.0,464.0,78.0,216.0
             Gordon,1994,11,18,12,33.7,-75.7,hurricane,1.0,70,984,270,51,0,GORDON,AL121994,1994-11-18 12:00:00,1994-11-18 12:00:00,242.0,0.0,184.0,37.0,411.0,87.0,140.0
            Allison,1995,6,4,12,24.7,-86.2,hurricane,1.0,65,987,219,50,0,ALLISON,AL011995,1995-06-04 12:00:00,1995-06-04 12:00:00,279.0,51.0,300.0,56.0,589.0,142.0,314.0
            Allison,1995,6,4,18,26.2,-86.2,hurricane,1.0,65,988,215,51,0,ALLISON,AL011995,1995-06-04 18:00:00,1995-06-04 18:00:00,276.0,52.0,302.0,54.0,571.0,133.0,379.0
            Allison,1995,6,5,0,27.6,-86.1,hurricane,1.0,65,988,224,51,0,ALLISON,AL011995,1995-06-05 00:00:00,1995-06-05 00:00:00,273.0,31.0,254.0,54.0,534.0,129.0,247.0
               Erin,1995,8,1,0,23.6,-74.9,hurricane,1.0,70,992,233,54,0,ERIN,AL051995,1995-08-01 00:00:00,1995-08-01 00:00:00,289.0,57.0,289.0,55.0,597.0,152.0,267.0
               Erin,1995,8,1,60,24.3,-75.7,hurricane,1.0,75,988,222,56,0,ERIN,AL051995,1995-08-01 06:00:00,1995-08-01 06:00:00,291.0,59.0,279.0,55.0,576.0,145.0,189.0
               Erin,1995,8,1,12,25.5,-76.3,hurricane,1.0,75,985,211,58,0,ERIN,AL051995,1995-08-01 12:00:00,1995-08-01 12:00:00,292.0,70.0,274.0,54.0,552.0,140.0,172.0
               Erin,1995,8,1,18,26.3,-77.7,hurricane,1.0,75,980,209,59,0,ERIN,AL051995,1995-08-01 18:00:00,1995-08-01 18:00:00,291.0,77.0,204.0,52.0,544.0,143.0,130.0
               Erin,1995,8,2,0,26.9,-79.0,hurricane,1.0,75,982,213,59,0,ERIN,AL051995,1995-08-02 00:00:00,1995-08-02 00:00:00,292.0,81.0,123.0,57.0,543.0,150.0,104.0
               Erin,1995,8,2,60,27.7,-80.4,hurricane,1.0,75,985,202,60,0,ERIN,AL051995,1995-08-02 06:00:00,1995-08-02 06:00:00,292.0,47.0,72.0,55.0,548.0,145.0,1.0
               Erin,1995,8,3,0,28.8,-84.7,hurricane,1.0,65,985,224,54,0,ERIN,AL051995,1995-08-03 00:00:00,1995-08-03 00:00:00,296.0,31.0,156.0,59.0,566.0,161.0,106.0
               Erin,1995,8,3,60,29.3,-85.7,hurricane,1.0,70,979,200,57,0,ERIN,AL051995,1995-08-03 06:00:00,1995-08-03 06:00:00,295.0,32.0,136.0,60.0,557.0,152.0,60.0
               Erin,1995,8,3,12,29.8,-86.6,hurricane,1.0,80,974,337,115,0,ERIN,AL051995,1995-08-03 12:00:00,1995-08-03 12:00:00,295.0,34.0,124.0,58.0,564.0,148.0,62.0
              Felix,1995,8,11,0,18.9,-52.4,hurricane,1.0,65,987,200,40,0,FELIX,AL071995,1995-08-11 00:00:00,1995-08-11 00:00:00,276.0,40.0,82.0,62.0,584.0,135.0,985.0
              Felix,1995,8,11,60,19.6,-53.9,hurricane,1.0,70,980,220,45,0,FELIX,AL071995,1995-08-11 06:00:00,1995-08-11 06:00:00,277.0,44.0,59.0,60.0,592.0,134.0,854.0
              Felix,1995,8,11,12,20.4,-55.4,hurricane,1.0,80,972,240,55,0,FELIX,AL071995,1995-08-11 12:00:00,1995-08-11 12:00:00,280.0,44.0,80.0,59.0,600.0,135.0,733.0
              Felix,1995,8,11,18,21.3,-56.5,hurricane,2.0,90,965,231,62,0,FELIX,AL071995,1995-08-11 18:00:00,1995-08-11 18:00:00,281.0,43.0,55.0,56.0,607.0,134.0,683.0
              Felix,1995,8,12,0,22.1,-57.8,hurricane,3.0,100,955,220,59,1,FELIX,AL071995,1995-08-12 00:00:00,1995-08-12 00:00:00,281.0,42.0,43.0,53.0,621.0,134.0,643.0
              Felix,1995,8,12,60,22.9,-59.0,hurricane,3.0,110,943,224,59,1,FELIX,AL071995,1995-08-12 06:00:00,1995-08-12 06:00:00,282.0,35.0,20.0,57.0,609.0,129.0,648.0
              Felix,1995,8,12,12,23.6,-60.2,hurricane,4.0,115,932,224,59,1,FELIX,AL071995,1995-08-12 12:00:00,1995-08-12 12:00:00,284.0,36.0,81.0,56.0,620.0,128.0,657.0
              Felix,1995,8,12,18,24.3,-61.0,hurricane,4.0,120,929,224,59,1,FELIX,AL071995,1995-08-12 18:00:00,1995-08-12 18:00:00,285.0,38.0,191.0,55.0,626.0,129.0,699.0
              Felix,1995,8,13,0,25.1,-61.6,hurricane,4.0,115,930,216,64,1,FELIX,AL071995,1995-08-13 00:00:00,1995-08-13 00:00:00,286.0,41.0,233.0,53.0,634.0,125.0,759.0
              Felix,1995,8,13,60,25.9,-61.9,hurricane,3.0,105,937,219,61,1,FELIX,AL071995,1995-08-13 06:00:00,1995-08-13 06:00:00,286.0,37.0,235.0,50.0,626.0,126.0,832.0
              Felix,1995,8,13,12,26.6,-62.3,hurricane,3.0,100,942,218,61,1,FELIX,AL071995,1995-08-13 12:00:00,1995-08-13 12:00:00,287.0,35.0,227.0,48.0,627.0,127.0,896.0
              Felix,1995,8,13,18,27.4,-62.3,hurricane,2.0,95,947,219,61,0,FELIX,AL071995,1995-08-13 18:00:00,1995-08-13 18:00:00,286.0,31.0,248.0,48.0,596.0,128.0,983.0
              Felix,1995,8,14,0,28.2,-62.5,hurricane,2.0,90,948,216,62,0,FELIX,AL071995,1995-08-14 00:00:00,1995-08-14 00:00:00,286.0,29.0,218.0,53.0,576.0,131.0,1066.0
              Felix,1995,8,14,60,29.0,-62.9,hurricane,1.0,80,954,214,62,0,FELIX,AL071995,1995-08-14 06:00:00,1995-08-14 06:00:00,284.0,26.0,144.0,52.0,587.0,121.0,1147.0
              Felix,1995,8,14,12,29.9,-63.4,hurricane,1.0,80,962,208,61,0,FELIX,AL071995,1995-08-14 12:00:00,1995-08-14 12:00:00,284.0,23.0,208.0,48.0,579.0,116.0,1242.0
              Felix,1995,8,14,18,30.7,-64.1,hurricane,1.0,75,962,199,58,0,FELIX,AL071995,1995-08-14 18:00:00,1995-08-14 18:00:00,281.0,20.0,202.0,48.0,608.0,115.0,1214.0
              Felix,1995,8,15,0,31.3,-65.1,hurricane,1.0,75,962,200,59,0,FELIX,AL071995,1995-08-15 00:00:00,1995-08-15 00:00:00,280.0,17.0,204.0,51.0,608.0,111.0,1098.0
              Felix,1995,8,15,60,31.9,-66.2,hurricane,1.0,75,964,198,58,0,FELIX,AL071995,1995-08-15 06:00:00,1995-08-15 06:00:00,280.0,16.0,142.0,53.0,606.0,94.0,974.0
              Felix,1995,8,15,12,32.5,-67.4,hurricane,1.0,70,968,220,58,0,FELIX,AL071995,1995-08-15 12:00:00,1995-08-15 12:00:00,277.0,16.0,107.0,49.0,597.0,94.0,843.0
              Felix,1995,8,15,18,33.1,-68.8,hurricane,1.0,70,965,199,57,0,FELIX,AL071995,1995-08-15 18:00:00,1995-08-15 18:00:00,273.0,19.0,149.0,46.0,612.0,83.0,696.0
              Felix,1995,8,16,0,33.5,-70.1,hurricane,1.0,70,963,201,58,0,FELIX,AL071995,1995-08-16 00:00:00,1995-08-16 00:00:00,273.0,19.0,39.0,45.0,622.0,90.0,568.0
              Felix,1995,8,16,60,34.0,-71.3,hurricane,1.0,70,966,200,57,0,FELIX,AL071995,1995-08-16 06:00:00,1995-08-16 06:00:00,274.0,23.0,92.0,45.0,615.0,95.0,444.0
              Felix,1995,8,16,12,34.6,-72.4,hurricane,1.0,70,968,199,58,0,FELIX,AL071995,1995-08-16 12:00:00,1995-08-16 12:00:00,276.0,27.0,112.0,46.0,610.0,95.0,325.0
              Felix,1995,8,16,18,34.8,-72.7,hurricane,1.0,70,970,198,57,0,FELIX,AL071995,1995-08-16 18:00:00,1995-08-16 18:00:00,276.0,29.0,134.0,50.0,606.0,86.0,291.0
              Felix,1995,8,17,0,35.3,-72.9,hurricane,1.0,65,968,193,54,0,FELIX,AL071995,1995-08-17 00:00:00,1995-08-17 00:00:00,274.0,36.0,145.0,54.0,595.0,85.0,259.0
              Felix,1995,8,17,60,35.6,-72.9,hurricane,1.0,65,971,194,53,0,FELIX,AL071995,1995-08-17 06:00:00,1995-08-17 06:00:00,274.0,36.0,127.0,57.0,589.0,90.0,256.0
              Felix,1995,8,17,12,36.1,-72.7,hurricane,1.0,65,972,197,55,0,FELIX,AL071995,1995-08-17 12:00:00,1995-08-17 12:00:00,270.0,35.0,124.0,55.0,577.0,94.0,275.0
              Felix,1995,8,17,18,36.5,-72.2,hurricane,1.0,65,973,199,53,0,FELIX,AL071995,1995-08-17 18:00:00,1995-08-17 18:00:00,270.0,38.0,145.0,58.0,590.0,91.0,326.0
              Felix,1995,8,18,0,36.8,-71.5,hurricane,1.0,65,973,208,57,0,FELIX,AL071995,1995-08-18 00:00:00,1995-08-18 00:00:00,274.0,44.0,117.0,55.0,583.0,95.0,362.0
              Felix,1995,8,18,60,37.1,-70.7,hurricane,1.0,65,971,226,54,0,FELIX,AL071995,1995-08-18 06:00:00,1995-08-18 06:00:00,271.0,39.0,65.0,49.0,577.0,93.0,411.0
              Felix,1995,8,18,12,37.1,-69.9,hurricane,1.0,65,970,225,55,0,FELIX,AL071995,1995-08-18 12:00:00,1995-08-18 12:00:00,272.0,36.0,113.0,43.0,566.0,92.0,470.0
              Felix,1995,8,18,18,36.9,-68.9,hurricane,1.0,70,971,209,56,0,FELIX,AL071995,1995-08-18 18:00:00,1995-08-18 18:00:00,275.0,33.0,163.0,41.0,560.0,89.0,528.0
              Felix,1995,8,19,0,36.6,-68.1,hurricane,1.0,70,970,202,58,0,FELIX,AL071995,1995-08-19 00:00:00,1995-08-19 00:00:00,275.0,27.0,161.0,42.0,557.0,91.0,588.0
              Felix,1995,8,19,60,36.1,-67.8,hurricane,1.0,70,970,201,60,0,FELIX,AL071995,1995-08-19 06:00:00,1995-08-19 06:00:00,272.0,23.0,92.0,43.0,560.0,90.0,648.0
              Felix,1995,8,19,12,35.7,-67.5,hurricane,1.0,70,971,203,59,0,FELIX,AL071995,1995-08-19 12:00:00,1995-08-19 12:00:00,271.0,20.0,162.0,44.0,555.0,88.0,699.0
              Felix,1995,8,19,18,35.4,-67.4,hurricane,1.0,70,973,203,58,0,FELIX,AL071995,1995-08-19 18:00:00,1995-08-19 18:00:00,271.0,20.0,218.0,44.0,559.0,86.0,733.0
              Felix,1995,8,20,0,35.1,-67.5,hurricane,1.0,65,976,199,55,0,FELIX,AL071995,1995-08-20 00:00:00,1995-08-20 00:00:00,270.0,18.0,172.0,41.0,555.0,86.0,748.0
           Humberto,1995,8,23,60,14.9,-38.3,hurricane,1.0,65,987,183,40,0,HUMBERTO,AL091995,1995-08-23 06:00:00,1995-08-23 06:00:00,270.0,20.0,70.0,76.0,608.0,120.0,1855.0
           Humberto,1995,8,23,12,15.0,-39.2,hurricane,1.0,70,985,130,24,0,HUMBERTO,AL091995,1995-08-23 12:00:00,1995-08-23 12:00:00,268.0,20.0,99.0,76.0,596.0,125.0,1788.0
           Humberto,1995,8,23,18,15.1,-40.3,hurricane,1.0,75,982,169,36,0,HUMBERTO,AL091995,1995-08-23 18:00:00,1995-08-23 18:00:00,268.0,19.0,163.0,75.0,595.0,125.0,1709.0
           Humberto,1995,8,24,0,15.2,-41.0,hurricane,1.0,80,975,234,51,0,HUMBERTO,AL091995,1995-08-24 00:00:00,1995-08-24 00:00:00,268.0,20.0,127.0,74.0,593.0,128.0,1664.0
           Humberto,1995,8,24,60,15.3,-41.9,hurricane,2.0,85,973,245,59,0,HUMBERTO,AL091995,1995-08-24 06:00:00,1995-08-24 06:00:00,269.0,21.0,92.0,75.0,601.0,127.0,1608.0
           Humberto,1995,8,24,12,15.4,-42.6,hurricane,2.0,90,971,263,63,0,HUMBERTO,AL091995,1995-08-24 12:00:00,1995-08-24 12:00:00,270.0,21.0,155.0,74.0,599.0,127.0,1569.0
           Humberto,1995,8,24,18,15.7,-43.2,hurricane,2.0,95,968,264,69,0,HUMBERTO,AL091995,1995-08-24 18:00:00,1995-08-24 18:00:00,271.0,22.0,173.0,72.0,601.0,130.0,1555.0
           Humberto,1995,8,25,0,16.1,-43.8,hurricane,2.0,90,970,240,59,0,HUMBERTO,AL091995,1995-08-25 00:00:00,1995-08-25 00:00:00,270.0,24.0,170.0,71.0,606.0,138.0,1547.0
           Humberto,1995,8,25,60,16.7,-44.4,hurricane,2.0,90,970,242,60,0,HUMBERTO,AL091995,1995-08-25 06:00:00,1995-08-25 06:00:00,271.0,25.0,192.0,66.0,580.0,136.0,1558.0
           Humberto,1995,8,25,12,17.6,-45.1,hurricane,2.0,90,970,246,61,0,HUMBERTO,AL091995,1995-08-25 12:00:00,1995-08-25 12:00:00,271.0,25.0,188.0,61.0,588.0,137.0,1597.0
           Humberto,1995,8,25,18,18.5,-45.9,hurricane,2.0,90,970,246,63,0,HUMBERTO,AL091995,1995-08-25 18:00:00,1995-08-25 18:00:00,271.0,26.0,186.0,58.0,578.0,139.0,1563.0
           Humberto,1995,8,26,0,19.4,-46.6,hurricane,2.0,90,970,242,60,0,HUMBERTO,AL091995,1995-08-26 00:00:00,1995-08-26 00:00:00,272.0,27.0,167.0,54.0,577.0,129.0,1534.0
           Humberto,1995,8,26,60,20.0,-47.2,hurricane,2.0,90,970,245,62,0,HUMBERTO,AL091995,1995-08-26 06:00:00,1995-08-26 06:00:00,273.0,28.0,186.0,52.0,566.0,129.0,1508.0
           Humberto,1995,8,26,12,20.6,-47.6,hurricane,2.0,85,972,248,61,0,HUMBERTO,AL091995,1995-08-26 12:00:00,1995-08-26 12:00:00,273.0,28.0,251.0,50.0,549.0,133.0,1505.0
           Humberto,1995,8,26,18,21.4,-48.0,hurricane,1.0,80,975,245,59,0,HUMBERTO,AL091995,1995-08-26 18:00:00,1995-08-26 18:00:00,273.0,27.0,269.0,47.0,552.0,136.0,1499.0
           Humberto,1995,8,27,0,22.2,-48.2,hurricane,1.0,80,980,245,59,0,HUMBERTO,AL091995,1995-08-27 00:00:00,1995-08-27 00:00:00,274.0,27.0,295.0,45.0,545.0,133.0,1503.0
           Humberto,1995,8,27,60,22.9,-48.0,hurricane,1.0,75,982,232,58,0,HUMBERTO,AL091995,1995-08-27 06:00:00,1995-08-27 06:00:00,273.0,27.0,322.0,45.0,532.0,131.0,1547.0
           Humberto,1995,8,27,12,24.1,-48.2,hurricane,1.0,70,984,214,55,0,HUMBERTO,AL091995,1995-08-27 12:00:00,1995-08-27 12:00:00,275.0,26.0,366.0,42.0,507.0,135.0,1579.0
           Humberto,1995,8,27,18,25.4,-48.4,hurricane,1.0,70,986,223,60,0,HUMBERTO,AL091995,1995-08-27 18:00:00,1995-08-27 18:00:00,276.0,24.0,379.0,45.0,503.0,135.0,1626.0
           Humberto,1995,8,28,0,26.4,-48.6,hurricane,1.0,65,992,220,53,0,HUMBERTO,AL091995,1995-08-28 00:00:00,1995-08-28 00:00:00,277.0,21.0,322.0,48.0,482.0,135.0,1667.0
           Humberto,1995,8,28,60,27.1,-48.8,hurricane,1.0,65,994,222,54,0,HUMBERTO,AL091995,1995-08-28 06:00:00,1995-08-28 06:00:00,278.0,20.0,272.0,47.0,501.0,131.0,1695.0
           Humberto,1995,8,28,12,27.7,-49.1,hurricane,1.0,65,991,239,53,0,HUMBERTO,AL091995,1995-08-28 12:00:00,1995-08-28 12:00:00,279.0,19.0,330.0,48.0,515.0,134.0,1711.0
           Humberto,1995,8,28,18,28.4,-49.3,hurricane,1.0,65,987,244,54,0,HUMBERTO,AL091995,1995-08-28 18:00:00,1995-08-28 18:00:00,278.0,17.0,319.0,51.0,516.0,138.0,1745.0
           Humberto,1995,8,29,0,29.0,-49.4,hurricane,1.0,65,985,245,56,0,HUMBERTO,AL091995,1995-08-29 00:00:00,1995-08-29 00:00:00,278.0,17.0,270.0,50.0,527.0,138.0,1782.0
           Humberto,1995,8,29,60,29.5,-49.4,hurricane,1.0,70,983,234,61,0,HUMBERTO,AL091995,1995-08-29 06:00:00,1995-08-29 06:00:00,278.0,16.0,193.0,51.0,536.0,136.0,1820.0
           Humberto,1995,8,29,12,30.0,-49.2,hurricane,1.0,75,981,237,63,0,HUMBERTO,AL091995,1995-08-29 12:00:00,1995-08-29 12:00:00,277.0,16.0,200.0,55.0,534.0,135.0,1873.0
           Humberto,1995,8,29,18,30.6,-48.9,hurricane,1.0,75,979,234,62,0,HUMBERTO,AL091995,1995-08-29 18:00:00,1995-08-29 18:00:00,277.0,15.0,245.0,58.0,544.0,130.0,1819.0
           Humberto,1995,8,30,0,31.3,-48.3,hurricane,1.0,80,978,212,61,0,HUMBERTO,AL091995,1995-08-30 00:00:00,1995-08-30 00:00:00,275.0,11.0,240.0,61.0,556.0,109.0,1754.0
           Humberto,1995,8,30,60,32.8,-47.1,hurricane,1.0,80,976,216,60,0,HUMBERTO,AL091995,1995-08-30 06:00:00,1995-08-30 06:00:00,273.0,8.0,269.0,66.0,548.0,89.0,1621.0
           Humberto,1995,8,30,12,34.0,-45.7,hurricane,1.0,80,974,160,45,0,HUMBERTO,AL091995,1995-08-30 12:00:00,1995-08-30 12:00:00,266.0,5.0,319.0,63.0,528.0,73.0,1538.0
           Humberto,1995,8,30,18,35.2,-44.0,hurricane,1.0,80,971,161,45,0,HUMBERTO,AL091995,1995-08-30 18:00:00,1995-08-30 18:00:00,262.0,2.0,309.0,64.0,530.0,58.0,1483.0
           Humberto,1995,8,31,0,36.0,-41.9,hurricane,1.0,80,970,161,45,0,HUMBERTO,AL091995,1995-08-31 00:00:00,1995-08-31 00:00:00,258.0,0.0,302.0,57.0,479.0,41.0,1507.0
           Humberto,1995,8,31,60,37.1,-40.0,hurricane,1.0,80,971,215,61,0,HUMBERTO,AL091995,1995-08-31 06:00:00,1995-08-31 06:00:00,252.0,0.0,278.0,57.0,467.0,22.0,1516.0
           Humberto,1995,8,31,12,38.3,-39.0,hurricane,1.0,70,985,238,60,0,HUMBERTO,AL091995,1995-08-31 12:00:00,1995-08-31 12:00:00,246.0,0.0,280.0,50.0,463.0,11.0,1481.0
               Iris,1995,8,23,18,15.0,-53.4,hurricane,1.0,75,991,172,35,0,IRIS,AL101995,1995-08-23 18:00:00,1995-08-23 18:00:00,280.0,58.0,204.0,65.0,580.0,146.0,681.0
               Iris,1995,8,24,0,15.2,-53.8,hurricane,1.0,70,992,123,20,0,IRIS,AL101995,1995-08-24 00:00:00,1995-08-24 00:00:00,280.0,59.0,224.0,67.0,578.0,148.0,647.0
               Iris,1995,8,24,60,15.0,-54.3,hurricane,1.0,70,992,117,21,0,IRIS,AL101995,1995-08-24 06:00:00,1995-08-24 06:00:00,282.0,60.0,141.0,66.0,570.0,145.0,589.0
               Iris,1995,8,24,12,14.8,-55.1,hurricane,1.0,65,992,164,30,0,IRIS,AL101995,1995-08-24 12:00:00,1995-08-24 12:00:00,283.0,61.0,172.0,65.0,569.0,146.0,501.0
               Iris,1995,8,28,18,20.4,-62.4,hurricane,1.0,65,983,223,48,0,IRIS,AL101995,1995-08-28 18:00:00,1995-08-28 18:00:00,286.0,64.0,89.0,45.0,561.0,136.0,243.0
               Iris,1995,8,29,0,21.3,-62.5,hurricane,1.0,70,981,227,57,0,IRIS,AL101995,1995-08-29 00:00:00,1995-08-29 00:00:00,286.0,61.0,125.0,44.0,567.0,133.0,339.0
               Iris,1995,8,29,60,22.0,-62.5,hurricane,1.0,80,974,229,61,0,IRIS,AL101995,1995-08-29 06:00:00,1995-08-29 06:00:00,286.0,57.0,85.0,45.0,560.0,128.0,408.0
               Iris,1995,8,29,12,22.6,-62.5,hurricane,1.0,75,973,228,60,0,IRIS,AL101995,1995-08-29 12:00:00,1995-08-29 12:00:00,286.0,54.0,51.0,46.0,563.0,125.0,468.0
               Iris,1995,8,29,18,23.1,-62.3,hurricane,1.0,70,975,223,58,0,IRIS,AL101995,1995-08-29 18:00:00,1995-08-29 18:00:00,287.0,52.0,147.0,46.0,537.0,128.0,527.0
               Iris,1995,8,30,0,23.6,-62.1,hurricane,1.0,70,976,229,60,0,IRIS,AL101995,1995-08-30 00:00:00,1995-08-30 00:00:00,287.0,50.0,191.0,51.0,538.0,126.0,586.0
               Iris,1995,8,30,60,23.8,-61.8,hurricane,1.0,70,977,227,59,0,IRIS,AL101995,1995-08-30 06:00:00,1995-08-30 06:00:00,286.0,49.0,93.0,55.0,541.0,115.0,619.0
               Iris,1995,8,30,12,24.0,-61.4,hurricane,1.0,75,972,229,61,0,IRIS,AL101995,1995-08-30 12:00:00,1995-08-30 12:00:00,287.0,46.0,110.0,55.0,553.0,113.0,656.0
               Iris,1995,8,30,18,24.2,-60.8,hurricane,1.0,75,971,224,61,0,IRIS,AL101995,1995-08-30 18:00:00,1995-08-30 18:00:00,286.0,44.0,115.0,53.0,542.0,115.0,695.0
               Iris,1995,8,31,0,24.5,-60.1,hurricane,1.0,75,971,217,60,0,IRIS,AL101995,1995-08-31 00:00:00,1995-08-31 00:00:00,287.0,37.0,139.0,56.0,547.0,114.0,752.0
               Iris,1995,8,31,60,24.7,-59.6,hurricane,1.0,75,971,219,65,0,IRIS,AL101995,1995-08-31 06:00:00,1995-08-31 06:00:00,286.0,36.0,71.0,56.0,522.0,110.0,794.0
               Iris,1995,8,31,12,24.9,-59.1,hurricane,1.0,75,971,219,65,0,IRIS,AL101995,1995-08-31 12:00:00,1995-08-31 12:00:00,286.0,36.0,80.0,52.0,529.0,112.0,837.0
               Iris,1995,8,31,18,25.0,-58.9,hurricane,2.0,85,968,237,65,0,IRIS,AL101995,1995-08-31 18:00:00,1995-08-31 18:00:00,286.0,36.0,95.0,45.0,540.0,114.0,857.0
               Iris,1995,9,1,0,25.2,-58.8,hurricane,2.0,90,967,216,63,0,IRIS,AL101995,1995-09-01 00:00:00,1995-09-01 00:00:00,286.0,36.0,32.0,47.0,539.0,116.0,881.0
               Iris,1995,9,1,60,25.5,-58.8,hurricane,2.0,95,965,226,62,0,IRIS,AL101995,1995-09-01 06:00:00,1995-09-01 06:00:00,286.0,37.0,64.0,45.0,535.0,110.0,910.0
               Iris,1995,9,1,12,25.6,-59.0,hurricane,2.0,90,967,216,63,0,IRIS,AL101995,1995-09-01 12:00:00,1995-09-01 12:00:00,286.0,37.0,73.0,47.0,543.0,113.0,910.0
               Iris,1995,9,1,18,25.7,-59.7,hurricane,2.0,85,969,218,63,0,IRIS,AL101995,1995-09-01 18:00:00,1995-09-01 18:00:00,286.0,37.0,35.0,44.0,542.0,112.0,890.0
               Iris,1995,9,2,0,26.0,-60.2,hurricane,2.0,85,971,214,64,0,IRIS,AL101995,1995-09-02 00:00:00,1995-09-02 00:00:00,286.0,37.0,72.0,47.0,540.0,112.0,904.0
               Iris,1995,9,2,60,26.6,-60.2,hurricane,2.0,85,973,216,65,0,IRIS,AL101995,1995-09-02 06:00:00,1995-09-02 06:00:00,286.0,35.0,78.0,46.0,544.0,108.0,967.0
               Iris,1995,9,2,12,27.8,-59.9,hurricane,1.0,80,978,235,63,0,IRIS,AL101995,1995-09-02 12:00:00,1995-09-02 12:00:00,285.0,23.0,17.0,43.0,562.0,111.0,1102.0
               Iris,1995,9,2,18,29.1,-59.7,hurricane,1.0,75,983,215,59,0,IRIS,AL101995,1995-09-02 18:00:00,1995-09-02 18:00:00,282.0,22.0,119.0,41.0,563.0,85.0,1242.0
               Iris,1995,9,3,0,31.3,-59.0,hurricane,1.0,75,982,214,60,0,IRIS,AL101995,1995-09-03 00:00:00,1995-09-03 00:00:00,278.0,16.0,194.0,49.0,559.0,77.0,1476.0
               Iris,1995,9,3,60,34.2,-58.6,hurricane,1.0,75,982,210,58,0,IRIS,AL101995,1995-09-03 06:00:00,1995-09-03 06:00:00,269.0,8.0,263.0,54.0,544.0,66.0,1197.0
               Iris,1995,9,3,12,36.9,-57.5,hurricane,1.0,75,982,224,60,0,IRIS,AL101995,1995-09-03 12:00:00,1995-09-03 12:00:00,264.0,1.0,241.0,51.0,531.0,19.0,974.0
               Iris,1995,9,3,18,39.2,-55.5,hurricane,1.0,70,985,385,81,0,IRIS,AL101995,1995-09-03 18:00:00,1995-09-03 18:00:00,259.0,0.0,318.0,51.0,527.0,0.0,820.0
               Luis,1995,8,31,60,14.3,-38.8,hurricane,1.0,75,992,144,31,0,LUIS,AL131995,1995-08-31 06:00:00,1995-08-31 06:00:00,272.0,23.0,112.0,64.0,558.0,126.0,1772.0
               Luis,1995,8,31,12,14.6,-39.7,hurricane,1.0,80,979,229,51,0,LUIS,AL131995,1995-08-31 12:00:00,1995-08-31 12:00:00,272.0,23.0,101.0,63.0,544.0,124.0,1719.0
               Luis,1995,8,31,18,15.0,-40.7,hurricane,2.0,90,971,265,65,0,LUIS,AL131995,1995-08-31 18:00:00,1995-08-31 18:00:00,270.0,21.0,106.0,61.0,551.0,122.0,1671.0
               Luis,1995,9,1,0,15.4,-41.7,hurricane,3.0,100,965,223,53,1,LUIS,AL131995,1995-09-01 00:00:00,1995-09-01 00:00:00,271.0,22.0,144.0,60.0,557.0,125.0,1630.0
               Luis,1995,9,1,60,15.8,-42.6,hurricane,3.0,105,958,222,52,1,LUIS,AL131995,1995-09-01 06:00:00,1995-09-01 06:00:00,271.0,24.0,106.0,57.0,565.0,124.0,1604.0
               Luis,1995,9,1,12,16.2,-43.6,hurricane,4.0,115,950,225,55,1,LUIS,AL131995,1995-09-01 12:00:00,1995-09-01 12:00:00,271.0,26.0,88.0,56.0,559.0,126.0,1569.0
               Luis,1995,9,1,18,16.5,-44.7,hurricane,4.0,115,948,222,56,1,LUIS,AL131995,1995-09-01 18:00:00,1995-09-01 18:00:00,272.0,28.0,62.0,55.0,554.0,129.0,1521.0
               Luis,1995,9,2,0,16.8,-45.8,hurricane,4.0,115,948,223,56,1,LUIS,AL131995,1995-09-02 00:00:00,1995-09-02 00:00:00,273.0,33.0,82.0,55.0,548.0,129.0,1482.0
               Luis,1995,9,2,60,17.0,-46.9,hurricane,4.0,115,948,232,63,1,LUIS,AL131995,1995-09-02 06:00:00,1995-09-02 06:00:00,273.0,36.0,101.0,59.0,535.0,132.0,1410.0
               Luis,1995,9,2,12,17.2,-48.0,hurricane,4.0,120,948,250,69,1,LUIS,AL131995,1995-09-02 12:00:00,1995-09-02 12:00:00,274.0,39.0,88.0,59.0,543.0,132.0,1305.0
               Luis,1995,9,2,18,17.3,-49.2,hurricane,4.0,120,948,250,70,1,LUIS,AL131995,1995-09-02 18:00:00,1995-09-02 18:00:00,276.0,41.0,42.0,55.0,553.0,133.0,1189.0
               Luis,1995,9,3,0,17.3,-50.5,hurricane,4.0,120,948,221,59,1,LUIS,AL131995,1995-09-03 00:00:00,1995-09-03 00:00:00,277.0,46.0,67.0,51.0,561.0,136.0,1062.0
               Luis,1995,9,3,60,17.4,-51.8,hurricane,4.0,120,948,219,59,1,LUIS,AL131995,1995-09-03 06:00:00,1995-09-03 06:00:00,278.0,52.0,93.0,53.0,554.0,135.0,944.0
               Luis,1995,9,3,12,17.3,-53.1,hurricane,4.0,120,948,211,59,1,LUIS,AL131995,1995-09-03 12:00:00,1995-09-03 12:00:00,281.0,55.0,94.0,52.0,560.0,135.0,820.0
               Luis,1995,9,3,18,17.3,-54.3,hurricane,4.0,125,945,210,59,1,LUIS,AL131995,1995-09-03 18:00:00,1995-09-03 18:00:00,282.0,59.0,118.0,51.0,575.0,135.0,717.0
               Luis,1995,9,4,0,17.1,-55.6,hurricane,4.0,125,942,208,61,1,LUIS,AL131995,1995-09-04 00:00:00,1995-09-04 00:00:00,283.0,63.0,126.0,50.0,576.0,135.0,600.0
               Luis,1995,9,4,60,17.0,-56.8,hurricane,4.0,130,940,215,62,1,LUIS,AL131995,1995-09-04 06:00:00,1995-09-04 06:00:00,284.0,68.0,127.0,51.0,589.0,134.0,504.0
               Luis,1995,9,4,12,17.0,-58.0,hurricane,4.0,130,945,209,63,1,LUIS,AL131995,1995-09-04 12:00:00,1995-09-04 12:00:00,284.0,70.0,97.0,48.0,591.0,135.0,386.0
               Luis,1995,9,4,18,17.0,-59.1,hurricane,4.0,125,943,209,63,1,LUIS,AL131995,1995-09-04 18:00:00,1995-09-04 18:00:00,286.0,72.0,144.0,51.0,599.0,139.0,272.0
               Luis,1995,9,5,0,17.1,-60.1,hurricane,4.0,125,940,238,72,1,LUIS,AL131995,1995-09-05 00:00:00,1995-09-05 00:00:00,286.0,74.0,218.0,52.0,590.0,140.0,166.0
               Luis,1995,9,5,60,17.3,-61.0,hurricane,4.0,120,939,238,69,1,LUIS,AL131995,1995-09-05 06:00:00,1995-09-05 06:00:00,286.0,73.0,205.0,56.0,594.0,138.0,75.0
               Luis,1995,9,5,12,17.5,-61.7,hurricane,4.0,115,945,237,70,1,LUIS,AL131995,1995-09-05 12:00:00,1995-09-05 12:00:00,287.0,74.0,205.0,51.0,583.0,140.0,7.0
               Luis,1995,9,5,18,18.0,-62.4,hurricane,4.0,115,944,211,65,1,LUIS,AL131995,1995-09-05 18:00:00,1995-09-05 18:00:00,287.0,71.0,210.0,51.0,571.0,140.0,65.0
               Luis,1995,9,6,0,18.4,-63.0,hurricane,4.0,115,942,235,71,1,LUIS,AL131995,1995-09-06 00:00:00,1995-09-06 00:00:00,287.0,70.0,182.0,52.0,572.0,142.0,13.0
               Luis,1995,9,6,60,18.9,-63.6,hurricane,4.0,120,939,236,69,1,LUIS,AL131995,1995-09-06 06:00:00,1995-09-06 06:00:00,288.0,69.0,116.0,51.0,576.0,139.0,74.0
               Luis,1995,9,6,12,19.4,-64.2,hurricane,4.0,120,943,282,105,1,LUIS,AL131995,1995-09-06 12:00:00,1995-09-06 12:00:00,287.0,68.0,141.0,53.0,570.0,140.0,73.0
               Luis,1995,9,6,18,20.1,-64.9,hurricane,4.0,125,940,287,109,1,LUIS,AL131995,1995-09-06 18:00:00,1995-09-06 18:00:00,287.0,67.0,158.0,52.0,576.0,139.0,158.0
               Luis,1995,9,7,0,20.7,-65.4,hurricane,4.0,125,938,288,108,1,LUIS,AL131995,1995-09-07 00:00:00,1995-09-07 00:00:00,288.0,67.0,172.0,48.0,579.0,139.0,240.0
               Luis,1995,9,7,60,21.3,-66.0,hurricane,4.0,120,936,289,108,1,LUIS,AL131995,1995-09-07 06:00:00,1995-09-07 06:00:00,287.0,68.0,122.0,51.0,590.0,136.0,317.0
               Luis,1995,9,7,12,22.0,-66.6,hurricane,4.0,115,941,294,110,1,LUIS,AL131995,1995-09-07 12:00:00,1995-09-07 12:00:00,289.0,68.0,205.0,53.0,582.0,142.0,391.0
               Luis,1995,9,7,18,22.8,-67.2,hurricane,4.0,115,938,312,116,1,LUIS,AL131995,1995-09-07 18:00:00,1995-09-07 18:00:00,289.0,67.0,166.0,51.0,590.0,142.0,436.0
               Luis,1995,9,8,0,24.3,-68.0,hurricane,4.0,115,935,212,64,1,LUIS,AL131995,1995-09-08 00:00:00,1995-09-08 00:00:00,290.0,58.0,114.0,52.0,579.0,141.0,554.0
               Luis,1995,9,8,60,25.8,-68.8,hurricane,4.0,115,939,213,66,1,LUIS,AL131995,1995-09-08 06:00:00,1995-09-08 06:00:00,289.0,47.0,122.0,53.0,585.0,136.0,657.0
               Luis,1995,9,8,12,26.4,-69.3,hurricane,3.0,110,941,316,122,1,LUIS,AL131995,1995-09-08 12:00:00,1995-09-08 12:00:00,289.0,40.0,106.0,56.0,584.0,138.0,679.0
               Luis,1995,9,8,18,26.5,-69.5,hurricane,3.0,105,944,315,118,1,LUIS,AL131995,1995-09-08 18:00:00,1995-09-08 18:00:00,289.0,40.0,145.0,54.0,600.0,135.0,677.0
               Luis,1995,9,9,0,27.1,-69.8,hurricane,3.0,100,945,297,111,1,LUIS,AL131995,1995-09-09 00:00:00,1995-09-09 00:00:00,287.0,36.0,168.0,57.0,596.0,110.0,720.0
               Luis,1995,9,9,60,29.1,-69.5,hurricane,2.0,95,949,241,73,0,LUIS,AL131995,1995-09-09 06:00:00,1995-09-09 06:00:00,283.0,33.0,213.0,58.0,597.0,71.0,911.0
               Luis,1995,9,9,12,31.0,-69.1,hurricane,2.0,90,952,210,62,0,LUIS,AL131995,1995-09-09 12:00:00,1995-09-09 12:00:00,276.0,23.0,209.0,55.0,598.0,60.0,803.0
               Luis,1995,9,9,18,32.7,-68.6,hurricane,2.0,85,955,214,63,0,LUIS,AL131995,1995-09-09 18:00:00,1995-09-09 18:00:00,273.0,18.0,247.0,51.0,602.0,70.0,733.0
               Luis,1995,9,10,0,34.5,-67.2,hurricane,2.0,85,959,208,62,0,LUIS,AL131995,1995-09-10 00:00:00,1995-09-10 00:00:00,268.0,15.0,360.0,53.0,549.0,73.0,786.0
            Marilyn,1995,9,14,0,13.0,-57.7,hurricane,1.0,65,988,167,29,0,MARILYN,AL151995,1995-09-14 00:00:00,1995-09-14 00:00:00,289.0,68.0,67.0,49.0,511.0,152.0,187.0
            Marilyn,1995,9,14,60,13.5,-58.8,hurricane,1.0,70,987,174,31,0,MARILYN,AL151995,1995-09-14 06:00:00,1995-09-14 06:00:00,289.0,71.0,13.0,46.0,528.0,146.0,78.0
            Marilyn,1995,9,14,12,14.2,-59.8,hurricane,1.0,70,986,175,30,0,MARILYN,AL151995,1995-09-14 12:00:00,1995-09-14 12:00:00,289.0,70.0,36.0,51.0,555.0,144.0,99.0
            Marilyn,1995,9,14,18,15.0,-60.8,hurricane,1.0,70,983,180,35,0,MARILYN,AL151995,1995-09-14 18:00:00,1995-09-14 18:00:00,289.0,74.0,92.0,48.0,544.0,142.0,31.0
            Marilyn,1995,9,15,0,15.8,-61.7,hurricane,1.0,75,985,211,45,0,MARILYN,AL151995,1995-09-15 00:00:00,1995-09-15 00:00:00,290.0,77.0,72.0,51.0,539.0,141.0,32.0
            Marilyn,1995,9,15,60,16.5,-62.8,hurricane,1.0,80,977,218,49,0,MARILYN,AL151995,1995-09-15 06:00:00,1995-09-15 06:00:00,290.0,79.0,49.0,52.0,519.0,138.0,66.0
            Marilyn,1995,9,15,12,16.8,-63.5,hurricane,1.0,80,974,217,48,0,MARILYN,AL151995,1995-09-15 12:00:00,1995-09-15 12:00:00,290.0,80.0,56.0,53.0,517.0,140.0,93.0
            Marilyn,1995,9,15,18,17.4,-64.2,hurricane,2.0,85,969,224,54,0,MARILYN,AL151995,1995-09-15 18:00:00,1995-09-15 18:00:00,290.0,80.0,81.0,53.0,533.0,142.0,56.0
            Marilyn,1995,9,16,0,17.9,-64.7,hurricane,2.0,90,962,217,54,0,MARILYN,AL151995,1995-09-16 00:00:00,1995-09-16 00:00:00,290.0,78.0,102.0,56.0,522.0,133.0,14.0
            Marilyn,1995,9,16,60,18.5,-65.2,hurricane,2.0,95,952,221,59,0,MARILYN,AL151995,1995-09-16 06:00:00,1995-09-16 06:00:00,290.0,77.0,132.0,55.0,534.0,125.0,24.0
            Marilyn,1995,9,16,12,19.0,-65.8,hurricane,2.0,95,951,224,62,0,MARILYN,AL151995,1995-09-16 12:00:00,1995-09-16 12:00:00,289.0,77.0,213.0,57.0,564.0,129.0,65.0
            Marilyn,1995,9,16,18,19.7,-66.4,hurricane,3.0,100,950,221,61,1,MARILYN,AL151995,1995-09-16 18:00:00,1995-09-16 18:00:00,289.0,77.0,251.0,54.0,563.0,129.0,137.0
            Marilyn,1995,9,17,0,20.4,-67.0,hurricane,3.0,100,950,220,62,1,MARILYN,AL151995,1995-09-17 00:00:00,1995-09-17 00:00:00,289.0,73.0,194.0,53.0,561.0,129.0,209.0
            Marilyn,1995,9,17,60,21.2,-67.5,hurricane,2.0,95,953,298,109,0,MARILYN,AL151995,1995-09-17 06:00:00,1995-09-17 06:00:00,289.0,73.0,140.0,56.0,569.0,122.0,272.0
            Marilyn,1995,9,17,12,22.0,-68.2,hurricane,1.0,80,965,234,62,0,MARILYN,AL151995,1995-09-17 12:00:00,1995-09-17 12:00:00,289.0,71.0,156.0,56.0,568.0,119.0,312.0
            Marilyn,1995,9,17,18,22.9,-68.8,hurricane,1.0,80,968,221,61,0,MARILYN,AL151995,1995-09-17 18:00:00,1995-09-17 18:00:00,289.0,66.0,136.0,52.0,577.0,116.0,379.0
            Marilyn,1995,9,18,0,24.0,-69.1,hurricane,2.0,85,963,216,64,0,MARILYN,AL151995,1995-09-18 00:00:00,1995-09-18 00:00:00,289.0,61.0,163.0,56.0,574.0,114.0,489.0
            Marilyn,1995,9,18,60,25.0,-69.4,hurricane,2.0,85,965,220,66,0,MARILYN,AL151995,1995-09-18 06:00:00,1995-09-18 06:00:00,288.0,50.0,141.0,59.0,565.0,100.0,551.0
            Marilyn,1995,9,18,12,26.1,-69.5,hurricane,2.0,85,966,220,67,0,MARILYN,AL151995,1995-09-18 12:00:00,1995-09-18 12:00:00,288.0,43.0,169.0,59.0,565.0,96.0,640.0
            Marilyn,1995,9,18,18,27.2,-69.3,hurricane,1.0,80,966,215,65,0,MARILYN,AL151995,1995-09-18 18:00:00,1995-09-18 18:00:00,286.0,38.0,241.0,56.0,581.0,93.0,754.0
            Marilyn,1995,9,19,0,28.4,-69.0,hurricane,1.0,80,969,218,69,0,MARILYN,AL151995,1995-09-19 00:00:00,1995-09-19 00:00:00,283.0,34.0,252.0,59.0,563.0,82.0,885.0
            Marilyn,1995,9,19,60,29.6,-68.6,hurricane,1.0,75,970,212,67,0,MARILYN,AL151995,1995-09-19 06:00:00,1995-09-19 06:00:00,280.0,30.0,195.0,53.0,559.0,64.0,938.0
            Marilyn,1995,9,19,12,31.0,-68.2,hurricane,1.0,75,976,222,67,0,MARILYN,AL151995,1995-09-19 12:00:00,1995-09-19 12:00:00,274.0,20.0,238.0,50.0,557.0,63.0,869.0
            Marilyn,1995,9,19,18,32.6,-67.7,hurricane,1.0,80,974,206,66,0,MARILYN,AL151995,1995-09-19 18:00:00,1995-09-19 18:00:00,271.0,14.0,177.0,50.0,535.0,63.0,813.0
            Marilyn,1995,9,20,0,34.2,-66.8,hurricane,1.0,80,974,194,65,0,MARILYN,AL151995,1995-09-20 00:00:00,1995-09-20 00:00:00,265.0,10.0,191.0,47.0,515.0,70.0,830.0
            Marilyn,1995,9,20,60,35.8,-66.1,hurricane,1.0,75,976,220,63,0,MARILYN,AL151995,1995-09-20 06:00:00,1995-09-20 06:00:00,264.0,8.0,186.0,47.0,503.0,64.0,735.0
            Marilyn,1995,9,20,12,37.3,-65.2,hurricane,1.0,70,978,220,61,0,MARILYN,AL151995,1995-09-20 12:00:00,1995-09-20 12:00:00,265.0,9.0,237.0,51.0,475.0,58.0,636.0
            Marilyn,1995,9,20,18,38.3,-64.3,hurricane,1.0,70,980,301,74,0,MARILYN,AL151995,1995-09-20 18:00:00,1995-09-20 18:00:00,261.0,3.0,237.0,55.0,483.0,57.0,592.0
            Marilyn,1995,9,21,0,39.0,-63.3,hurricane,1.0,65,982,293,61,0,MARILYN,AL151995,1995-09-21 00:00:00,1995-09-21 00:00:00,253.0,0.0,235.0,55.0,470.0,59.0,538.0
            Marilyn,1995,9,21,60,39.3,-61.9,hurricane,1.0,65,984,304,62,0,MARILYN,AL151995,1995-09-21 06:00:00,1995-09-21 06:00:00,255.0,0.0,273.0,52.0,463.0,68.0,558.0
            Marilyn,1995,9,21,12,39.4,-60.6,hurricane,1.0,65,987,314,60,0,MARILYN,AL151995,1995-09-21 12:00:00,1995-09-21 12:00:00,255.0,0.0,293.0,48.0,474.0,71.0,613.0
               Noel,1995,9,28,18,15.2,-42.6,hurricane,1.0,65,987,150,22,0,NOEL,AL161995,1995-09-28 18:00:00,1995-09-28 18:00:00,274.0,29.0,232.0,57.0,516.0,129.0,1551.0
               Noel,1995,9,29,0,15.9,-42.6,hurricane,1.0,65,987,154,22,0,NOEL,AL161995,1995-09-29 00:00:00,1995-09-29 00:00:00,274.0,30.0,253.0,59.0,521.0,128.0,1613.0
               Noel,1995,9,29,60,16.5,-42.2,hurricane,1.0,65,987,149,22,0,NOEL,AL161995,1995-09-29 06:00:00,1995-09-29 06:00:00,273.0,29.0,269.0,57.0,515.0,126.0,1692.0
               Noel,1995,9,29,12,17.4,-41.9,hurricane,1.0,65,987,145,22,0,NOEL,AL161995,1995-09-29 12:00:00,1995-09-29 12:00:00,272.0,29.0,307.0,54.0,512.0,127.0,1789.0
               Noel,1995,9,29,18,18.2,-41.2,hurricane,1.0,65,987,141,22,0,NOEL,AL161995,1995-09-29 18:00:00,1995-09-29 18:00:00,271.0,26.0,331.0,56.0,514.0,131.0,1905.0
               Noel,1995,9,30,0,18.9,-40.6,hurricane,1.0,65,987,195,46,0,NOEL,AL161995,1995-09-30 00:00:00,1995-09-30 00:00:00,271.0,24.0,333.0,56.0,496.0,141.0,2006.0
               Noel,1995,9,30,60,19.4,-40.3,hurricane,1.0,65,987,204,48,0,NOEL,AL161995,1995-09-30 06:00:00,1995-09-30 06:00:00,270.0,23.0,366.0,55.0,492.0,139.0,2069.0
               Noel,1995,10,5,0,31.9,-42.7,hurricane,1.0,65,987,223,48,0,NOEL,AL161995,1995-10-05 00:00:00,1995-10-05 00:00:00,260.0,0.0,167.0,46.0,474.0,102.0,1866.0
               Noel,1995,10,5,60,32.2,-42.3,hurricane,1.0,65,987,227,48,0,NOEL,AL161995,1995-10-05 06:00:00,1995-10-05 06:00:00,257.0,0.0,239.0,45.0,474.0,97.0,1853.0
               Noel,1995,10,5,12,32.4,-41.5,hurricane,1.0,65,987,228,46,0,NOEL,AL161995,1995-10-05 12:00:00,1995-10-05 12:00:00,257.0,0.0,229.0,43.0,468.0,96.0,1869.0
               Noel,1995,10,5,18,32.4,-40.5,hurricane,1.0,65,987,228,47,0,NOEL,AL161995,1995-10-05 18:00:00,1995-10-05 18:00:00,256.0,0.0,301.0,46.0,475.0,93.0,1916.0
               Opal,1995,10,2,12,21.0,-92.3,hurricane,1.0,65,973,214,49,0,OPAL,AL171995,1995-10-02 12:00:00,1995-10-02 12:00:00,290.0,40.0,154.0,71.0,660.0,144.0,194.0
               Opal,1995,10,2,18,21.2,-92.3,hurricane,1.0,65,972,217,50,0,OPAL,AL171995,1995-10-02 18:00:00,1995-10-02 18:00:00,290.0,40.0,132.0,70.0,664.0,151.0,198.0
               Opal,1995,10,3,0,21.7,-92.2,hurricane,1.0,70,970,218,52,0,OPAL,AL171995,1995-10-03 00:00:00,1995-10-03 00:00:00,289.0,40.0,113.0,71.0,660.0,157.0,207.0
               Opal,1995,10,3,60,22.2,-92.0,hurricane,1.0,75,969,236,56,0,OPAL,AL171995,1995-10-03 06:00:00,1995-10-03 06:00:00,288.0,42.0,94.0,71.0,663.0,148.0,216.0
               Opal,1995,10,3,12,22.8,-91.6,hurricane,1.0,80,968,372,115,0,OPAL,AL171995,1995-10-03 12:00:00,1995-10-03 12:00:00,288.0,43.0,99.0,70.0,659.0,157.0,236.0
               Opal,1995,10,3,18,23.5,-91.0,hurricane,2.0,85,965,340,126,0,OPAL,AL171995,1995-10-03 18:00:00,1995-10-03 18:00:00,288.0,43.0,133.0,59.0,697.0,158.0,276.0
               Opal,1995,10,4,0,24.5,-90.1,hurricane,3.0,100,953,322,132,1,OPAL,AL171995,1995-10-04 00:00:00,1995-10-04 00:00:00,289.0,44.0,177.0,51.0,697.0,140.0,357.0
               Opal,1995,10,4,60,25.9,-89.4,hurricane,3.0,110,935,343,138,1,OPAL,AL171995,1995-10-04 06:00:00,1995-10-04 06:00:00,288.0,56.0,200.0,48.0,688.0,116.0,350.0
               Opal,1995,10,4,12,27.3,-88.5,hurricane,4.0,130,919,314,111,1,OPAL,AL171995,1995-10-04 12:00:00,1995-10-04 12:00:00,282.0,51.0,320.0,48.0,644.0,87.0,204.0
               Opal,1995,10,4,18,29.0,-87.7,hurricane,3.0,110,938,339,135,1,OPAL,AL171995,1995-10-04 18:00:00,1995-10-04 18:00:00,272.0,27.0,330.0,47.0,601.0,41.0,136.0
            Roxanne,1995,10,10,60,19.2,-84.3,hurricane,1.0,70,985,225,48,0,ROXANNE,AL191995,1995-10-10 06:00:00,1995-10-10 06:00:00,294.0,90.0,153.0,71.0,632.0,153.0,283.0
            Roxanne,1995,10,10,12,19.4,-85.0,hurricane,1.0,80,972,165,29,0,ROXANNE,AL191995,1995-10-10 12:00:00,1995-10-10 12:00:00,294.0,101.0,96.0,71.0,614.0,154.0,253.0
            Roxanne,1995,10,10,18,19.9,-86.0,hurricane,2.0,95,966,325,134,0,ROXANNE,AL191995,1995-10-10 18:00:00,1995-10-10 18:00:00,293.0,103.0,116.0,69.0,632.0,155.0,137.0
            Roxanne,1995,10,11,0,20.0,-87.0,hurricane,3.0,100,958,327,146,1,ROXANNE,AL191995,1995-10-11 00:00:00,1995-10-11 00:00:00,289.0,89.0,62.0,68.0,616.0,155.0,47.0
            Roxanne,1995,10,12,0,19.5,-90.8,hurricane,1.0,65,990,215,44,0,ROXANNE,AL191995,1995-10-12 00:00:00,1995-10-12 00:00:00,288.0,21.0,111.0,76.0,586.0,166.0,8.0
            Roxanne,1995,10,12,60,19.5,-91.5,hurricane,1.0,65,992,216,46,0,ROXANNE,AL191995,1995-10-12 06:00:00,1995-10-12 06:00:00,288.0,31.0,100.0,76.0,579.0,156.0,64.0
            Roxanne,1995,10,14,12,22.3,-93.8,hurricane,1.0,65,980,226,52,0,ROXANNE,AL191995,1995-10-14 12:00:00,1995-10-14 12:00:00,287.0,38.0,191.0,69.0,612.0,130.0,372.0
            Roxanne,1995,10,14,18,22.3,-93.3,hurricane,1.0,70,980,229,55,0,ROXANNE,AL191995,1995-10-14 18:00:00,1995-10-14 18:00:00,287.0,39.0,181.0,67.0,607.0,112.0,337.0
            Roxanne,1995,10,15,0,21.8,-92.9,hurricane,1.0,70,979,230,55,0,ROXANNE,AL191995,1995-10-15 00:00:00,1995-10-15 00:00:00,286.0,38.0,175.0,65.0,592.0,110.0,278.0
            Roxanne,1995,10,15,60,21.4,-92.4,hurricane,1.0,75,979,231,58,0,ROXANNE,AL191995,1995-10-15 06:00:00,1995-10-15 06:00:00,286.0,38.0,135.0,67.0,586.0,108.0,214.0
            Roxanne,1995,10,15,12,21.0,-91.9,hurricane,1.0,75,980,229,55,0,ROXANNE,AL191995,1995-10-15 12:00:00,1995-10-15 12:00:00,285.0,38.0,132.0,67.0,576.0,109.0,153.0
            Roxanne,1995,10,15,18,20.6,-91.6,hurricane,1.0,75,980,229,55,0,ROXANNE,AL191995,1995-10-15 18:00:00,1995-10-15 18:00:00,286.0,35.0,98.0,68.0,579.0,112.0,118.0
            Roxanne,1995,10,16,0,20.4,-91.5,hurricane,1.0,75,981,230,55,0,ROXANNE,AL191995,1995-10-16 00:00:00,1995-10-16 00:00:00,286.0,34.0,177.0,70.0,564.0,114.0,107.0
            Roxanne,1995,10,16,60,20.3,-91.7,hurricane,1.0,70,984,228,53,0,ROXANNE,AL191995,1995-10-16 06:00:00,1995-10-16 06:00:00,286.0,34.0,137.0,70.0,544.0,111.0,122.0
            Roxanne,1995,10,16,12,20.3,-92.0,hurricane,1.0,65,985,212,47,0,ROXANNE,AL191995,1995-10-16 12:00:00,1995-10-16 12:00:00,286.0,37.0,155.0,69.0,543.0,112.0,151.0
            Roxanne,1995,10,16,18,20.4,-92.2,hurricane,1.0,65,987,210,48,0,ROXANNE,AL191995,1995-10-16 18:00:00,1995-10-16 18:00:00,286.0,37.0,138.0,71.0,562.0,114.0,174.0
            Roxanne,1995,10,17,0,20.6,-92.4,hurricane,1.0,65,991,222,49,0,ROXANNE,AL191995,1995-10-17 00:00:00,1995-10-17 00:00:00,286.0,36.0,134.0,71.0,548.0,114.0,201.0
              Tanya,1995,10,29,12,30.5,-54.9,hurricane,1.0,65,983,241,55,0,TANYA,AL211995,1995-10-29 12:00:00,1995-10-29 12:00:00,256.0,0.0,67.0,43.0,440.0,106.0,1584.0
              Tanya,1995,10,29,18,31.2,-55.3,hurricane,1.0,70,982,340,66,0,TANYA,AL211995,1995-10-29 18:00:00,1995-10-29 18:00:00,252.0,0.0,39.0,39.0,452.0,99.0,1631.0
              Tanya,1995,10,30,0,31.8,-54.8,hurricane,1.0,70,980,334,61,0,TANYA,AL211995,1995-10-30 00:00:00,1995-10-30 00:00:00,251.0,0.0,132.0,35.0,466.0,95.0,1592.0
              Tanya,1995,10,30,60,32.6,-54.2,hurricane,1.0,70,980,479,116,0,TANYA,AL211995,1995-10-30 06:00:00,1995-10-30 06:00:00,247.0,0.0,170.0,30.0,445.0,85.0,1528.0
              Tanya,1995,10,30,12,33.1,-53.4,hurricane,1.0,70,979,662,134,0,TANYA,AL211995,1995-10-30 12:00:00,1995-10-30 12:00:00,243.0,0.0,127.0,30.0,419.0,84.0,1502.0
              Tanya,1995,10,30,18,33.8,-51.8,hurricane,1.0,75,977,330,69,0,TANYA,AL211995,1995-10-30 18:00:00,1995-10-30 18:00:00,243.0,0.0,179.0,29.0,415.0,77.0,1431.0
              Tanya,1995,10,31,0,34.6,-50.1,hurricane,1.0,75,975,736,150,0,TANYA,AL211995,1995-10-31 00:00:00,1995-10-31 00:00:00,238.0,0.0,155.0,34.0,410.0,66.0,1362.0
              Tanya,1995,10,31,60,35.4,-48.3,hurricane,1.0,75,972,749,151,0,TANYA,AL211995,1995-10-31 06:00:00,1995-10-31 06:00:00,233.0,0.0,178.0,34.0,408.0,55.0,1312.0
              Tanya,1995,10,31,12,36.2,-45.8,hurricane,1.0,75,973,740,151,0,TANYA,AL211995,1995-10-31 12:00:00,1995-10-31 12:00:00,229.0,0.0,198.0,38.0,362.0,51.0,1310.0
              Tanya,1995,10,31,18,37.1,-43.2,hurricane,1.0,75,973,720,151,0,TANYA,AL211995,1995-10-31 18:00:00,1995-10-31 18:00:00,224.0,0.0,230.0,38.0,355.0,60.0,1339.0
              Tanya,1995,11,1,0,37.8,-40.4,hurricane,1.0,70,974,225,55,0,TANYA,AL211995,1995-11-01 00:00:00,1995-11-01 00:00:00,220.0,0.0,280.0,38.0,320.0,68.0,1434.0
              Tanya,1995,11,1,60,37.7,-37.9,hurricane,1.0,65,974,227,53,0,TANYA,AL211995,1995-11-01 06:00:00,1995-11-01 06:00:00,217.0,0.0,344.0,42.0,289.0,63.0,1597.0
             Bertha,1996,7,7,18,16.5,-58.4,hurricane,1.0,70,992,180,34,0,BERTHA,AL021996,1996-07-07 18:00:00,1996-07-07 18:00:00,279.0,56.0,131.0,53.0,548.0,130.0,325.0
             Bertha,1996,7,8,0,17.0,-60.1,hurricane,1.0,75,988,172,32,0,BERTHA,AL021996,1996-07-08 00:00:00,1996-07-08 00:00:00,280.0,57.0,157.0,56.0,559.0,133.0,166.0
             Bertha,1996,7,8,60,17.5,-61.8,hurricane,1.0,75,985,174,31,0,BERTHA,AL021996,1996-07-08 06:00:00,1996-07-08 06:00:00,281.0,58.0,176.0,55.0,545.0,129.0,8.0
             Bertha,1996,7,8,12,18.0,-63.5,hurricane,1.0,70,983,186,35,0,BERTHA,AL021996,1996-07-08 12:00:00,1996-07-08 12:00:00,281.0,55.0,190.0,51.0,552.0,128.0,38.0
             Bertha,1996,7,8,18,18.6,-64.9,hurricane,1.0,75,978,175,31,0,BERTHA,AL021996,1996-07-08 18:00:00,1996-07-08 18:00:00,282.0,55.0,209.0,45.0,555.0,124.0,24.0
             Bertha,1996,7,9,0,19.4,-66.1,hurricane,1.0,80,970,247,54,0,BERTHA,AL021996,1996-07-09 00:00:00,1996-07-09 00:00:00,282.0,56.0,120.0,45.0,543.0,125.0,105.0
             Bertha,1996,7,9,60,20.3,-67.7,hurricane,3.0,100,960,264,79,1,BERTHA,AL021996,1996-07-09 06:00:00,1996-07-09 06:00:00,282.0,52.0,119.0,46.0,524.0,122.0,185.0
             Bertha,1996,7,9,12,21.4,-69.4,hurricane,3.0,100,965,265,81,1,BERTHA,AL021996,1996-07-09 12:00:00,1996-07-09 12:00:00,282.0,49.0,77.0,48.0,500.0,125.0,201.0
             Bertha,1996,7,9,18,22.5,-71.1,hurricane,2.0,90,967,242,67,0,BERTHA,AL021996,1996-07-09 18:00:00,1996-07-09 18:00:00,281.0,45.0,53.0,45.0,511.0,131.0,236.0
             Bertha,1996,7,10,0,23.6,-72.6,hurricane,2.0,85,969,230,67,0,BERTHA,AL021996,1996-07-10 00:00:00,1996-07-10 00:00:00,282.0,42.0,43.0,47.0,508.0,133.0,257.0
             Bertha,1996,7,10,60,24.5,-74.0,hurricane,1.0,80,971,240,60,0,BERTHA,AL021996,1996-07-10 06:00:00,1996-07-10 06:00:00,283.0,35.0,115.0,46.0,517.0,118.0,362.0
             Bertha,1996,7,10,12,25.4,-75.3,hurricane,1.0,80,968,261,73,0,BERTHA,AL021996,1996-07-10 12:00:00,1996-07-10 12:00:00,283.0,39.0,154.0,45.0,510.0,116.0,259.0
             Bertha,1996,7,10,18,26.4,-75.8,hurricane,1.0,80,966,240,62,0,BERTHA,AL021996,1996-07-10 18:00:00,1996-07-10 18:00:00,282.0,42.0,259.0,49.0,498.0,120.0,260.0
             Bertha,1996,7,11,0,27.5,-76.4,hurricane,1.0,75,968,216,60,0,BERTHA,AL021996,1996-07-11 00:00:00,1996-07-11 00:00:00,282.0,42.0,294.0,53.0,494.0,123.0,305.0
             Bertha,1996,7,11,60,28.3,-76.8,hurricane,1.0,75,972,215,60,0,BERTHA,AL021996,1996-07-11 06:00:00,1996-07-11 06:00:00,280.0,37.0,312.0,54.0,499.0,120.0,358.0
             Bertha,1996,7,11,12,29.2,-77.5,hurricane,1.0,75,977,212,61,0,BERTHA,AL021996,1996-07-11 12:00:00,1996-07-11 12:00:00,281.0,38.0,326.0,59.0,527.0,120.0,316.0
             Bertha,1996,7,11,18,30.0,-78.0,hurricane,1.0,70,980,207,57,0,BERTHA,AL021996,1996-07-11 18:00:00,1996-07-11 18:00:00,280.0,42.0,336.0,63.0,539.0,118.0,301.0
             Bertha,1996,7,12,0,30.7,-78.3,hurricane,1.0,70,982,211,59,0,BERTHA,AL021996,1996-07-12 00:00:00,1996-07-12 00:00:00,280.0,47.0,308.0,62.0,540.0,117.0,270.0
             Bertha,1996,7,12,60,31.2,-78.6,hurricane,1.0,70,984,207,58,0,BERTHA,AL021996,1996-07-12 06:00:00,1996-07-12 06:00:00,280.0,48.0,278.0,62.0,538.0,118.0,208.0
             Bertha,1996,7,12,12,32.2,-78.4,hurricane,2.0,85,975,203,61,0,BERTHA,AL021996,1996-07-12 12:00:00,1996-07-12 12:00:00,280.0,53.0,258.0,63.0,528.0,105.0,131.0
             Bertha,1996,7,12,18,33.6,-78.1,hurricane,2.0,90,974,201,60,0,BERTHA,AL021996,1996-07-12 18:00:00,1996-07-12 18:00:00,279.0,29.0,228.0,66.0,516.0,51.0,33.0
              Cesar,1996,7,27,12,11.6,-79.5,hurricane,1.0,70,992,142,32,0,CESAR,AL031996,1996-07-27 12:00:00,1996-07-27 12:00:00,282.0,37.0,141.0,83.0,590.0,137.0,220.0
              Cesar,1996,7,27,18,11.8,-81.0,hurricane,1.0,65,994,142,32,0,CESAR,AL031996,1996-07-27 18:00:00,1996-07-27 18:00:00,283.0,32.0,101.0,82.0,591.0,137.0,279.0
              Cesar,1996,7,28,0,12.0,-82.6,hurricane,1.0,70,992,134,31,0,CESAR,AL031996,1996-07-28 00:00:00,1996-07-28 00:00:00,284.0,34.0,162.0,80.0,606.0,147.0,107.0
            Edouard,1996,8,23,12,13.9,-38.3,hurricane,1.0,65,988,160,25,0,EDOUARD,AL051996,1996-08-23 12:00:00,1996-08-23 12:00:00,272.0,23.0,144.0,66.0,566.0,132.0,1788.0
            Edouard,1996,8,23,18,14.0,-39.8,hurricane,1.0,65,986,128,22,0,EDOUARD,AL051996,1996-08-23 18:00:00,1996-08-23 18:00:00,270.0,23.0,103.0,62.0,567.0,131.0,1667.0
            Edouard,1996,8,24,0,14.1,-41.1,hurricane,1.0,70,983,131,24,0,EDOUARD,AL051996,1996-08-24 00:00:00,1996-08-24 00:00:00,271.0,24.0,139.0,61.0,562.0,123.0,1570.0
            Edouard,1996,8,24,60,14.1,-42.4,hurricane,1.0,75,980,144,31,0,EDOUARD,AL051996,1996-08-24 06:00:00,1996-08-24 06:00:00,272.0,26.0,157.0,60.0,548.0,121.0,1472.0
            Edouard,1996,8,24,12,14.4,-43.6,hurricane,2.0,90,970,240,57,0,EDOUARD,AL051996,1996-08-24 12:00:00,1996-08-24 12:00:00,273.0,26.0,104.0,61.0,554.0,122.0,1415.0
            Edouard,1996,8,24,18,14.6,-44.7,hurricane,3.0,100,960,242,62,1,EDOUARD,AL051996,1996-08-24 18:00:00,1996-08-24 18:00:00,273.0,29.0,69.0,59.0,566.0,124.0,1357.0
            Edouard,1996,8,25,0,15.0,-45.8,hurricane,4.0,120,942,241,64,1,EDOUARD,AL051996,1996-08-25 00:00:00,1996-08-25 00:00:00,273.0,34.0,76.0,55.0,563.0,124.0,1317.0
            Edouard,1996,8,25,60,15.4,-47.0,hurricane,4.0,125,933,252,69,1,EDOUARD,AL051996,1996-08-25 06:00:00,1996-08-25 06:00:00,274.0,35.0,84.0,51.0,564.0,124.0,1282.0
            Edouard,1996,8,25,12,15.9,-48.3,hurricane,4.0,125,934,251,69,1,EDOUARD,AL051996,1996-08-25 12:00:00,1996-08-25 12:00:00,276.0,39.0,69.0,53.0,560.0,124.0,1235.0
            Edouard,1996,8,25,18,16.5,-49.6,hurricane,4.0,125,935,257,73,1,EDOUARD,AL051996,1996-08-25 18:00:00,1996-08-25 18:00:00,276.0,42.0,41.0,54.0,548.0,122.0,1119.0
            Edouard,1996,8,26,0,17.0,-50.9,hurricane,4.0,125,936,226,58,1,EDOUARD,AL051996,1996-08-26 00:00:00,1996-08-26 00:00:00,276.0,47.0,37.0,51.0,580.0,121.0,1010.0
            Edouard,1996,8,26,60,17.5,-52.0,hurricane,4.0,125,936,224,58,1,EDOUARD,AL051996,1996-08-26 06:00:00,1996-08-26 06:00:00,277.0,49.0,94.0,55.0,579.0,119.0,931.0
            Edouard,1996,8,26,12,17.9,-53.2,hurricane,4.0,125,937,207,61,1,EDOUARD,AL051996,1996-08-26 12:00:00,1996-08-26 12:00:00,280.0,50.0,137.0,55.0,578.0,117.0,850.0
            Edouard,1996,8,26,18,18.4,-54.5,hurricane,4.0,125,938,220,65,1,EDOUARD,AL051996,1996-08-26 18:00:00,1996-08-26 18:00:00,281.0,54.0,181.0,53.0,595.0,117.0,770.0
            Edouard,1996,8,27,0,18.9,-55.6,hurricane,4.0,125,942,223,60,1,EDOUARD,AL051996,1996-08-27 00:00:00,1996-08-27 00:00:00,282.0,56.0,224.0,50.0,598.0,118.0,663.0
            Edouard,1996,8,27,60,19.5,-56.9,hurricane,4.0,120,948,267,82,1,EDOUARD,AL051996,1996-08-27 06:00:00,1996-08-27 06:00:00,283.0,58.0,185.0,48.0,586.0,115.0,550.0
            Edouard,1996,8,27,12,20.0,-58.1,hurricane,4.0,115,952,220,65,1,EDOUARD,AL051996,1996-08-27 12:00:00,1996-08-27 12:00:00,284.0,58.0,214.0,50.0,560.0,114.0,464.0
            Edouard,1996,8,27,18,20.4,-59.3,hurricane,4.0,115,951,220,65,1,EDOUARD,AL051996,1996-08-27 18:00:00,1996-08-27 18:00:00,285.0,60.0,247.0,46.0,555.0,115.0,399.0
            Edouard,1996,8,28,0,20.9,-60.4,hurricane,4.0,125,944,260,85,1,EDOUARD,AL051996,1996-08-28 00:00:00,1996-08-28 00:00:00,285.0,60.0,266.0,47.0,541.0,118.0,385.0
            Edouard,1996,8,28,60,21.3,-61.7,hurricane,4.0,115,952,261,81,1,EDOUARD,AL051996,1996-08-28 06:00:00,1996-08-28 06:00:00,286.0,58.0,219.0,47.0,559.0,119.0,361.0
            Edouard,1996,8,28,12,21.9,-63.2,hurricane,3.0,110,960,221,64,1,EDOUARD,AL051996,1996-08-28 12:00:00,1996-08-28 12:00:00,286.0,58.0,246.0,47.0,581.0,122.0,369.0
            Edouard,1996,8,28,18,22.3,-64.6,hurricane,3.0,110,956,287,92,1,EDOUARD,AL051996,1996-08-28 18:00:00,1996-08-28 18:00:00,287.0,59.0,306.0,45.0,571.0,125.0,395.0
            Edouard,1996,8,29,0,22.9,-65.9,hurricane,3.0,110,957,289,94,1,EDOUARD,AL051996,1996-08-29 00:00:00,1996-08-29 00:00:00,288.0,60.0,296.0,49.0,567.0,132.0,486.0
            Edouard,1996,8,29,60,23.4,-67.1,hurricane,3.0,110,961,290,96,1,EDOUARD,AL051996,1996-08-29 06:00:00,1996-08-29 06:00:00,289.0,62.0,200.0,49.0,534.0,124.0,500.0
            Edouard,1996,8,29,12,24.0,-68.1,hurricane,4.0,115,950,294,98,1,EDOUARD,AL051996,1996-08-29 12:00:00,1996-08-29 12:00:00,289.0,59.0,196.0,50.0,544.0,128.0,519.0
            Edouard,1996,8,29,18,24.7,-69.0,hurricane,4.0,120,948,305,108,1,EDOUARD,AL051996,1996-08-29 18:00:00,1996-08-29 18:00:00,289.0,51.0,296.0,52.0,531.0,134.0,556.0
            Edouard,1996,8,30,0,25.5,-69.5,hurricane,4.0,120,941,307,110,1,EDOUARD,AL051996,1996-08-30 00:00:00,1996-08-30 00:00:00,290.0,43.0,251.0,57.0,507.0,134.0,586.0
            Edouard,1996,8,30,60,26.4,-69.9,hurricane,4.0,120,939,310,111,1,EDOUARD,AL051996,1996-08-30 06:00:00,1996-08-30 06:00:00,290.0,37.0,285.0,51.0,506.0,133.0,647.0
            Edouard,1996,8,30,12,27.4,-70.2,hurricane,4.0,120,938,301,105,1,EDOUARD,AL051996,1996-08-30 12:00:00,1996-08-30 12:00:00,288.0,36.0,284.0,53.0,519.0,131.0,733.0
            Edouard,1996,8,30,18,28.5,-70.5,hurricane,4.0,120,934,304,105,1,EDOUARD,AL051996,1996-08-30 18:00:00,1996-08-30 18:00:00,287.0,35.0,321.0,52.0,501.0,130.0,832.0
            Edouard,1996,8,31,0,29.5,-70.5,hurricane,3.0,110,944,301,102,1,EDOUARD,AL051996,1996-08-31 00:00:00,1996-08-31 00:00:00,284.0,30.0,325.0,54.0,528.0,127.0,813.0
            Edouard,1996,8,31,60,30.4,-70.6,hurricane,3.0,105,950,309,106,1,EDOUARD,AL051996,1996-08-31 06:00:00,1996-08-31 06:00:00,281.0,26.0,309.0,51.0,516.0,121.0,734.0
            Edouard,1996,8,31,12,31.6,-70.3,hurricane,3.0,105,952,298,99,1,EDOUARD,AL051996,1996-08-31 12:00:00,1996-08-31 12:00:00,277.0,23.0,394.0,50.0,517.0,122.0,672.0
            Edouard,1996,8,31,18,32.7,-70.1,hurricane,3.0,100,953,306,98,1,EDOUARD,AL051996,1996-08-31 18:00:00,1996-08-31 18:00:00,274.0,19.0,406.0,50.0,534.0,123.0,613.0
            Edouard,1996,9,1,0,34.0,-70.1,hurricane,3.0,100,959,193,63,1,EDOUARD,AL051996,1996-09-01 00:00:00,1996-09-01 00:00:00,270.0,17.0,344.0,49.0,519.0,119.0,546.0
            Edouard,1996,9,1,60,35.2,-70.1,hurricane,3.0,100,958,205,64,1,EDOUARD,AL051996,1996-09-01 06:00:00,1996-09-01 06:00:00,271.0,19.0,322.0,52.0,477.0,103.0,512.0
            Edouard,1996,9,1,12,36.5,-70.2,hurricane,2.0,95,958,193,64,0,EDOUARD,AL051996,1996-09-01 12:00:00,1996-09-01 12:00:00,272.0,24.0,332.0,49.0,460.0,55.0,480.0
            Edouard,1996,9,1,18,37.5,-70.0,hurricane,2.0,85,960,184,46,0,EDOUARD,AL051996,1996-09-01 18:00:00,1996-09-01 18:00:00,269.0,33.0,278.0,50.0,468.0,0.0,426.0
            Edouard,1996,9,2,0,38.7,-69.5,hurricane,1.0,80,964,355,99,0,EDOUARD,AL051996,1996-09-02 00:00:00,1996-09-02 00:00:00,253.0,20.0,305.0,48.0,456.0,0.0,331.0
            Edouard,1996,9,2,60,39.8,-69.4,hurricane,1.0,70,961,361,82,0,EDOUARD,AL051996,1996-09-02 06:00:00,1996-09-02 06:00:00,231.0,0.0,349.0,49.0,463.0,0.0,215.0
            Edouard,1996,9,2,12,40.5,-68.3,hurricane,1.0,70,962,359,85,0,EDOUARD,AL051996,1996-09-02 12:00:00,1996-09-02 12:00:00,210.0,0.0,350.0,51.0,440.0,0.0,191.0
               Fran,1996,8,29,0,16.4,-53.7,hurricane,1.0,65,987,143,21,0,FRAN,AL061996,1996-08-29 00:00:00,1996-08-29 00:00:00,281.0,58.0,203.0,51.0,566.0,127.0,713.0
               Fran,1996,8,29,60,17.0,-55.0,hurricane,1.0,65,987,138,23,0,FRAN,AL061996,1996-08-29 06:00:00,1996-08-29 06:00:00,281.0,60.0,194.0,53.0,576.0,123.0,639.0
               Fran,1996,8,29,12,17.8,-56.3,hurricane,1.0,65,988,189,42,0,FRAN,AL061996,1996-08-29 12:00:00,1996-08-29 12:00:00,283.0,63.0,177.0,48.0,558.0,125.0,574.0
               Fran,1996,8,29,18,18.6,-57.5,hurricane,1.0,65,988,200,46,0,FRAN,AL061996,1996-08-29 18:00:00,1996-08-29 18:00:00,284.0,63.0,183.0,49.0,545.0,128.0,461.0
               Fran,1996,8,30,0,19.1,-58.5,hurricane,1.0,65,991,224,47,0,FRAN,AL061996,1996-08-30 00:00:00,1996-08-30 00:00:00,284.0,64.0,211.0,46.0,538.0,129.0,379.0
               Fran,1996,8,30,60,19.4,-59.4,hurricane,1.0,65,991,221,47,0,FRAN,AL061996,1996-08-30 06:00:00,1996-08-30 06:00:00,285.0,65.0,219.0,47.0,533.0,126.0,315.0
               Fran,1996,8,30,12,19.8,-60.1,hurricane,1.0,65,989,221,47,0,FRAN,AL061996,1996-08-30 12:00:00,1996-08-30 12:00:00,285.0,65.0,172.0,44.0,522.0,128.0,294.0
               Fran,1996,8,31,12,21.1,-61.4,hurricane,1.0,65,984,223,52,0,FRAN,AL061996,1996-08-31 12:00:00,1996-08-31 12:00:00,286.0,63.0,148.0,50.0,551.0,131.0,354.0
               Fran,1996,8,31,18,21.5,-61.7,hurricane,1.0,65,983,226,54,0,FRAN,AL061996,1996-08-31 18:00:00,1996-08-31 18:00:00,286.0,59.0,103.0,51.0,548.0,133.0,381.0
               Fran,1996,9,1,0,21.7,-62.1,hurricane,1.0,65,978,230,51,0,FRAN,AL061996,1996-09-01 00:00:00,1996-09-01 00:00:00,286.0,61.0,138.0,51.0,554.0,135.0,391.0
               Fran,1996,9,1,60,21.9,-62.6,hurricane,1.0,65,982,229,52,0,FRAN,AL061996,1996-09-01 06:00:00,1996-09-01 06:00:00,286.0,59.0,48.0,51.0,554.0,134.0,393.0
               Fran,1996,9,1,12,22.2,-63.2,hurricane,1.0,70,982,237,54,0,FRAN,AL061996,1996-09-01 12:00:00,1996-09-01 12:00:00,287.0,60.0,80.0,50.0,558.0,137.0,400.0
               Fran,1996,9,1,18,22.5,-63.9,hurricane,1.0,75,981,245,56,0,FRAN,AL061996,1996-09-01 18:00:00,1996-09-01 18:00:00,287.0,59.0,115.0,46.0,568.0,140.0,418.0
               Fran,1996,9,2,0,22.9,-64.7,hurricane,1.0,75,978,245,54,0,FRAN,AL061996,1996-09-02 00:00:00,1996-09-02 00:00:00,288.0,56.0,85.0,48.0,578.0,141.0,462.0
               Fran,1996,9,2,60,23.3,-65.7,hurricane,1.0,75,976,232,57,0,FRAN,AL061996,1996-09-02 06:00:00,1996-09-02 06:00:00,289.0,54.0,57.0,50.0,569.0,138.0,523.0
               Fran,1996,9,2,12,23.6,-66.7,hurricane,1.0,75,976,236,57,0,FRAN,AL061996,1996-09-02 12:00:00,1996-09-02 12:00:00,289.0,60.0,49.0,51.0,571.0,140.0,538.0
               Fran,1996,9,2,18,23.9,-67.9,hurricane,1.0,75,976,245,56,0,FRAN,AL061996,1996-09-02 18:00:00,1996-09-02 18:00:00,290.0,60.0,66.0,52.0,567.0,142.0,517.0
               Fran,1996,9,3,0,24.2,-69.0,hurricane,1.0,75,977,241,57,0,FRAN,AL061996,1996-09-03 00:00:00,1996-09-03 00:00:00,290.0,56.0,117.0,55.0,544.0,141.0,513.0
               Fran,1996,9,3,60,24.4,-70.1,hurricane,1.0,80,975,234,60,0,FRAN,AL061996,1996-09-03 06:00:00,1996-09-03 06:00:00,290.0,48.0,68.0,59.0,566.0,137.0,454.0
               Fran,1996,9,3,12,24.7,-71.2,hurricane,1.0,80,973,237,63,0,FRAN,AL061996,1996-09-03 12:00:00,1996-09-03 12:00:00,290.0,49.0,53.0,58.0,571.0,134.0,419.0
               Fran,1996,9,3,18,25.2,-72.2,hurricane,2.0,85,968,216,65,0,FRAN,AL061996,1996-09-03 18:00:00,1996-09-03 18:00:00,290.0,51.0,83.0,55.0,592.0,134.0,439.0
               Fran,1996,9,4,0,25.7,-73.1,hurricane,2.0,95,961,304,124,0,FRAN,AL061996,1996-09-04 00:00:00,1996-09-04 00:00:00,290.0,55.0,105.0,59.0,594.0,135.0,481.0
               Fran,1996,9,4,60,26.4,-73.9,hurricane,3.0,100,953,209,63,1,FRAN,AL061996,1996-09-04 06:00:00,1996-09-04 06:00:00,289.0,49.0,63.0,58.0,597.0,130.0,430.0
               Fran,1996,9,4,12,27.0,-74.7,hurricane,3.0,105,956,212,64,1,FRAN,AL061996,1996-09-04 12:00:00,1996-09-04 12:00:00,288.0,49.0,76.0,60.0,588.0,125.0,388.0
               Fran,1996,9,4,18,27.7,-75.5,hurricane,3.0,105,952,210,64,1,FRAN,AL061996,1996-09-04 18:00:00,1996-09-04 18:00:00,289.0,57.0,121.0,56.0,575.0,129.0,376.0
               Fran,1996,9,5,0,28.6,-76.1,hurricane,3.0,105,946,213,66,1,FRAN,AL061996,1996-09-05 00:00:00,1996-09-05 00:00:00,288.0,59.0,174.0,53.0,580.0,133.0,426.0
               Fran,1996,9,5,60,29.8,-76.7,hurricane,3.0,105,952,208,66,1,FRAN,AL061996,1996-09-05 06:00:00,1996-09-05 06:00:00,286.0,50.0,214.0,60.0,570.0,126.0,409.0
               Fran,1996,9,5,12,31.0,-77.2,hurricane,3.0,100,954,204,66,1,FRAN,AL061996,1996-09-05 12:00:00,1996-09-05 12:00:00,284.0,53.0,187.0,57.0,562.0,124.0,306.0
               Fran,1996,9,5,18,32.3,-77.8,hurricane,3.0,100,952,203,66,1,FRAN,AL061996,1996-09-05 18:00:00,1996-09-05 18:00:00,283.0,64.0,201.0,59.0,569.0,108.0,170.0
               Fran,1996,9,6,0,33.7,-78.0,hurricane,3.0,100,954,204,67,1,FRAN,AL061996,1996-09-06 00:00:00,1996-09-06 00:00:00,278.0,37.0,239.0,58.0,545.0,78.0,23.0
           Hortense,1996,9,9,60,16.1,-64.5,hurricane,1.0,70,987,185,37,0,HORTENSE,AL081996,1996-09-09 06:00:00,1996-09-09 06:00:00,290.0,76.0,134.0,64.0,543.0,149.0,180.0
           Hortense,1996,9,9,12,16.3,-65.0,hurricane,1.0,70,985,186,37,0,HORTENSE,AL081996,1996-09-09 12:00:00,1996-09-09 12:00:00,290.0,80.0,212.0,60.0,549.0,149.0,155.0
           Hortense,1996,9,9,18,16.6,-65.6,hurricane,1.0,70,990,186,37,0,HORTENSE,AL081996,1996-09-09 18:00:00,1996-09-09 18:00:00,290.0,80.0,245.0,58.0,570.0,148.0,143.0
           Hortense,1996,9,10,0,17.1,-66.1,hurricane,1.0,70,989,187,37,0,HORTENSE,AL081996,1996-09-10 00:00:00,1996-09-10 00:00:00,290.0,80.0,197.0,60.0,565.0,147.0,93.0
           Hortense,1996,9,10,12,18.3,-67.8,hurricane,1.0,65,989,199,40,0,HORTENSE,AL081996,1996-09-10 12:00:00,1996-09-10 12:00:00,290.0,77.0,226.0,60.0,578.0,139.0,57.0
           Hortense,1996,9,10,18,18.9,-68.4,hurricane,1.0,65,990,223,41,0,HORTENSE,AL081996,1996-09-10 18:00:00,1996-09-10 18:00:00,289.0,75.0,224.0,57.0,577.0,139.0,19.0
           Hortense,1996,9,11,0,19.5,-68.9,hurricane,1.0,70,982,238,48,0,HORTENSE,AL081996,1996-09-11 00:00:00,1996-09-11 00:00:00,289.0,76.0,213.0,58.0,569.0,141.0,34.0
           Hortense,1996,9,11,60,20.1,-69.5,hurricane,1.0,75,975,244,54,0,HORTENSE,AL081996,1996-09-11 06:00:00,1996-09-11 06:00:00,289.0,76.0,212.0,54.0,576.0,135.0,68.0
           Hortense,1996,9,11,12,20.9,-70.1,hurricane,2.0,90,971,245,73,0,HORTENSE,AL081996,1996-09-11 12:00:00,1996-09-11 12:00:00,290.0,70.0,209.0,55.0,558.0,139.0,131.0
           Hortense,1996,9,11,18,21.6,-70.6,hurricane,2.0,95,970,288,112,0,HORTENSE,AL081996,1996-09-11 18:00:00,1996-09-11 18:00:00,290.0,67.0,225.0,56.0,560.0,139.0,191.0
           Hortense,1996,9,12,0,22.3,-71.1,hurricane,3.0,100,967,310,124,1,HORTENSE,AL081996,1996-09-12 00:00:00,1996-09-12 00:00:00,290.0,64.0,219.0,56.0,541.0,139.0,225.0
           Hortense,1996,9,12,60,23.0,-71.4,hurricane,3.0,105,962,311,122,1,HORTENSE,AL081996,1996-09-12 06:00:00,1996-09-12 06:00:00,290.0,65.0,151.0,62.0,563.0,133.0,249.0
           Hortense,1996,9,12,12,23.9,-71.8,hurricane,4.0,115,959,352,130,1,HORTENSE,AL081996,1996-09-12 12:00:00,1996-09-12 12:00:00,290.0,59.0,131.0,61.0,562.0,130.0,312.0
           Hortense,1996,9,12,18,24.7,-71.8,hurricane,4.0,115,946,352,131,1,HORTENSE,AL081996,1996-09-12 18:00:00,1996-09-12 18:00:00,290.0,54.0,143.0,56.0,576.0,124.0,396.0
           Hortense,1996,9,13,0,25.9,-71.5,hurricane,4.0,120,935,250,84,1,HORTENSE,AL081996,1996-09-13 00:00:00,1996-09-13 00:00:00,290.0,42.0,123.0,55.0,581.0,116.0,532.0
           Hortense,1996,9,13,60,27.2,-71.4,hurricane,4.0,115,942,230,73,1,HORTENSE,AL081996,1996-09-13 06:00:00,1996-09-13 06:00:00,288.0,39.0,162.0,48.0,569.0,89.0,674.0
           Hortense,1996,9,13,12,29.0,-70.9,hurricane,3.0,100,948,219,62,1,HORTENSE,AL081996,1996-09-13 12:00:00,1996-09-13 12:00:00,282.0,33.0,199.0,44.0,548.0,82.0,822.0
           Hortense,1996,9,13,18,31.0,-70.3,hurricane,3.0,100,948,197,60,1,HORTENSE,AL081996,1996-09-13 18:00:00,1996-09-13 18:00:00,275.0,24.0,277.0,46.0,541.0,97.0,713.0
           Hortense,1996,9,14,0,33.3,-69.5,hurricane,2.0,90,948,204,62,0,HORTENSE,AL081996,1996-09-14 00:00:00,1996-09-14 00:00:00,268.0,15.0,347.0,46.0,520.0,56.0,628.0
           Hortense,1996,9,14,60,35.9,-68.4,hurricane,2.0,90,955,208,64,0,HORTENSE,AL081996,1996-09-14 06:00:00,1996-09-14 06:00:00,268.0,18.0,447.0,54.0,504.0,0.0,647.0
           Hortense,1996,9,14,12,38.5,-67.1,hurricane,2.0,85,960,452,130,0,HORTENSE,AL081996,1996-09-14 12:00:00,1996-09-14 12:00:00,253.0,14.0,485.0,50.0,455.0,0.0,430.0
           Hortense,1996,9,14,18,42.0,-65.2,hurricane,1.0,75,960,624,144,0,HORTENSE,AL081996,1996-09-14 18:00:00,1996-09-14 18:00:00,168.0,0.0,455.0,41.0,465.0,6.0,174.0
           Hortense,1996,9,15,0,44.3,-63.3,hurricane,1.0,70,970,512,103,0,HORTENSE,AL081996,1996-09-15 00:00:00,1996-09-15 00:00:00,158.0,0.0,431.0,34.0,442.0,3.0,25.0
            Isidore,1996,9,26,60,11.7,-34.2,hurricane,1.0,70,984,144,31,0,ISIDORE,AL091996,1996-09-26 06:00:00,1996-09-26 06:00:00,281.0,24.0,42.0,63.0,580.0,141.0,1739.0
            Isidore,1996,9,26,12,12.4,-35.8,hurricane,1.0,70,980,137,26,0,ISIDORE,AL091996,1996-09-26 12:00:00,1996-09-26 12:00:00,279.0,23.0,75.0,65.0,590.0,138.0,1757.0
            Isidore,1996,9,26,18,12.8,-37.1,hurricane,1.0,75,977,210,49,0,ISIDORE,AL091996,1996-09-26 18:00:00,1996-09-26 18:00:00,279.0,23.0,77.0,66.0,582.0,137.0,1768.0
            Isidore,1996,9,27,0,13.1,-38.6,hurricane,1.0,80,974,228,52,0,ISIDORE,AL091996,1996-09-27 00:00:00,1996-09-27 00:00:00,277.0,24.0,79.0,66.0,572.0,134.0,1710.0
            Isidore,1996,9,27,60,13.7,-39.8,hurricane,2.0,85,972,250,58,0,ISIDORE,AL091996,1996-09-27 06:00:00,1996-09-27 06:00:00,278.0,25.0,75.0,67.0,564.0,130.0,1645.0
            Isidore,1996,9,27,12,14.1,-41.1,hurricane,2.0,90,968,245,60,0,ISIDORE,AL091996,1996-09-27 12:00:00,1996-09-27 12:00:00,276.0,26.0,101.0,69.0,553.0,127.0,1570.0
            Isidore,1996,9,27,18,14.9,-42.2,hurricane,2.0,95,963,266,67,0,ISIDORE,AL091996,1996-09-27 18:00:00,1996-09-27 18:00:00,277.0,28.0,137.0,67.0,558.0,126.0,1553.0
            Isidore,1996,9,28,0,15.8,-42.9,hurricane,3.0,100,960,283,76,1,ISIDORE,AL091996,1996-09-28 00:00:00,1996-09-28 00:00:00,274.0,31.0,142.0,62.0,565.0,127.0,1584.0
            Isidore,1996,9,28,60,16.7,-43.1,hurricane,3.0,100,961,285,77,1,ISIDORE,AL091996,1996-09-28 06:00:00,1996-09-28 06:00:00,274.0,31.0,133.0,58.0,570.0,125.0,1646.0
            Isidore,1996,9,28,12,17.8,-43.2,hurricane,2.0,95,965,274,73,0,ISIDORE,AL091996,1996-09-28 12:00:00,1996-09-28 12:00:00,273.0,30.0,196.0,55.0,571.0,124.0,1733.0
            Isidore,1996,9,28,18,19.0,-43.2,hurricane,2.0,90,968,275,71,0,ISIDORE,AL091996,1996-09-28 18:00:00,1996-09-28 18:00:00,272.0,27.0,242.0,53.0,564.0,121.0,1840.0
            Isidore,1996,9,29,0,20.0,-42.9,hurricane,2.0,85,973,245,60,0,ISIDORE,AL091996,1996-09-29 00:00:00,1996-09-29 00:00:00,272.0,26.0,284.0,50.0,546.0,103.0,1917.0
            Isidore,1996,9,29,60,20.8,-42.2,hurricane,1.0,75,979,231,59,0,ISIDORE,AL091996,1996-09-29 06:00:00,1996-09-29 06:00:00,272.0,23.0,305.0,48.0,528.0,103.0,2018.0
            Isidore,1996,9,29,12,21.8,-41.3,hurricane,1.0,70,982,224,58,0,ISIDORE,AL091996,1996-09-29 12:00:00,1996-09-29 12:00:00,271.0,20.0,361.0,47.0,522.0,112.0,2148.0
            Isidore,1996,9,29,18,22.6,-40.9,hurricane,1.0,65,986,221,53,0,ISIDORE,AL091996,1996-09-29 18:00:00,1996-09-29 18:00:00,269.0,17.0,448.0,51.0,506.0,119.0,2223.0
               Lili,1996,10,17,12,19.6,-83.5,hurricane,1.0,65,987,227,45,0,LILI,AL121996,1996-10-17 12:00:00,1996-10-17 12:00:00,293.0,105.0,121.0,65.0,599.0,148.0,213.0
               Lili,1996,10,17,18,20.5,-83.1,hurricane,1.0,70,984,236,54,0,LILI,AL121996,1996-10-17 18:00:00,1996-10-17 18:00:00,293.0,116.0,148.0,66.0,591.0,149.0,108.0
               Lili,1996,10,18,0,21.3,-82.8,hurricane,1.0,70,982,242,54,0,LILI,AL121996,1996-10-18 00:00:00,1996-10-18 00:00:00,291.0,110.0,183.0,61.0,598.0,145.0,22.0
               Lili,1996,10,18,60,21.8,-82.2,hurricane,1.0,75,980,259,47,0,LILI,AL121996,1996-10-18 06:00:00,1996-10-18 06:00:00,291.0,102.0,166.0,59.0,604.0,148.0,44.0
               Lili,1996,10,19,0,23.0,-78.2,hurricane,2.0,85,975,251,66,0,LILI,AL121996,1996-10-19 00:00:00,1996-10-19 00:00:00,286.0,81.0,234.0,53.0,581.0,134.0,87.0
               Lili,1996,10,19,60,23.5,-76.2,hurricane,2.0,90,970,256,82,0,LILI,AL121996,1996-10-19 06:00:00,1996-10-19 06:00:00,286.0,63.0,226.0,52.0,559.0,120.0,140.0
               Lili,1996,10,19,12,24.4,-74.0,hurricane,3.0,100,960,237,74,1,LILI,AL121996,1996-10-19 12:00:00,1996-10-19 12:00:00,284.0,54.0,250.0,49.0,559.0,111.0,357.0
               Lili,1996,10,19,18,25.5,-71.5,hurricane,2.0,90,962,342,130,0,LILI,AL121996,1996-10-19 18:00:00,1996-10-19 18:00:00,281.0,39.0,285.0,46.0,550.0,106.0,490.0
               Lili,1996,10,20,0,26.9,-69.0,hurricane,1.0,80,964,275,81,0,LILI,AL121996,1996-10-20 00:00:00,1996-10-20 00:00:00,277.0,31.0,232.0,47.0,540.0,108.0,741.0
               Lili,1996,10,20,60,28.3,-67.0,hurricane,1.0,80,968,244,64,0,LILI,AL121996,1996-10-20 06:00:00,1996-10-20 06:00:00,270.0,15.0,233.0,47.0,546.0,100.0,984.0
               Lili,1996,10,20,12,29.6,-65.0,hurricane,2.0,85,960,254,74,0,LILI,AL121996,1996-10-20 12:00:00,1996-10-20 12:00:00,266.0,8.0,335.0,44.0,504.0,87.0,1207.0
               Lili,1996,10,20,18,30.7,-62.9,hurricane,1.0,75,970,265,50,0,LILI,AL121996,1996-10-20 18:00:00,1996-10-20 18:00:00,262.0,3.0,370.0,41.0,517.0,83.0,1314.0
               Lili,1996,10,21,0,31.9,-60.8,hurricane,1.0,75,980,282,56,0,LILI,AL121996,1996-10-21 00:00:00,1996-10-21 00:00:00,259.0,0.0,328.0,33.0,507.0,86.0,1359.0
               Lili,1996,10,21,60,33.0,-59.1,hurricane,1.0,70,985,279,54,0,LILI,AL121996,1996-10-21 06:00:00,1996-10-21 06:00:00,251.0,0.0,403.0,32.0,475.0,87.0,1298.0
               Lili,1996,10,21,12,33.7,-57.9,hurricane,1.0,65,986,298,56,0,LILI,AL121996,1996-10-21 12:00:00,1996-10-21 12:00:00,250.0,0.0,407.0,31.0,394.0,92.0,1277.0
               Lili,1996,10,21,18,34.0,-57.0,hurricane,1.0,65,987,291,54,0,LILI,AL121996,1996-10-21 18:00:00,1996-10-21 18:00:00,247.0,0.0,337.0,31.0,400.0,95.0,1290.0
               Lili,1996,10,22,0,34.0,-55.9,hurricane,1.0,65,987,317,60,0,LILI,AL121996,1996-10-22 00:00:00,1996-10-22 00:00:00,246.0,0.0,310.0,31.0,402.0,97.0,1326.0
               Lili,1996,10,22,60,33.8,-55.2,hurricane,1.0,65,987,319,60,0,LILI,AL121996,1996-10-22 06:00:00,1996-10-22 06:00:00,249.0,0.0,301.0,31.0,400.0,99.0,1369.0
               Lili,1996,10,22,12,33.7,-54.6,hurricane,1.0,65,987,324,58,0,LILI,AL121996,1996-10-22 12:00:00,1996-10-22 12:00:00,249.0,0.0,265.0,36.0,384.0,109.0,1400.0
               Lili,1996,10,22,18,33.5,-54.0,hurricane,1.0,65,987,320,59,0,LILI,AL121996,1996-10-22 18:00:00,1996-10-22 18:00:00,248.0,0.0,229.0,38.0,394.0,113.0,1443.0
               Lili,1996,10,23,0,33.4,-53.9,hurricane,1.0,65,987,316,60,0,LILI,AL121996,1996-10-23 00:00:00,1996-10-23 00:00:00,248.0,0.0,196.0,41.0,400.0,112.0,1457.0
               Lili,1996,10,23,60,33.2,-53.8,hurricane,1.0,65,985,314,59,0,LILI,AL121996,1996-10-23 06:00:00,1996-10-23 06:00:00,248.0,0.0,202.0,39.0,428.0,114.0,1481.0
               Lili,1996,10,23,12,33.1,-53.7,hurricane,1.0,65,981,318,58,0,LILI,AL121996,1996-10-23 12:00:00,1996-10-23 12:00:00,248.0,0.0,192.0,42.0,442.0,118.0,1495.0
               Lili,1996,10,23,18,33.3,-53.2,hurricane,1.0,70,979,324,66,0,LILI,AL121996,1996-10-23 18:00:00,1996-10-23 18:00:00,248.0,0.0,184.0,43.0,442.0,117.0,1480.0
               Lili,1996,10,24,0,33.7,-52.8,hurricane,1.0,70,979,316,66,0,LILI,AL121996,1996-10-24 00:00:00,1996-10-24 00:00:00,247.0,0.0,116.0,45.0,444.0,115.0,1436.0
               Lili,1996,10,24,60,34.0,-52.5,hurricane,1.0,70,979,317,67,0,LILI,AL121996,1996-10-24 06:00:00,1996-10-24 06:00:00,244.0,0.0,196.0,43.0,455.0,111.0,1404.0
               Lili,1996,10,24,12,34.0,-51.9,hurricane,1.0,70,979,316,64,0,LILI,AL121996,1996-10-24 12:00:00,1996-10-24 12:00:00,243.0,0.0,179.0,42.0,464.0,109.0,1408.0
               Lili,1996,10,24,18,34.1,-51.2,hurricane,1.0,75,979,313,67,0,LILI,AL121996,1996-10-24 18:00:00,1996-10-24 18:00:00,243.0,0.0,194.0,40.0,472.0,103.0,1403.0
               Lili,1996,10,25,0,34.3,-49.9,hurricane,1.0,80,977,515,120,0,LILI,AL121996,1996-10-25 00:00:00,1996-10-25 00:00:00,241.0,0.0,197.0,44.0,454.0,100.0,1398.0
               Lili,1996,10,25,60,35.0,-47.8,hurricane,1.0,80,973,522,125,0,LILI,AL121996,1996-10-25 06:00:00,1996-10-25 06:00:00,237.0,0.0,217.0,44.0,443.0,84.0,1368.0
               Lili,1996,10,25,12,35.8,-45.4,hurricane,2.0,85,970,518,129,0,LILI,AL121996,1996-10-25 12:00:00,1996-10-25 12:00:00,236.0,0.0,250.0,43.0,453.0,77.0,1366.0
               Lili,1996,10,25,18,37.2,-43.3,hurricane,1.0,80,971,544,131,0,LILI,AL121996,1996-10-25 18:00:00,1996-10-25 18:00:00,228.0,0.0,295.0,45.0,436.0,72.0,1325.0
               Lili,1996,10,26,0,38.1,-41.0,hurricane,1.0,75,975,555,124,0,LILI,AL121996,1996-10-26 00:00:00,1996-10-26 00:00:00,219.0,0.0,311.0,45.0,435.0,40.0,1374.0
               Lili,1996,10,26,60,39.2,-38.8,hurricane,1.0,70,978,562,117,0,LILI,AL121996,1996-10-26 06:00:00,1996-10-26 06:00:00,213.0,0.0,343.0,45.0,405.0,29.0,1425.0
               Lili,1996,10,26,12,40.5,-35.8,hurricane,1.0,65,979,651,172,0,LILI,AL121996,1996-10-26 12:00:00,1996-10-26 12:00:00,205.0,0.0,387.0,46.0,388.0,21.0,1545.0
              Marco,1996,11,20,60,13.8,-78.5,hurricane,1.0,65,983,142,25,0,MARCO,AL131996,1996-11-20 06:00:00,1996-11-20 06:00:00,287.0,57.0,206.0,55.0,528.0,155.0,460.0
              Marco,1996,11,20,12,14.2,-77.8,hurricane,1.0,65,989,149,25,0,MARCO,AL131996,1996-11-20 12:00:00,1996-11-20 12:00:00,287.0,60.0,308.0,57.0,513.0,158.0,400.0
               Bill,1997,7,12,12,37.9,-61.1,hurricane,1.0,65,987,225,52,0,BILL,AL031997,1997-07-12 12:00:00,1997-07-12 12:00:00,251.0,0.0,267.0,34.0,384.0,23.0,728.0
               Bill,1997,7,12,18,39.6,-58.4,hurricane,1.0,65,987,297,47,0,BILL,AL031997,1997-07-12 18:00:00,1997-07-12 18:00:00,246.0,0.0,330.0,39.0,342.0,0.0,665.0
              Danny,1997,7,18,60,29.2,-89.9,hurricane,1.0,65,992,225,55,0,DANNY,AL051997,1997-07-18 06:00:00,1997-07-18 06:00:00,295.0,40.0,77.0,55.0,501.0,157.0,16.0
              Danny,1997,7,18,12,29.5,-89.4,hurricane,1.0,70,990,193,59,0,DANNY,AL051997,1997-07-18 12:00:00,1997-07-18 12:00:00,295.0,36.0,26.0,53.0,521.0,154.0,9.0
              Danny,1997,7,18,18,29.7,-89.0,hurricane,1.0,70,988,191,53,0,DANNY,AL051997,1997-07-18 18:00:00,1997-07-18 18:00:00,294.0,37.0,68.0,49.0,505.0,162.0,40.0
              Danny,1997,7,19,0,29.8,-88.4,hurricane,1.0,70,984,191,56,0,DANNY,AL051997,1997-07-19 00:00:00,1997-07-19 00:00:00,294.0,31.0,61.0,48.0,501.0,163.0,60.0
              Danny,1997,7,19,60,30.1,-88.1,hurricane,1.0,65,987,187,46,0,DANNY,AL051997,1997-07-19 06:00:00,1997-07-19 06:00:00,294.0,33.0,71.0,48.0,500.0,147.0,19.0
              Danny,1997,7,19,12,30.3,-88.0,hurricane,1.0,70,984,189,57,0,DANNY,AL051997,1997-07-19 12:00:00,1997-07-19 12:00:00,293.0,26.0,49.0,50.0,495.0,148.0,8.0
              Danny,1997,7,19,18,30.4,-87.9,hurricane,1.0,65,986,191,52,0,DANNY,AL051997,1997-07-19 18:00:00,1997-07-19 18:00:00,293.0,26.0,10.0,47.0,493.0,160.0,7.0
              Erika,1997,9,4,18,15.2,-53.7,hurricane,1.0,65,999,186,36,0,ERIKA,AL071997,1997-09-04 18:00:00,1997-09-04 18:00:00,282.0,61.0,182.0,54.0,590.0,127.0,657.0
              Erika,1997,9,5,0,15.6,-55.3,hurricane,1.0,65,998,185,36,0,ERIKA,AL071997,1997-09-05 00:00:00,1997-09-05 00:00:00,284.0,64.0,179.0,52.0,588.0,132.0,521.0
              Erika,1997,9,5,60,16.0,-56.4,hurricane,1.0,65,997,185,36,0,ERIKA,AL071997,1997-09-05 06:00:00,1997-09-05 06:00:00,285.0,66.0,137.0,51.0,566.0,132.0,454.0
              Erika,1997,9,5,12,16.4,-57.4,hurricane,1.0,65,996,185,37,0,ERIKA,AL071997,1997-09-05 12:00:00,1997-09-05 12:00:00,285.0,70.0,242.0,53.0,569.0,134.0,415.0
              Erika,1997,9,5,18,17.0,-58.3,hurricane,1.0,65,990,190,40,0,ERIKA,AL071997,1997-09-05 18:00:00,1997-09-05 18:00:00,285.0,72.0,222.0,53.0,572.0,136.0,357.0
              Erika,1997,9,6,0,17.5,-59.2,hurricane,1.0,65,988,188,39,0,ERIKA,AL071997,1997-09-06 00:00:00,1997-09-06 00:00:00,286.0,72.0,192.0,53.0,569.0,141.0,265.0
              Erika,1997,9,6,60,18.1,-60.0,hurricane,1.0,70,986,201,43,0,ERIKA,AL071997,1997-09-06 06:00:00,1997-09-06 06:00:00,285.0,71.0,189.0,55.0,559.0,135.0,191.0
              Erika,1997,9,6,12,18.6,-60.9,hurricane,1.0,70,982,198,44,0,ERIKA,AL071997,1997-09-06 12:00:00,1997-09-06 12:00:00,286.0,70.0,205.0,53.0,531.0,134.0,138.0
              Erika,1997,9,6,18,19.0,-61.7,hurricane,1.0,75,980,183,38,0,ERIKA,AL071997,1997-09-06 18:00:00,1997-09-06 18:00:00,286.0,68.0,228.0,54.0,550.0,134.0,143.0
              Erika,1997,9,7,0,19.4,-62.4,hurricane,1.0,75,979,230,48,0,ERIKA,AL071997,1997-09-07 00:00:00,1997-09-07 00:00:00,286.0,67.0,193.0,57.0,547.0,136.0,138.0
              Erika,1997,9,7,60,19.7,-62.8,hurricane,1.0,75,978,239,52,0,ERIKA,AL071997,1997-09-07 06:00:00,1997-09-07 06:00:00,286.0,68.0,154.0,57.0,558.0,131.0,158.0
              Erika,1997,9,7,12,20.2,-63.1,hurricane,1.0,75,975,232,51,0,ERIKA,AL071997,1997-09-07 12:00:00,1997-09-07 12:00:00,287.0,67.0,130.0,59.0,560.0,133.0,205.0
              Erika,1997,9,7,18,20.6,-63.2,hurricane,2.0,90,970,221,61,0,ERIKA,AL071997,1997-09-07 18:00:00,1997-09-07 18:00:00,287.0,67.0,177.0,58.0,550.0,133.0,236.0
              Erika,1997,9,8,0,21.2,-63.2,hurricane,2.0,95,966,216,63,0,ERIKA,AL071997,1997-09-08 00:00:00,1997-09-08 00:00:00,287.0,67.0,161.0,61.0,554.0,137.0,296.0
              Erika,1997,9,8,60,21.8,-63.2,hurricane,3.0,100,961,215,64,1,ERIKA,AL071997,1997-09-08 06:00:00,1997-09-08 06:00:00,287.0,63.0,210.0,64.0,573.0,138.0,358.0
              Erika,1997,9,8,12,22.5,-62.9,hurricane,3.0,105,957,217,65,1,ERIKA,AL071997,1997-09-08 12:00:00,1997-09-08 12:00:00,287.0,59.0,259.0,62.0,562.0,143.0,442.0
              Erika,1997,9,8,18,23.2,-62.5,hurricane,3.0,110,952,215,66,1,ERIKA,AL071997,1997-09-08 18:00:00,1997-09-08 18:00:00,287.0,56.0,198.0,61.0,579.0,148.0,529.0
              Erika,1997,9,9,0,24.1,-62.0,hurricane,3.0,110,948,234,66,1,ERIKA,AL071997,1997-09-09 00:00:00,1997-09-09 00:00:00,287.0,51.0,235.0,58.0,584.0,151.0,641.0
              Erika,1997,9,9,60,25.2,-61.4,hurricane,3.0,110,946,264,81,1,ERIKA,AL071997,1997-09-09 06:00:00,1997-09-09 06:00:00,287.0,44.0,239.0,55.0,591.0,153.0,777.0
              Erika,1997,9,9,12,26.5,-60.8,hurricane,3.0,110,947,234,64,1,ERIKA,AL071997,1997-09-09 12:00:00,1997-09-09 12:00:00,286.0,34.0,297.0,50.0,606.0,154.0,934.0
              Erika,1997,9,9,18,27.9,-60.2,hurricane,3.0,110,951,231,62,1,ERIKA,AL071997,1997-09-09 18:00:00,1997-09-09 18:00:00,285.0,24.0,209.0,53.0,584.0,149.0,1100.0
              Erika,1997,9,10,0,29.3,-59.6,hurricane,3.0,105,955,235,60,1,ERIKA,AL071997,1997-09-10 00:00:00,1997-09-10 00:00:00,282.0,22.0,213.0,55.0,567.0,133.0,1266.0
              Erika,1997,9,10,60,30.8,-58.9,hurricane,3.0,100,960,210,60,1,ERIKA,AL071997,1997-09-10 06:00:00,1997-09-10 06:00:00,280.0,18.0,275.0,51.0,561.0,119.0,1446.0
              Erika,1997,9,10,12,32.2,-58.3,hurricane,2.0,95,965,213,60,0,ERIKA,AL071997,1997-09-10 12:00:00,1997-09-10 12:00:00,274.0,12.0,268.0,44.0,567.0,105.0,1410.0
              Erika,1997,9,10,18,33.6,-57.5,hurricane,2.0,90,970,194,59,0,ERIKA,AL071997,1997-09-10 18:00:00,1997-09-10 18:00:00,271.0,8.0,281.0,43.0,544.0,101.0,1304.0
              Erika,1997,9,11,0,34.8,-56.4,hurricane,1.0,80,973,200,59,0,ERIKA,AL071997,1997-09-11 00:00:00,1997-09-11 00:00:00,268.0,4.0,337.0,42.0,533.0,94.0,1227.0
              Erika,1997,9,11,60,35.7,-55.1,hurricane,1.0,75,977,230,60,0,ERIKA,AL071997,1997-09-11 06:00:00,1997-09-11 06:00:00,264.0,0.0,304.0,42.0,516.0,86.0,1178.0
              Erika,1997,9,11,12,36.4,-53.6,hurricane,1.0,70,984,230,57,0,ERIKA,AL071997,1997-09-11 12:00:00,1997-09-11 12:00:00,261.0,0.0,270.0,43.0,506.0,86.0,1135.0
              Erika,1997,9,11,18,37.1,-51.9,hurricane,1.0,65,988,231,51,0,ERIKA,AL071997,1997-09-11 18:00:00,1997-09-11 18:00:00,260.0,0.0,321.0,42.0,528.0,91.0,1065.0
             Bonnie,1998,8,22,0,21.1,-67.3,hurricane,1.0,65,991,231,53,0,BONNIE,AL021998,1998-08-22 00:00:00,1998-08-22 00:00:00,287.0,66.0,62.0,58.0,638.0,139.0,278.0
             Bonnie,1998,8,22,60,21.8,-68.7,hurricane,1.0,70,989,236,60,0,BONNIE,AL021998,1998-08-22 06:00:00,1998-08-22 06:00:00,287.0,64.0,94.0,55.0,640.0,137.0,272.0
             Bonnie,1998,8,22,12,22.3,-69.8,hurricane,1.0,75,980,225,60,0,BONNIE,AL021998,1998-08-22 12:00:00,1998-08-22 12:00:00,287.0,59.0,165.0,54.0,638.0,135.0,289.0
             Bonnie,1998,8,22,18,23.0,-70.5,hurricane,2.0,85,970,214,64,0,BONNIE,AL021998,1998-08-22 18:00:00,1998-08-22 18:00:00,289.0,57.0,248.0,53.0,636.0,138.0,319.0
             Bonnie,1998,8,23,0,23.4,-71.0,hurricane,2.0,90,962,215,62,0,BONNIE,AL021998,1998-08-23 00:00:00,1998-08-23 00:00:00,289.0,56.0,242.0,55.0,645.0,141.0,310.0
             Bonnie,1998,8,23,60,23.8,-71.3,hurricane,2.0,95,960,293,97,0,BONNIE,AL021998,1998-08-23 06:00:00,1998-08-23 06:00:00,289.0,54.0,248.0,55.0,649.0,142.0,327.0
             Bonnie,1998,8,23,12,24.1,-71.5,hurricane,3.0,100,958,218,65,1,BONNIE,AL021998,1998-08-23 12:00:00,1998-08-23 12:00:00,290.0,54.0,291.0,53.0,647.0,145.0,346.0
             Bonnie,1998,8,23,18,24.4,-71.7,hurricane,3.0,100,955,217,65,1,BONNIE,AL021998,1998-08-23 18:00:00,1998-08-23 18:00:00,290.0,50.0,291.0,54.0,638.0,149.0,368.0
             Bonnie,1998,8,24,0,24.8,-71.8,hurricane,3.0,100,954,289,98,1,BONNIE,AL021998,1998-08-24 00:00:00,1998-08-24 00:00:00,290.0,50.0,313.0,57.0,592.0,147.0,406.0
             Bonnie,1998,8,24,60,25.2,-72.1,hurricane,3.0,100,960,293,100,1,BONNIE,AL021998,1998-08-24 06:00:00,1998-08-24 06:00:00,290.0,50.0,276.0,55.0,577.0,145.0,441.0
             Bonnie,1998,8,24,12,25.6,-72.4,hurricane,3.0,100,962,294,99,1,BONNIE,AL021998,1998-08-24 12:00:00,1998-08-24 12:00:00,290.0,50.0,276.0,56.0,579.0,148.0,480.0
             Bonnie,1998,8,24,18,26.1,-72.8,hurricane,3.0,100,962,296,105,1,BONNIE,AL021998,1998-08-24 18:00:00,1998-08-24 18:00:00,290.0,47.0,250.0,56.0,576.0,148.0,521.0
             Bonnie,1998,8,25,0,26.9,-73.2,hurricane,3.0,100,963,219,66,1,BONNIE,AL021998,1998-08-25 00:00:00,1998-08-25 00:00:00,290.0,40.0,202.0,53.0,580.0,148.0,517.0
             Bonnie,1998,8,25,60,27.8,-73.8,hurricane,3.0,100,962,218,65,1,BONNIE,AL021998,1998-08-25 06:00:00,1998-08-25 06:00:00,289.0,41.0,132.0,54.0,581.0,145.0,511.0
             Bonnie,1998,8,25,12,28.8,-74.7,hurricane,3.0,100,963,220,64,1,BONNIE,AL021998,1998-08-25 12:00:00,1998-08-25 12:00:00,287.0,41.0,133.0,51.0,578.0,148.0,520.0
             Bonnie,1998,8,25,18,29.8,-75.6,hurricane,3.0,100,963,212,62,1,BONNIE,AL021998,1998-08-25 18:00:00,1998-08-25 18:00:00,286.0,42.0,113.0,43.0,573.0,140.0,508.0
             Bonnie,1998,8,26,0,30.8,-76.4,hurricane,3.0,100,958,194,59,1,BONNIE,AL021998,1998-08-26 00:00:00,1998-08-26 00:00:00,286.0,51.0,82.0,42.0,580.0,128.0,376.0
             Bonnie,1998,8,26,60,31.7,-77.3,hurricane,3.0,100,964,191,58,1,BONNIE,AL021998,1998-08-26 06:00:00,1998-08-26 06:00:00,286.0,61.0,59.0,43.0,540.0,116.0,246.0
             Bonnie,1998,8,26,12,32.7,-77.8,hurricane,3.0,100,965,195,60,1,BONNIE,AL021998,1998-08-26 12:00:00,1998-08-26 12:00:00,284.0,68.0,113.0,39.0,520.0,114.0,135.0
             Bonnie,1998,8,26,18,33.4,-77.8,hurricane,3.0,100,962,194,60,1,BONNIE,AL021998,1998-08-26 18:00:00,1998-08-26 18:00:00,281.0,39.0,125.0,35.0,535.0,97.0,60.0
             Bonnie,1998,8,27,0,34.0,-77.7,hurricane,2.0,95,963,193,60,0,BONNIE,AL021998,1998-08-27 00:00:00,1998-08-27 00:00:00,277.0,34.0,97.0,37.0,514.0,92.0,18.0
             Bonnie,1998,8,28,60,36.2,-75.1,hurricane,1.0,75,985,226,65,0,BONNIE,AL021998,1998-08-28 06:00:00,1998-08-28 06:00:00,259.0,33.0,104.0,44.0,558.0,64.0,64.0
             Bonnie,1998,8,28,12,36.7,-74.3,hurricane,1.0,65,990,213,59,0,BONNIE,AL021998,1998-08-28 12:00:00,1998-08-28 12:00:00,262.0,22.0,170.0,47.0,549.0,61.0,145.0
           Danielle,1998,8,25,12,16.2,-43.3,hurricane,1.0,65,990,189,41,0,DANIELLE,AL041998,1998-08-25 12:00:00,1998-08-25 12:00:00,270.0,23.0,130.0,57.0,578.0,120.0,1590.0
           Danielle,1998,8,25,18,16.9,-45.3,hurricane,1.0,75,982,189,45,0,DANIELLE,AL041998,1998-08-25 18:00:00,1998-08-25 18:00:00,272.0,28.0,123.0,58.0,568.0,127.0,1520.0
           Danielle,1998,8,26,0,17.6,-47.3,hurricane,1.0,80,980,231,50,0,DANIELLE,AL041998,1998-08-26 00:00:00,1998-08-26 00:00:00,273.0,34.0,146.0,53.0,552.0,131.0,1390.0
           Danielle,1998,8,26,60,18.4,-49.1,hurricane,2.0,90,975,245,63,0,DANIELLE,AL041998,1998-08-26 06:00:00,1998-08-26 06:00:00,275.0,37.0,185.0,56.0,550.0,129.0,1249.0
           Danielle,1998,8,26,12,19.1,-51.1,hurricane,2.0,85,980,235,59,0,DANIELLE,AL041998,1998-08-26 12:00:00,1998-08-26 12:00:00,277.0,40.0,172.0,54.0,541.0,127.0,1108.0
           Danielle,1998,8,26,18,19.7,-52.8,hurricane,1.0,80,985,240,57,0,DANIELLE,AL041998,1998-08-26 18:00:00,1998-08-26 18:00:00,278.0,45.0,156.0,53.0,555.0,130.0,969.0
           Danielle,1998,8,27,0,20.1,-54.9,hurricane,1.0,80,993,234,57,0,DANIELLE,AL041998,1998-08-27 00:00:00,1998-08-27 00:00:00,280.0,49.0,140.0,55.0,551.0,131.0,770.0
           Danielle,1998,8,27,60,20.6,-56.7,hurricane,2.0,85,994,229,61,0,DANIELLE,AL041998,1998-08-27 06:00:00,1998-08-27 06:00:00,283.0,52.0,84.0,54.0,563.0,131.0,623.0
           Danielle,1998,8,27,12,21.2,-58.5,hurricane,2.0,90,994,221,60,0,DANIELLE,AL041998,1998-08-27 12:00:00,1998-08-27 12:00:00,284.0,54.0,108.0,50.0,579.0,134.0,520.0
           Danielle,1998,8,27,18,21.8,-60.1,hurricane,2.0,85,994,220,62,0,DANIELLE,AL041998,1998-08-27 18:00:00,1998-08-27 18:00:00,285.0,50.0,117.0,50.0,583.0,136.0,489.0
           Danielle,1998,8,28,0,22.4,-61.7,hurricane,1.0,80,992,230,62,0,DANIELLE,AL041998,1998-08-28 00:00:00,1998-08-28 00:00:00,286.0,52.0,51.0,45.0,553.0,141.0,476.0
           Danielle,1998,8,28,60,22.7,-63.2,hurricane,1.0,80,992,225,61,0,DANIELLE,AL041998,1998-08-28 06:00:00,1998-08-28 06:00:00,287.0,55.0,32.0,46.0,568.0,143.0,454.0
           Danielle,1998,8,28,12,23.0,-64.4,hurricane,1.0,80,989,227,62,0,DANIELLE,AL041998,1998-08-28 12:00:00,1998-08-28 12:00:00,287.0,54.0,38.0,45.0,544.0,144.0,472.0
           Danielle,1998,8,28,18,23.4,-65.7,hurricane,1.0,80,986,226,62,0,DANIELLE,AL041998,1998-08-28 18:00:00,1998-08-28 18:00:00,288.0,53.0,10.0,44.0,526.0,149.0,534.0
           Danielle,1998,8,29,0,23.9,-66.9,hurricane,1.0,75,989,229,62,0,DANIELLE,AL041998,1998-08-29 00:00:00,1998-08-29 00:00:00,288.0,58.0,66.0,43.0,540.0,128.0,558.0
           Danielle,1998,8,29,60,24.3,-68.2,hurricane,1.0,70,990,224,59,0,DANIELLE,AL041998,1998-08-29 06:00:00,1998-08-29 06:00:00,289.0,56.0,103.0,44.0,541.0,118.0,546.0
           Danielle,1998,8,29,12,24.8,-69.4,hurricane,1.0,70,988,213,62,0,DANIELLE,AL041998,1998-08-29 12:00:00,1998-08-29 12:00:00,290.0,45.0,75.0,46.0,523.0,115.0,534.0
           Danielle,1998,8,29,18,25.4,-70.5,hurricane,1.0,70,987,213,62,0,DANIELLE,AL041998,1998-08-29 18:00:00,1998-08-29 18:00:00,290.0,40.0,27.0,44.0,523.0,117.0,521.0
           Danielle,1998,8,30,0,25.9,-71.4,hurricane,1.0,65,987,209,58,0,DANIELLE,AL041998,1998-08-30 00:00:00,1998-08-30 00:00:00,290.0,41.0,35.0,49.0,520.0,120.0,535.0
           Danielle,1998,8,30,60,26.4,-72.2,hurricane,1.0,65,988,205,59,0,DANIELLE,AL041998,1998-08-30 06:00:00,1998-08-30 06:00:00,290.0,41.0,23.0,51.0,515.0,120.0,571.0
           Danielle,1998,8,30,12,26.9,-73.1,hurricane,1.0,65,990,208,59,0,DANIELLE,AL041998,1998-08-30 12:00:00,1998-08-30 12:00:00,290.0,41.0,73.0,54.0,520.0,120.0,526.0
           Danielle,1998,8,30,18,27.5,-73.9,hurricane,1.0,65,987,217,58,0,DANIELLE,AL041998,1998-08-30 18:00:00,1998-08-30 18:00:00,289.0,43.0,104.0,54.0,530.0,122.0,484.0
           Danielle,1998,8,31,0,27.9,-74.1,hurricane,1.0,70,983,228,65,0,DANIELLE,AL041998,1998-08-31 00:00:00,1998-08-31 00:00:00,289.0,41.0,109.0,56.0,509.0,120.0,493.0
           Danielle,1998,8,31,60,28.4,-74.3,hurricane,1.0,75,980,231,70,0,DANIELLE,AL041998,1998-08-31 06:00:00,1998-08-31 06:00:00,287.0,43.0,122.0,56.0,500.0,111.0,514.0
           Danielle,1998,8,31,12,29.2,-74.1,hurricane,2.0,90,977,332,114,0,DANIELLE,AL041998,1998-08-31 12:00:00,1998-08-31 12:00:00,285.0,39.0,216.0,56.0,503.0,112.0,592.0
           Danielle,1998,8,31,18,30.0,-73.7,hurricane,2.0,85,975,337,113,0,DANIELLE,AL041998,1998-08-31 18:00:00,1998-08-31 18:00:00,281.0,32.0,322.0,58.0,510.0,117.0,592.0
           Danielle,1998,9,1,0,30.9,-73.3,hurricane,2.0,85,973,206,63,0,DANIELLE,AL041998,1998-09-01 00:00:00,1998-09-01 00:00:00,281.0,30.0,375.0,54.0,519.0,121.0,523.0
           Danielle,1998,9,1,60,31.7,-72.7,hurricane,2.0,85,972,199,64,0,DANIELLE,AL041998,1998-09-01 06:00:00,1998-09-01 06:00:00,278.0,27.0,350.0,57.0,525.0,118.0,490.0
           Danielle,1998,9,1,12,32.2,-72.0,hurricane,2.0,85,968,197,62,0,DANIELLE,AL041998,1998-09-01 12:00:00,1998-09-01 12:00:00,274.0,25.0,400.0,61.0,527.0,121.0,504.0
           Danielle,1998,9,1,18,32.9,-70.7,hurricane,2.0,90,965,195,63,0,DANIELLE,AL041998,1998-09-01 18:00:00,1998-09-01 18:00:00,273.0,19.0,413.0,65.0,536.0,121.0,553.0
           Danielle,1998,9,2,0,33.7,-69.1,hurricane,1.0,80,967,198,61,0,DANIELLE,AL041998,1998-09-02 00:00:00,1998-09-02 00:00:00,270.0,16.0,324.0,65.0,544.0,123.0,644.0
           Danielle,1998,9,2,60,34.6,-67.6,hurricane,1.0,75,970,210,60,0,DANIELLE,AL041998,1998-09-02 06:00:00,1998-09-02 06:00:00,269.0,15.0,314.0,63.0,551.0,108.0,748.0
           Danielle,1998,9,2,12,36.0,-65.4,hurricane,1.0,70,975,213,57,0,DANIELLE,AL041998,1998-09-02 12:00:00,1998-09-02 12:00:00,270.0,16.0,342.0,59.0,536.0,101.0,745.0
           Danielle,1998,9,2,18,37.9,-63.1,hurricane,1.0,70,975,220,57,0,DANIELLE,AL041998,1998-09-02 18:00:00,1998-09-02 18:00:00,267.0,17.0,387.0,55.0,522.0,53.0,659.0
           Danielle,1998,9,3,0,39.9,-60.1,hurricane,1.0,70,970,383,83,0,DANIELLE,AL041998,1998-09-03 00:00:00,1998-09-03 00:00:00,260.0,0.0,445.0,51.0,499.0,26.0,579.0
           Danielle,1998,9,3,60,42.1,-57.5,hurricane,1.0,70,960,429,79,0,DANIELLE,AL041998,1998-09-03 06:00:00,1998-09-03 06:00:00,215.0,0.0,431.0,45.0,450.0,9.0,461.0
               Earl,1998,9,2,12,28.2,-89.0,hurricane,1.0,70,994,216,59,0,EARL,AL051998,1998-09-02 12:00:00,1998-09-02 12:00:00,293.0,55.0,321.0,47.0,587.0,158.0,95.0
               Earl,1998,9,2,18,28.7,-87.9,hurricane,2.0,85,988,234,67,0,EARL,AL051998,1998-09-02 18:00:00,1998-09-02 18:00:00,292.0,47.0,337.0,44.0,546.0,147.0,128.0
               Earl,1998,9,3,0,29.4,-86.8,hurricane,1.0,80,985,249,66,0,EARL,AL051998,1998-09-03 00:00:00,1998-09-03 00:00:00,291.0,39.0,346.0,47.0,507.0,127.0,109.0
            Georges,1998,9,17,18,12.3,-40.0,hurricane,1.0,65,987,189,40,0,GEORGES,AL071998,1998-09-17 18:00:00,1998-09-17 18:00:00,280.0,26.0,125.0,53.0,561.0,131.0,1534.0
            Georges,1998,9,18,0,12.5,-42.0,hurricane,1.0,70,984,191,41,0,GEORGES,AL071998,1998-09-18 00:00:00,1998-09-18 00:00:00,281.0,31.0,133.0,53.0,564.0,133.0,1377.0
            Georges,1998,9,18,60,12.8,-43.9,hurricane,1.0,80,977,205,46,0,GEORGES,AL071998,1998-09-18 06:00:00,1998-09-18 06:00:00,282.0,34.0,85.0,52.0,560.0,133.0,1256.0
            Georges,1998,9,18,12,13.1,-45.7,hurricane,2.0,85,973,194,44,0,GEORGES,AL071998,1998-09-18 12:00:00,1998-09-18 12:00:00,280.0,37.0,77.0,51.0,577.0,134.0,1160.0
            Georges,1998,9,18,18,13.5,-47.4,hurricane,2.0,90,970,244,59,0,GEORGES,AL071998,1998-09-18 18:00:00,1998-09-18 18:00:00,282.0,39.0,63.0,50.0,582.0,134.0,1081.0
            Georges,1998,9,19,0,13.9,-49.0,hurricane,2.0,90,970,199,44,0,GEORGES,AL071998,1998-09-19 00:00:00,1998-09-19 00:00:00,282.0,45.0,79.0,51.0,572.0,139.0,1034.0
            Georges,1998,9,19,60,14.4,-50.6,hurricane,2.0,95,965,229,59,0,GEORGES,AL071998,1998-09-19 06:00:00,1998-09-19 06:00:00,282.0,52.0,71.0,49.0,563.0,133.0,962.0
            Georges,1998,9,19,12,14.9,-52.0,hurricane,3.0,110,954,204,52,1,GEORGES,AL071998,1998-09-19 12:00:00,1998-09-19 12:00:00,283.0,60.0,117.0,47.0,573.0,131.0,823.0
            Georges,1998,9,19,18,15.4,-53.5,hurricane,4.0,125,949,207,57,1,GEORGES,AL071998,1998-09-19 18:00:00,1998-09-19 18:00:00,284.0,64.0,199.0,47.0,580.0,138.0,685.0
            Georges,1998,9,20,0,15.7,-54.9,hurricane,4.0,130,939,211,58,1,GEORGES,AL071998,1998-09-20 00:00:00,1998-09-20 00:00:00,284.0,66.0,244.0,54.0,578.0,142.0,563.0
            Georges,1998,9,20,60,16.0,-56.3,hurricane,4.0,135,937,208,59,1,GEORGES,AL071998,1998-09-20 06:00:00,1998-09-20 06:00:00,286.0,68.0,257.0,54.0,558.0,139.0,462.0
            Georges,1998,9,20,12,16.2,-57.7,hurricane,4.0,130,939,244,71,1,GEORGES,AL071998,1998-09-20 12:00:00,1998-09-20 12:00:00,286.0,73.0,300.0,48.0,556.0,140.0,379.0
            Georges,1998,9,20,18,16.4,-59.2,hurricane,4.0,115,956,216,64,1,GEORGES,AL071998,1998-09-20 18:00:00,1998-09-20 18:00:00,287.0,77.0,357.0,47.0,561.0,141.0,242.0
            Georges,1998,9,21,0,16.7,-60.6,hurricane,3.0,100,963,213,59,1,GEORGES,AL071998,1998-09-21 00:00:00,1998-09-21 00:00:00,288.0,77.0,296.0,49.0,549.0,145.0,120.0
            Georges,1998,9,21,60,17.1,-62.1,hurricane,3.0,100,966,220,60,1,GEORGES,AL071998,1998-09-21 06:00:00,1998-09-21 06:00:00,289.0,77.0,206.0,48.0,546.0,145.0,23.0
            Georges,1998,9,21,12,17.4,-63.6,hurricane,2.0,95,966,223,58,0,GEORGES,AL071998,1998-09-21 12:00:00,1998-09-21 12:00:00,289.0,78.0,206.0,44.0,532.0,145.0,79.0
            Georges,1998,9,21,18,17.8,-65.0,hurricane,2.0,90,970,228,68,0,GEORGES,AL071998,1998-09-21 18:00:00,1998-09-21 18:00:00,290.0,78.0,263.0,47.0,555.0,147.0,12.0
            Georges,1998,9,22,60,18.0,-67.4,hurricane,2.0,95,972,251,86,0,GEORGES,AL071998,1998-09-22 06:00:00,1998-09-22 06:00:00,290.0,78.0,135.0,48.0,559.0,137.0,23.0
            Georges,1998,9,22,12,18.2,-68.5,hurricane,3.0,105,964,216,63,1,GEORGES,AL071998,1998-09-22 12:00:00,1998-09-22 12:00:00,290.0,77.0,113.0,45.0,567.0,140.0,15.0
            Georges,1998,9,23,12,19.3,-73.3,hurricane,1.0,65,996,218,49,0,GEORGES,AL071998,1998-09-23 12:00:00,1998-09-23 12:00:00,295.0,99.0,82.0,48.0,567.0,143.0,40.0
            Georges,1998,9,23,18,19.8,-74.3,hurricane,1.0,65,994,235,50,0,GEORGES,AL071998,1998-09-23 18:00:00,1998-09-23 18:00:00,295.0,85.0,107.0,49.0,570.0,144.0,31.0
            Georges,1998,9,25,0,22.7,-79.0,hurricane,1.0,80,987,229,65,0,GEORGES,AL071998,1998-09-25 00:00:00,1998-09-25 00:00:00,294.0,107.0,218.0,56.0,578.0,140.0,34.0
            Georges,1998,9,25,60,23.4,-80.2,hurricane,2.0,85,986,219,65,0,GEORGES,AL071998,1998-09-25 06:00:00,1998-09-25 06:00:00,292.0,111.0,162.0,54.0,587.0,138.0,53.0
            Georges,1998,9,25,12,23.9,-81.3,hurricane,2.0,90,982,217,65,0,GEORGES,AL071998,1998-09-25 12:00:00,1998-09-25 12:00:00,292.0,98.0,137.0,54.0,597.0,139.0,85.0
            Georges,1998,9,25,18,24.6,-82.4,hurricane,2.0,90,975,325,117,0,GEORGES,AL071998,1998-09-25 18:00:00,1998-09-25 18:00:00,291.0,69.0,190.0,51.0,586.0,141.0,143.0
            Georges,1998,9,26,0,24.8,-83.3,hurricane,2.0,90,974,325,118,0,GEORGES,AL071998,1998-09-26 00:00:00,1998-09-26 00:00:00,291.0,57.0,209.0,54.0,578.0,141.0,200.0
            Georges,1998,9,26,60,25.2,-84.2,hurricane,2.0,90,975,328,118,0,GEORGES,AL071998,1998-09-26 06:00:00,1998-09-26 06:00:00,289.0,69.0,191.0,55.0,571.0,128.0,262.0
            Georges,1998,9,26,12,25.7,-85.1,hurricane,2.0,90,974,350,115,0,GEORGES,AL071998,1998-09-26 12:00:00,1998-09-26 12:00:00,289.0,71.0,186.0,51.0,584.0,128.0,307.0
            Georges,1998,9,26,18,26.2,-85.9,hurricane,2.0,90,975,354,119,0,GEORGES,AL071998,1998-09-26 18:00:00,1998-09-26 18:00:00,287.0,72.0,194.0,47.0,602.0,132.0,352.0
            Georges,1998,9,27,0,27.0,-86.5,hurricane,2.0,95,969,366,136,0,GEORGES,AL071998,1998-09-27 00:00:00,1998-09-27 00:00:00,285.0,61.0,163.0,51.0,599.0,124.0,323.0
            Georges,1998,9,27,60,27.6,-87.2,hurricane,2.0,95,970,308,117,0,GEORGES,AL071998,1998-09-27 06:00:00,1998-09-27 06:00:00,285.0,53.0,135.0,52.0,604.0,116.0,250.0
            Georges,1998,9,27,12,28.2,-87.8,hurricane,2.0,95,962,307,110,0,GEORGES,AL071998,1998-09-27 12:00:00,1998-09-27 12:00:00,281.0,43.0,153.0,47.0,604.0,118.0,162.0
            Georges,1998,9,27,18,28.8,-88.3,hurricane,2.0,95,962,370,151,0,GEORGES,AL071998,1998-09-27 18:00:00,1998-09-27 18:00:00,282.0,30.0,197.0,49.0,587.0,113.0,87.0
            Georges,1998,9,28,0,29.3,-88.5,hurricane,2.0,95,961,304,112,0,GEORGES,AL071998,1998-09-28 00:00:00,1998-09-28 00:00:00,277.0,25.0,194.0,54.0,569.0,108.0,56.0
            Georges,1998,9,28,60,29.8,-88.7,hurricane,2.0,90,964,362,143,0,GEORGES,AL071998,1998-09-28 06:00:00,1998-09-28 06:00:00,277.0,19.0,171.0,52.0,566.0,106.0,61.0
            Georges,1998,9,28,12,30.4,-88.9,hurricane,2.0,90,965,378,150,0,GEORGES,AL071998,1998-09-28 12:00:00,1998-09-28 12:00:00,273.0,4.0,199.0,48.0,563.0,108.0,1.0
               Ivan,1998,9,23,18,29.6,-40.2,hurricane,1.0,65,987,268,43,0,IVAN,AL091998,1998-09-23 18:00:00,1998-09-23 18:00:00,268.0,7.0,259.0,40.0,455.0,125.0,2204.0
               Ivan,1998,9,24,0,30.5,-40.9,hurricane,1.0,65,986,242,55,0,IVAN,AL091998,1998-09-24 00:00:00,1998-09-24 00:00:00,266.0,6.0,256.0,40.0,445.0,122.0,2083.0
               Ivan,1998,9,24,60,31.3,-41.6,hurricane,1.0,70,985,244,59,0,IVAN,AL091998,1998-09-24 06:00:00,1998-09-24 06:00:00,265.0,4.0,255.0,40.0,430.0,113.0,1973.0
               Ivan,1998,9,24,12,32.3,-42.0,hurricane,1.0,70,985,261,63,0,IVAN,AL091998,1998-09-24 12:00:00,1998-09-24 12:00:00,262.0,1.0,247.0,39.0,429.0,105.0,1856.0
               Ivan,1998,9,24,18,33.4,-42.3,hurricane,1.0,70,985,256,65,0,IVAN,AL091998,1998-09-24 18:00:00,1998-09-24 18:00:00,260.0,0.0,185.0,42.0,426.0,102.0,1735.0
               Ivan,1998,9,25,0,34.4,-42.3,hurricane,1.0,70,984,235,60,0,IVAN,AL091998,1998-09-25 00:00:00,1998-09-25 00:00:00,256.0,0.0,127.0,44.0,414.0,96.0,1638.0
               Ivan,1998,9,25,60,35.3,-41.9,hurricane,1.0,70,984,249,61,0,IVAN,AL091998,1998-09-25 06:00:00,1998-09-25 06:00:00,252.0,0.0,89.0,47.0,418.0,86.0,1572.0
               Ivan,1998,9,25,12,36.3,-41.3,hurricane,1.0,70,984,547,136,0,IVAN,AL091998,1998-09-25 12:00:00,1998-09-25 12:00:00,249.0,0.0,102.0,48.0,429.0,83.0,1512.0
               Ivan,1998,9,25,18,37.2,-40.2,hurricane,1.0,75,983,245,62,0,IVAN,AL091998,1998-09-25 18:00:00,1998-09-25 18:00:00,244.0,0.0,139.0,50.0,438.0,73.0,1496.0
               Ivan,1998,9,26,0,38.1,-38.7,hurricane,1.0,75,980,357,96,0,IVAN,AL091998,1998-09-26 00:00:00,1998-09-26 00:00:00,236.0,0.0,224.0,48.0,449.0,53.0,1515.0
               Ivan,1998,9,26,60,39.2,-36.3,hurricane,1.0,80,975,599,169,0,IVAN,AL091998,1998-09-26 06:00:00,1998-09-26 06:00:00,230.0,0.0,306.0,46.0,436.0,43.0,1594.0
               Ivan,1998,9,26,12,40.1,-33.1,hurricane,1.0,75,977,611,174,0,IVAN,AL091998,1998-09-26 12:00:00,1998-09-26 12:00:00,221.0,0.0,351.0,45.0,431.0,43.0,1765.0
             Jeanne,1998,9,22,18,13.1,-25.2,hurricane,1.0,65,987,131,24,0,JEANNE,AL101998,1998-09-22 18:00:00,1998-09-22 18:00:00,278.0,16.0,176.0,62.0,560.0,130.0,847.0
             Jeanne,1998,9,23,0,13.6,-26.7,hurricane,1.0,70,983,130,26,0,JEANNE,AL101998,1998-09-23 00:00:00,1998-09-23 00:00:00,279.0,17.0,181.0,60.0,550.0,124.0,996.0
             Jeanne,1998,9,23,60,14.1,-28.1,hurricane,1.0,75,980,182,41,0,JEANNE,AL101998,1998-09-23 06:00:00,1998-09-23 06:00:00,276.0,17.0,124.0,57.0,536.0,121.0,1139.0
             Jeanne,1998,9,23,12,14.5,-29.5,hurricane,1.0,80,975,192,47,0,JEANNE,AL101998,1998-09-23 12:00:00,1998-09-23 12:00:00,276.0,17.0,111.0,54.0,563.0,122.0,1287.0
             Jeanne,1998,9,23,18,15.0,-30.8,hurricane,2.0,85,973,198,46,0,JEANNE,AL101998,1998-09-23 18:00:00,1998-09-23 18:00:00,272.0,18.0,99.0,51.0,569.0,122.0,1425.0
             Jeanne,1998,9,24,0,15.4,-32.1,hurricane,2.0,85,972,194,46,0,JEANNE,AL101998,1998-09-24 00:00:00,1998-09-24 00:00:00,272.0,17.0,153.0,53.0,545.0,118.0,1565.0
             Jeanne,1998,9,24,60,15.9,-33.4,hurricane,2.0,90,971,195,48,0,JEANNE,AL101998,1998-09-24 06:00:00,1998-09-24 06:00:00,272.0,17.0,190.0,54.0,538.0,111.0,1705.0
             Jeanne,1998,9,24,12,16.4,-34.4,hurricane,2.0,90,970,193,48,0,JEANNE,AL101998,1998-09-24 12:00:00,1998-09-24 12:00:00,270.0,16.0,217.0,54.0,547.0,111.0,1815.0
             Jeanne,1998,9,24,18,17.0,-35.4,hurricane,2.0,90,969,238,59,0,JEANNE,AL101998,1998-09-24 18:00:00,1998-09-24 18:00:00,268.0,16.0,220.0,53.0,541.0,115.0,1926.0
             Jeanne,1998,9,25,0,17.5,-36.3,hurricane,2.0,90,971,260,65,0,JEANNE,AL101998,1998-09-25 00:00:00,1998-09-25 00:00:00,268.0,17.0,180.0,52.0,540.0,113.0,2027.0
             Jeanne,1998,9,25,60,18.0,-37.2,hurricane,2.0,90,973,265,65,0,JEANNE,AL101998,1998-09-25 06:00:00,1998-09-25 06:00:00,268.0,16.0,183.0,47.0,539.0,116.0,2128.0
             Jeanne,1998,9,25,12,18.6,-37.9,hurricane,2.0,85,975,268,70,0,JEANNE,AL101998,1998-09-25 12:00:00,1998-09-25 12:00:00,268.0,17.0,133.0,48.0,530.0,115.0,2167.0
             Jeanne,1998,9,25,18,19.3,-38.6,hurricane,1.0,80,977,270,72,0,JEANNE,AL101998,1998-09-25 18:00:00,1998-09-25 18:00:00,268.0,17.0,162.0,49.0,505.0,117.0,2175.0
             Jeanne,1998,9,26,0,20.0,-39.4,hurricane,1.0,75,979,230,55,0,JEANNE,AL101998,1998-09-26 00:00:00,1998-09-26 00:00:00,269.0,19.0,72.0,50.0,498.0,126.0,2181.0
             Jeanne,1998,9,26,60,20.8,-40.0,hurricane,1.0,70,983,226,57,0,JEANNE,AL101998,1998-09-26 06:00:00,1998-09-26 06:00:00,269.0,18.0,32.0,47.0,496.0,124.0,2206.0
             Jeanne,1998,9,26,12,21.6,-40.6,hurricane,1.0,70,983,227,58,0,JEANNE,AL101998,1998-09-26 12:00:00,1998-09-26 12:00:00,270.0,18.0,14.0,46.0,477.0,125.0,2206.0
             Jeanne,1998,9,26,18,22.4,-41.2,hurricane,1.0,75,980,237,61,0,JEANNE,AL101998,1998-09-26 18:00:00,1998-09-26 18:00:00,270.0,17.0,47.0,49.0,465.0,130.0,2185.0
             Jeanne,1998,9,27,0,23.4,-41.6,hurricane,1.0,75,980,235,60,0,JEANNE,AL101998,1998-09-27 00:00:00,1998-09-27 00:00:00,271.0,16.0,47.0,48.0,463.0,133.0,2192.0
             Jeanne,1998,9,27,60,24.4,-42.0,hurricane,1.0,70,983,223,59,0,JEANNE,AL101998,1998-09-27 06:00:00,1998-09-27 06:00:00,271.0,14.0,63.0,51.0,455.0,132.0,2181.0
             Jeanne,1998,9,27,12,25.6,-41.8,hurricane,1.0,70,983,229,62,0,JEANNE,AL101998,1998-09-27 12:00:00,1998-09-27 12:00:00,271.0,13.0,87.0,52.0,448.0,126.0,2242.0
             Jeanne,1998,9,27,18,27.1,-41.5,hurricane,1.0,70,983,230,62,0,JEANNE,AL101998,1998-09-27 18:00:00,1998-09-27 18:00:00,270.0,11.0,129.0,55.0,477.0,121.0,2331.0
             Jeanne,1998,9,28,0,28.8,-41.2,hurricane,1.0,70,983,234,62,0,JEANNE,AL101998,1998-09-28 00:00:00,1998-09-28 00:00:00,268.0,7.0,196.0,57.0,489.0,105.0,2241.0
             Jeanne,1998,9,28,60,30.6,-40.7,hurricane,1.0,70,983,231,61,0,JEANNE,AL101998,1998-09-28 06:00:00,1998-09-28 06:00:00,264.0,4.0,217.0,60.0,481.0,91.0,2082.0
             Jeanne,1998,9,28,12,32.3,-39.6,hurricane,1.0,75,980,231,62,0,JEANNE,AL101998,1998-09-28 12:00:00,1998-09-28 12:00:00,258.0,0.0,262.0,57.0,473.0,84.0,1970.0
             Jeanne,1998,9,28,18,33.8,-38.4,hurricane,1.0,80,977,212,62,0,JEANNE,AL101998,1998-09-28 18:00:00,1998-09-28 18:00:00,255.0,0.0,283.0,56.0,473.0,81.0,1895.0
             Jeanne,1998,9,29,0,35.0,-37.2,hurricane,1.0,80,977,192,57,0,JEANNE,AL101998,1998-09-29 00:00:00,1998-09-29 00:00:00,247.0,0.0,292.0,56.0,470.0,80.0,1860.0
             Jeanne,1998,9,29,60,35.8,-36.2,hurricane,1.0,75,980,229,63,0,JEANNE,AL101998,1998-09-29 06:00:00,1998-09-29 06:00:00,246.0,0.0,219.0,54.0,468.0,75.0,1856.0
             Jeanne,1998,9,29,12,36.2,-35.3,hurricane,1.0,65,985,233,57,0,JEANNE,AL101998,1998-09-29 12:00:00,1998-09-29 12:00:00,241.0,0.0,236.0,54.0,472.0,71.0,1881.0
               Karl,1998,9,25,12,30.4,-54.0,hurricane,1.0,65,987,245,59,0,KARL,AL111998,1998-09-25 12:00:00,1998-09-25 12:00:00,273.0,12.0,182.0,51.0,508.0,136.0,1618.0
               Karl,1998,9,25,18,30.3,-52.9,hurricane,1.0,70,984,246,62,0,KARL,AL111998,1998-09-25 18:00:00,1998-09-25 18:00:00,273.0,13.0,168.0,54.0,509.0,133.0,1667.0
               Karl,1998,9,26,0,30.5,-51.8,hurricane,1.0,75,981,252,64,0,KARL,AL111998,1998-09-26 00:00:00,1998-09-26 00:00:00,272.0,14.0,160.0,56.0,521.0,132.0,1748.0
               Karl,1998,9,26,60,31.1,-51.0,hurricane,1.0,75,979,253,63,0,KARL,AL111998,1998-09-26 06:00:00,1998-09-26 06:00:00,270.0,11.0,239.0,54.0,529.0,126.0,1737.0
               Karl,1998,9,26,12,31.8,-49.9,hurricane,1.0,75,977,241,64,0,KARL,AL111998,1998-09-26 12:00:00,1998-09-26 12:00:00,269.0,3.0,276.0,51.0,520.0,108.0,1672.0
               Karl,1998,9,26,18,32.6,-48.8,hurricane,1.0,80,973,206,62,0,KARL,AL111998,1998-09-26 18:00:00,1998-09-26 18:00:00,265.0,0.0,319.0,46.0,529.0,101.0,1603.0
               Karl,1998,9,27,0,33.9,-47.3,hurricane,2.0,90,970,181,46,0,KARL,AL111998,1998-09-27 00:00:00,1998-09-27 00:00:00,261.0,0.0,401.0,45.0,517.0,87.0,1499.0
               Karl,1998,9,27,60,35.5,-45.2,hurricane,2.0,90,970,185,46,0,KARL,AL111998,1998-09-27 06:00:00,1998-09-27 06:00:00,253.0,0.0,395.0,42.0,478.0,66.0,1404.0
               Karl,1998,9,27,12,37.4,-42.5,hurricane,1.0,80,973,178,49,0,KARL,AL111998,1998-09-27 12:00:00,1998-09-27 12:00:00,244.0,0.0,405.0,42.0,421.0,54.0,1349.0
              Mitch,1998,10,24,60,13.9,-77.8,hurricane,1.0,65,990,144,23,0,MITCH,AL131998,1998-10-24 06:00:00,1998-10-24 06:00:00,289.0,56.0,66.0,77.0,633.0,148.0,432.0
              Mitch,1998,10,24,12,14.5,-77.9,hurricane,1.0,75,985,270,45,0,MITCH,AL131998,1998-10-24 12:00:00,1998-10-24 12:00:00,289.0,62.0,68.0,77.0,629.0,147.0,369.0
              Mitch,1998,10,24,18,15.0,-78.1,hurricane,2.0,90,980,313,91,0,MITCH,AL131998,1998-10-24 18:00:00,1998-10-24 18:00:00,290.0,70.0,56.0,75.0,636.0,148.0,321.0
              Mitch,1998,10,25,0,15.5,-78.4,hurricane,3.0,100,965,279,78,1,MITCH,AL131998,1998-10-25 00:00:00,1998-10-25 00:00:00,290.0,70.0,55.0,76.0,630.0,147.0,273.0
              Mitch,1998,10,25,60,16.0,-78.9,hurricane,3.0,105,951,281,79,1,MITCH,AL131998,1998-10-25 06:00:00,1998-10-25 06:00:00,290.0,70.0,90.0,76.0,634.0,143.0,241.0
              Mitch,1998,10,25,12,16.2,-79.6,hurricane,4.0,115,945,280,80,1,MITCH,AL131998,1998-10-25 12:00:00,1998-10-25 12:00:00,290.0,66.0,76.0,77.0,641.0,143.0,263.0
              Mitch,1998,10,25,18,16.4,-80.3,hurricane,4.0,125,926,282,83,1,MITCH,AL131998,1998-10-25 18:00:00,1998-10-25 18:00:00,291.0,68.0,60.0,78.0,637.0,148.0,291.0
              Mitch,1998,10,26,0,16.4,-81.0,hurricane,4.0,130,923,277,83,1,MITCH,AL131998,1998-10-26 00:00:00,1998-10-26 00:00:00,290.0,69.0,142.0,78.0,620.0,149.0,276.0
              Mitch,1998,10,26,60,16.4,-81.8,hurricane,4.0,135,922,280,84,1,MITCH,AL131998,1998-10-26 06:00:00,1998-10-26 06:00:00,289.0,72.0,141.0,77.0,632.0,145.0,211.0
              Mitch,1998,10,26,12,16.6,-82.6,hurricane,5.0,145,914,303,95,1,MITCH,AL131998,1998-10-26 12:00:00,1998-10-26 12:00:00,289.0,70.0,125.0,77.0,636.0,149.0,172.0
              Mitch,1998,10,26,18,16.9,-83.1,hurricane,5.0,155,905,284,84,1,MITCH,AL131998,1998-10-26 18:00:00,1998-10-26 18:00:00,289.0,69.0,131.0,73.0,629.0,155.0,172.0
              Mitch,1998,10,27,0,17.2,-83.8,hurricane,5.0,155,910,285,84,1,MITCH,AL131998,1998-10-27 00:00:00,1998-10-27 00:00:00,289.0,63.0,154.0,78.0,642.0,157.0,160.0
              Mitch,1998,10,27,60,17.3,-84.4,hurricane,5.0,150,917,288,87,1,MITCH,AL131998,1998-10-27 06:00:00,1998-10-27 06:00:00,290.0,63.0,169.0,74.0,644.0,148.0,157.0
              Mitch,1998,10,27,12,17.1,-85.0,hurricane,5.0,150,922,284,85,1,MITCH,AL131998,1998-10-27 12:00:00,1998-10-27 12:00:00,290.0,62.0,153.0,74.0,637.0,150.0,123.0
              Mitch,1998,10,27,18,16.9,-85.4,hurricane,5.0,145,928,310,101,1,MITCH,AL131998,1998-10-27 18:00:00,1998-10-27 18:00:00,290.0,63.0,180.0,74.0,648.0,152.0,108.0
              Mitch,1998,10,28,0,16.6,-85.6,hurricane,5.0,140,933,312,102,1,MITCH,AL131998,1998-10-28 00:00:00,1998-10-28 00:00:00,289.0,58.0,214.0,74.0,645.0,154.0,69.0
              Mitch,1998,10,28,60,16.3,-85.6,hurricane,4.0,130,938,310,101,1,MITCH,AL131998,1998-10-28 06:00:00,1998-10-28 06:00:00,289.0,58.0,186.0,74.0,657.0,148.0,38.0
              Mitch,1998,10,28,12,16.3,-85.6,hurricane,4.0,115,948,318,120,1,MITCH,AL131998,1998-10-28 12:00:00,1998-10-28 12:00:00,289.0,58.0,133.0,74.0,640.0,150.0,38.0
              Mitch,1998,10,28,18,16.3,-85.7,hurricane,2.0,95,959,292,86,0,MITCH,AL131998,1998-10-28 18:00:00,1998-10-28 18:00:00,289.0,58.0,145.0,75.0,645.0,152.0,34.0
              Mitch,1998,10,29,0,16.2,-85.8,hurricane,2.0,85,970,394,107,0,MITCH,AL131998,1998-10-29 00:00:00,1998-10-29 00:00:00,289.0,58.0,143.0,75.0,639.0,153.0,22.0
              Mitch,1998,10,29,60,16.1,-85.8,hurricane,1.0,75,979,139,31,0,MITCH,AL131998,1998-10-29 06:00:00,1998-10-29 06:00:00,289.0,58.0,152.0,76.0,644.0,146.0,11.0
             Nicole,1998,11,30,0,32.6,-42.6,hurricane,1.0,65,992,398,89,0,NICOLE,AL141998,1998-11-30 00:00:00,1998-11-30 00:00:00,225.0,0.0,314.0,41.0,343.0,102.0,1800.0
             Nicole,1998,11,30,60,33.1,-41.7,hurricane,1.0,65,992,497,121,0,NICOLE,AL141998,1998-11-30 06:00:00,1998-11-30 06:00:00,219.0,0.0,282.0,39.0,332.0,103.0,1791.0
             Nicole,1998,11,30,12,33.8,-40.5,hurricane,1.0,65,987,661,149,0,NICOLE,AL141998,1998-11-30 12:00:00,1998-11-30 12:00:00,219.0,0.0,294.0,35.0,326.0,100.0,1783.0
             Nicole,1998,11,30,18,34.3,-39.3,hurricane,1.0,70,984,341,72,0,NICOLE,AL141998,1998-11-30 18:00:00,1998-11-30 18:00:00,214.0,0.0,231.0,34.0,301.0,94.0,1800.0
             Nicole,1998,12,1,0,35.1,-37.9,hurricane,1.0,75,979,219,56,0,NICOLE,AL141998,1998-12-01 00:00:00,1998-12-01 00:00:00,208.0,0.0,186.0,39.0,289.0,76.0,1810.0
               Bret,1999,8,21,0,21.9,-94.5,hurricane,1.0,65,983,225,55,0,BRET,AL031999,1999-08-21 00:00:00,1999-08-21 00:00:00,296.0,49.0,99.0,72.0,593.0,156.0,293.0
               Bret,1999,8,21,60,22.5,-94.7,hurricane,1.0,75,980,220,61,0,BRET,AL031999,1999-08-21 06:00:00,1999-08-21 06:00:00,298.0,54.0,88.0,68.0,597.0,148.0,289.0
               Bret,1999,8,21,12,23.1,-94.9,hurricane,1.0,80,979,228,63,0,BRET,AL031999,1999-08-21 12:00:00,1999-08-21 12:00:00,299.0,58.0,126.0,63.0,603.0,142.0,291.0
               Bret,1999,8,21,18,23.8,-95.0,hurricane,2.0,90,975,240,76,0,BRET,AL031999,1999-08-21 18:00:00,1999-08-21 18:00:00,299.0,64.0,173.0,59.0,595.0,145.0,275.0
               Bret,1999,8,22,0,24.7,-95.1,hurricane,4.0,120,954,286,105,1,BRET,AL031999,1999-08-22 00:00:00,1999-08-22 00:00:00,296.0,65.0,196.0,58.0,560.0,148.0,236.0
               Bret,1999,8,22,60,25.5,-95.5,hurricane,4.0,125,950,240,86,1,BRET,AL031999,1999-08-22 06:00:00,1999-08-22 06:00:00,295.0,60.0,179.0,59.0,571.0,124.0,169.0
               Bret,1999,8,22,12,26.2,-96.1,hurricane,4.0,125,944,278,110,1,BRET,AL031999,1999-08-22 12:00:00,1999-08-22 12:00:00,291.0,55.0,174.0,57.0,558.0,113.0,106.0
               Bret,1999,8,22,18,26.6,-96.8,hurricane,4.0,120,946,290,106,1,BRET,AL031999,1999-08-22 18:00:00,1999-08-22 18:00:00,291.0,41.0,199.0,57.0,547.0,128.0,61.0
               Bret,1999,8,23,0,26.9,-97.4,hurricane,3.0,100,951,282,97,1,BRET,AL031999,1999-08-23 00:00:00,1999-08-23 00:00:00,288.0,35.0,184.0,60.0,540.0,134.0,5.0
              Cindy,1999,8,22,0,14.2,-31.7,hurricane,1.0,65,987,182,37,0,CINDY,AL041999,1999-08-22 00:00:00,1999-08-22 00:00:00,270.0,17.0,146.0,63.0,584.0,108.0,1526.0
              Cindy,1999,8,22,60,14.4,-32.3,hurricane,1.0,65,987,199,44,0,CINDY,AL041999,1999-08-22 06:00:00,1999-08-22 06:00:00,269.0,15.0,180.0,63.0,570.0,104.0,1589.0
              Cindy,1999,8,22,12,14.5,-32.7,hurricane,1.0,65,987,196,43,0,CINDY,AL041999,1999-08-22 12:00:00,1999-08-22 12:00:00,269.0,15.0,171.0,65.0,581.0,104.0,1631.0
              Cindy,1999,8,26,0,21.7,-48.2,hurricane,1.0,65,987,215,50,0,CINDY,AL041999,1999-08-26 00:00:00,1999-08-26 00:00:00,274.0,27.0,226.0,58.0,589.0,126.0,1487.0
              Cindy,1999,8,26,60,22.9,-49.5,hurricane,1.0,65,987,213,51,0,CINDY,AL041999,1999-08-26 06:00:00,1999-08-26 06:00:00,275.0,31.0,187.0,54.0,578.0,126.0,1404.0
              Cindy,1999,8,26,12,24.2,-50.8,hurricane,1.0,65,987,227,53,0,CINDY,AL041999,1999-08-26 12:00:00,1999-08-26 12:00:00,278.0,32.0,125.0,57.0,555.0,130.0,1349.0
              Cindy,1999,8,26,18,25.4,-52.0,hurricane,1.0,70,984,228,61,0,CINDY,AL041999,1999-08-26 18:00:00,1999-08-26 18:00:00,280.0,26.0,96.0,58.0,534.0,131.0,1325.0
              Cindy,1999,8,27,0,26.4,-53.1,hurricane,1.0,80,978,236,66,0,CINDY,AL041999,1999-08-27 00:00:00,1999-08-27 00:00:00,282.0,25.0,49.0,57.0,549.0,133.0,1318.0
              Cindy,1999,8,27,60,27.2,-54.3,hurricane,1.0,80,978,236,66,0,CINDY,AL041999,1999-08-27 06:00:00,1999-08-27 06:00:00,283.0,25.0,23.0,56.0,550.0,132.0,1307.0
              Cindy,1999,8,27,12,27.8,-55.4,hurricane,2.0,90,970,233,63,0,CINDY,AL041999,1999-08-27 12:00:00,1999-08-27 12:00:00,284.0,25.0,45.0,57.0,556.0,133.0,1300.0
              Cindy,1999,8,27,18,28.3,-56.2,hurricane,2.0,90,970,232,64,0,CINDY,AL041999,1999-08-27 18:00:00,1999-08-27 18:00:00,284.0,24.0,79.0,59.0,551.0,131.0,1310.0
              Cindy,1999,8,28,0,28.7,-56.9,hurricane,3.0,100,961,214,59,1,CINDY,AL041999,1999-08-28 00:00:00,1999-08-28 00:00:00,284.0,24.0,125.0,59.0,555.0,136.0,1313.0
              Cindy,1999,8,28,60,29.3,-57.5,hurricane,4.0,115,948,220,64,1,CINDY,AL041999,1999-08-28 06:00:00,1999-08-28 06:00:00,282.0,21.0,167.0,54.0,571.0,130.0,1345.0
              Cindy,1999,8,28,12,30.1,-58.0,hurricane,4.0,120,942,210,62,1,CINDY,AL041999,1999-08-28 12:00:00,1999-08-28 12:00:00,281.0,20.0,220.0,54.0,571.0,129.0,1407.0
              Cindy,1999,8,28,18,30.8,-58.5,hurricane,4.0,120,943,209,62,1,CINDY,AL041999,1999-08-28 18:00:00,1999-08-28 18:00:00,281.0,18.0,229.0,55.0,572.0,127.0,1462.0
              Cindy,1999,8,29,0,31.5,-58.4,hurricane,4.0,120,944,213,65,1,CINDY,AL041999,1999-08-29 00:00:00,1999-08-29 00:00:00,278.0,16.0,229.0,56.0,568.0,120.0,1477.0
              Cindy,1999,8,29,60,32.3,-58.4,hurricane,4.0,115,948,215,65,1,CINDY,AL041999,1999-08-29 06:00:00,1999-08-29 06:00:00,275.0,13.0,221.0,54.0,575.0,115.0,1395.0
              Cindy,1999,8,29,12,33.1,-58.2,hurricane,3.0,100,961,198,58,1,CINDY,AL041999,1999-08-29 12:00:00,1999-08-29 12:00:00,272.0,11.0,287.0,54.0,570.0,116.0,1323.0
              Cindy,1999,8,29,18,33.8,-57.4,hurricane,2.0,95,965,184,46,0,CINDY,AL041999,1999-08-29 18:00:00,1999-08-29 18:00:00,272.0,8.0,326.0,55.0,573.0,114.0,1290.0
              Cindy,1999,8,30,0,34.3,-56.3,hurricane,2.0,90,970,202,60,0,CINDY,AL041999,1999-08-30 00:00:00,1999-08-30 00:00:00,269.0,6.0,302.0,58.0,569.0,108.0,1283.0
              Cindy,1999,8,30,60,34.7,-55.5,hurricane,2.0,90,970,227,64,0,CINDY,AL041999,1999-08-30 06:00:00,1999-08-30 06:00:00,269.0,4.0,329.0,58.0,568.0,95.0,1266.0
              Cindy,1999,8,30,12,35.3,-54.9,hurricane,1.0,80,978,204,61,0,CINDY,AL041999,1999-08-30 12:00:00,1999-08-30 12:00:00,266.0,1.0,386.0,61.0,553.0,91.0,1226.0
              Cindy,1999,8,30,18,36.1,-54.2,hurricane,1.0,80,978,204,61,0,CINDY,AL041999,1999-08-30 18:00:00,1999-08-30 18:00:00,264.0,0.0,290.0,64.0,549.0,86.0,1169.0
              Cindy,1999,8,31,0,37.0,-52.6,hurricane,1.0,70,984,235,60,0,CINDY,AL041999,1999-08-31 00:00:00,1999-08-31 00:00:00,262.0,0.0,121.0,61.0,554.0,70.0,1071.0
             Dennis,1999,8,26,60,23.8,-73.1,hurricane,1.0,65,995,236,57,0,DENNIS,AL051999,1999-08-26 06:00:00,1999-08-26 06:00:00,289.0,63.0,143.0,59.0,558.0,147.0,276.0
             Dennis,1999,8,26,12,24.1,-73.6,hurricane,1.0,65,995,234,57,0,DENNIS,AL051999,1999-08-26 12:00:00,1999-08-26 12:00:00,290.0,64.0,103.0,58.0,556.0,148.0,315.0
             Dennis,1999,8,26,18,24.4,-74.0,hurricane,1.0,70,990,215,58,0,DENNIS,AL051999,1999-08-26 18:00:00,1999-08-26 18:00:00,290.0,62.0,190.0,55.0,551.0,150.0,357.0
             Dennis,1999,8,27,0,24.8,-74.4,hurricane,1.0,65,993,212,58,0,DENNIS,AL051999,1999-08-27 00:00:00,1999-08-27 00:00:00,292.0,60.0,203.0,56.0,569.0,149.0,329.0
             Dennis,1999,8,27,60,25.2,-75.0,hurricane,1.0,65,988,208,57,0,DENNIS,AL051999,1999-08-27 06:00:00,1999-08-27 06:00:00,291.0,63.0,153.0,54.0,563.0,145.0,283.0
             Dennis,1999,8,27,12,25.6,-75.5,hurricane,1.0,65,988,209,58,0,DENNIS,AL051999,1999-08-27 12:00:00,1999-08-27 12:00:00,293.0,65.0,129.0,58.0,567.0,146.0,248.0
             Dennis,1999,8,27,18,25.9,-75.9,hurricane,1.0,65,987,207,59,0,DENNIS,AL051999,1999-08-27 18:00:00,1999-08-27 18:00:00,293.0,69.0,162.0,53.0,558.0,145.0,226.0
             Dennis,1999,8,28,0,26.1,-76.2,hurricane,1.0,70,982,210,63,0,DENNIS,AL051999,1999-08-28 00:00:00,1999-08-28 00:00:00,293.0,69.0,133.0,51.0,568.0,143.0,209.0
             Dennis,1999,8,28,60,26.5,-76.7,hurricane,1.0,75,976,218,69,0,DENNIS,AL051999,1999-08-28 06:00:00,1999-08-28 06:00:00,293.0,74.0,64.0,51.0,570.0,136.0,198.0
             Dennis,1999,8,28,12,27.1,-77.0,hurricane,2.0,85,973,222,66,0,DENNIS,AL051999,1999-08-28 12:00:00,1999-08-28 12:00:00,291.0,77.0,77.0,52.0,561.0,135.0,238.0
             Dennis,1999,8,28,18,27.7,-77.3,hurricane,2.0,90,969,222,65,0,DENNIS,AL051999,1999-08-28 18:00:00,1999-08-28 18:00:00,292.0,82.0,93.0,51.0,567.0,137.0,289.0
             Dennis,1999,8,29,0,28.3,-77.7,hurricane,2.0,90,969,338,118,0,DENNIS,AL051999,1999-08-29 00:00:00,1999-08-29 00:00:00,290.0,69.0,112.0,50.0,552.0,145.0,274.0
             Dennis,1999,8,29,60,29.0,-77.9,hurricane,2.0,90,970,329,114,0,DENNIS,AL051999,1999-08-29 06:00:00,1999-08-29 06:00:00,288.0,67.0,192.0,53.0,563.0,136.0,274.0
             Dennis,1999,8,29,12,29.9,-78.4,hurricane,2.0,90,971,338,117,0,DENNIS,AL051999,1999-08-29 12:00:00,1999-08-29 12:00:00,288.0,66.0,278.0,49.0,554.0,138.0,261.0
             Dennis,1999,8,29,18,30.8,-78.4,hurricane,2.0,90,967,339,116,0,DENNIS,AL051999,1999-08-29 18:00:00,1999-08-29 18:00:00,287.0,64.0,320.0,49.0,570.0,121.0,256.0
             Dennis,1999,8,30,0,31.9,-78.1,hurricane,2.0,90,964,329,115,0,DENNIS,AL051999,1999-08-30 00:00:00,1999-08-30 00:00:00,285.0,67.0,281.0,47.0,528.0,115.0,174.0
             Dennis,1999,8,30,60,32.8,-77.6,hurricane,2.0,90,962,335,114,0,DENNIS,AL051999,1999-08-30 06:00:00,1999-08-30 06:00:00,284.0,58.0,324.0,43.0,530.0,105.0,129.0
             Dennis,1999,8,30,12,33.6,-76.5,hurricane,2.0,85,965,352,107,0,DENNIS,AL051999,1999-08-30 12:00:00,1999-08-30 12:00:00,280.0,54.0,385.0,41.0,516.0,100.0,129.0
             Dennis,1999,8,30,18,34.3,-74.8,hurricane,2.0,85,966,359,104,0,DENNIS,AL051999,1999-08-30 18:00:00,1999-08-30 18:00:00,275.0,43.0,331.0,41.0,517.0,98.0,157.0
             Dennis,1999,8,31,0,34.9,-73.6,hurricane,1.0,80,971,221,65,0,DENNIS,AL051999,1999-08-31 00:00:00,1999-08-31 00:00:00,274.0,28.0,268.0,41.0,456.0,98.0,211.0
             Dennis,1999,8,31,60,35.1,-72.9,hurricane,1.0,80,977,408,106,0,DENNIS,AL051999,1999-08-31 06:00:00,1999-08-31 06:00:00,271.0,26.0,250.0,40.0,452.0,99.0,264.0
             Dennis,1999,8,31,12,35.2,-72.8,hurricane,1.0,75,983,228,66,0,DENNIS,AL051999,1999-08-31 12:00:00,1999-08-31 12:00:00,271.0,26.0,294.0,39.0,435.0,99.0,270.0
             Dennis,1999,8,31,18,35.1,-73.3,hurricane,1.0,70,984,225,63,0,DENNIS,AL051999,1999-08-31 18:00:00,1999-08-31 18:00:00,270.0,28.0,269.0,40.0,427.0,99.0,229.0
              Floyd,1999,9,10,12,19.3,-58.8,hurricane,1.0,70,989,227,45,0,FLOYD,AL081999,1999-09-10 12:00:00,1999-09-10 12:00:00,285.0,66.0,245.0,65.0,578.0,146.0,361.0
              Floyd,1999,9,10,18,20.2,-59.6,hurricane,1.0,70,975,228,47,0,FLOYD,AL081999,1999-09-10 18:00:00,1999-09-10 18:00:00,286.0,66.0,302.0,65.0,592.0,145.0,362.0
              Floyd,1999,9,11,0,20.8,-60.4,hurricane,1.0,80,971,242,60,0,FLOYD,AL081999,1999-09-11 00:00:00,1999-09-11 00:00:00,286.0,65.0,218.0,67.0,575.0,148.0,374.0
              Floyd,1999,9,11,60,21.4,-61.1,hurricane,2.0,95,963,232,64,0,FLOYD,AL081999,1999-09-11 06:00:00,1999-09-11 06:00:00,287.0,63.0,198.0,66.0,580.0,147.0,398.0
              Floyd,1999,9,11,12,21.9,-62.0,hurricane,2.0,95,962,231,64,0,FLOYD,AL081999,1999-09-11 12:00:00,1999-09-11 12:00:00,287.0,62.0,145.0,64.0,571.0,150.0,415.0
              Floyd,1999,9,11,18,22.5,-63.0,hurricane,2.0,90,966,222,61,0,FLOYD,AL081999,1999-09-11 18:00:00,1999-09-11 18:00:00,287.0,61.0,155.0,65.0,558.0,149.0,439.0
              Floyd,1999,9,12,0,22.7,-64.1,hurricane,2.0,85,967,220,62,0,FLOYD,AL081999,1999-09-12 00:00:00,1999-09-12 00:00:00,288.0,63.0,129.0,64.0,532.0,149.0,439.0
              Floyd,1999,9,12,60,22.8,-65.2,hurricane,2.0,95,960,304,110,0,FLOYD,AL081999,1999-09-12 06:00:00,1999-09-12 06:00:00,289.0,59.0,42.0,64.0,555.0,145.0,457.0
              Floyd,1999,9,12,12,23.0,-66.2,hurricane,3.0,105,955,296,110,1,FLOYD,AL081999,1999-09-12 12:00:00,1999-09-12 12:00:00,289.0,63.0,40.0,63.0,570.0,146.0,504.0
              Floyd,1999,9,12,18,23.2,-67.4,hurricane,4.0,115,940,298,113,1,FLOYD,AL081999,1999-09-12 18:00:00,1999-09-12 18:00:00,290.0,68.0,27.0,62.0,589.0,146.0,466.0
              Floyd,1999,9,13,0,23.4,-68.7,hurricane,4.0,125,931,214,64,1,FLOYD,AL081999,1999-09-13 00:00:00,1999-09-13 00:00:00,290.0,65.0,34.0,65.0,581.0,146.0,435.0
              Floyd,1999,9,13,60,23.6,-70.0,hurricane,4.0,135,922,210,63,1,FLOYD,AL081999,1999-09-13 06:00:00,1999-09-13 06:00:00,290.0,60.0,33.0,64.0,586.0,143.0,400.0
              Floyd,1999,9,13,12,23.9,-71.4,hurricane,4.0,135,921,211,63,1,FLOYD,AL081999,1999-09-13 12:00:00,1999-09-13 12:00:00,290.0,56.0,82.0,62.0,609.0,146.0,331.0
              Floyd,1999,9,13,18,24.1,-72.9,hurricane,4.0,125,923,212,63,1,FLOYD,AL081999,1999-09-13 18:00:00,1999-09-13 18:00:00,290.0,67.0,99.0,63.0,602.0,144.0,309.0
              Floyd,1999,9,14,0,24.5,-74.0,hurricane,4.0,115,924,211,63,1,FLOYD,AL081999,1999-09-14 00:00:00,1999-09-14 00:00:00,291.0,70.0,114.0,65.0,604.0,145.0,362.0
              Floyd,1999,9,14,60,24.9,-75.3,hurricane,3.0,105,927,215,62,1,FLOYD,AL081999,1999-09-14 06:00:00,1999-09-14 06:00:00,293.0,74.0,147.0,69.0,620.0,138.0,245.0
              Floyd,1999,9,14,12,25.4,-76.3,hurricane,3.0,105,930,218,62,1,FLOYD,AL081999,1999-09-14 12:00:00,1999-09-14 12:00:00,293.0,85.0,187.0,69.0,617.0,137.0,166.0
              Floyd,1999,9,14,18,26.1,-77.0,hurricane,3.0,110,930,218,63,1,FLOYD,AL081999,1999-09-14 18:00:00,1999-09-14 18:00:00,291.0,89.0,225.0,66.0,624.0,140.0,145.0
              Floyd,1999,9,15,0,27.1,-77.7,hurricane,4.0,115,933,216,64,1,FLOYD,AL081999,1999-09-15 00:00:00,1999-09-15 00:00:00,290.0,85.0,219.0,61.0,623.0,137.0,218.0
              Floyd,1999,9,15,60,28.2,-78.5,hurricane,3.0,110,935,213,63,1,FLOYD,AL081999,1999-09-15 06:00:00,1999-09-15 06:00:00,288.0,81.0,229.0,57.0,627.0,120.0,195.0
              Floyd,1999,9,15,12,29.3,-78.9,hurricane,3.0,100,943,215,61,1,FLOYD,AL081999,1999-09-15 12:00:00,1999-09-15 12:00:00,286.0,68.0,282.0,53.0,609.0,102.0,190.0
              Floyd,1999,9,15,18,30.6,-79.1,hurricane,2.0,95,947,197,58,0,FLOYD,AL081999,1999-09-15 18:00:00,1999-09-15 18:00:00,284.0,64.0,317.0,52.0,609.0,82.0,224.0
              Floyd,1999,9,16,0,32.1,-78.7,hurricane,2.0,90,950,203,63,0,FLOYD,AL081999,1999-09-16 00:00:00,1999-09-16 00:00:00,279.0,61.0,312.0,50.0,575.0,48.0,121.0
              Floyd,1999,9,16,60,33.7,-78.0,hurricane,2.0,90,956,205,63,0,FLOYD,AL081999,1999-09-16 06:00:00,1999-09-16 06:00:00,275.0,35.0,345.0,51.0,555.0,30.0,23.0
               Gert,1999,9,13,12,15.9,-39.2,hurricane,1.0,65,984,175,32,0,GERT,AL091999,1999-09-13 12:00:00,1999-09-13 12:00:00,273.0,23.0,34.0,58.0,573.0,116.0,1856.0
               Gert,1999,9,13,18,16.1,-40.8,hurricane,1.0,70,979,178,39,0,GERT,AL091999,1999-09-13 18:00:00,1999-09-13 18:00:00,271.0,25.0,40.0,57.0,580.0,120.0,1753.0
               Gert,1999,9,14,0,16.3,-42.2,hurricane,1.0,75,976,183,39,0,GERT,AL091999,1999-09-14 00:00:00,1999-09-14 00:00:00,273.0,27.0,73.0,58.0,569.0,125.0,1674.0
               Gert,1999,9,14,60,16.6,-43.5,hurricane,2.0,85,973,236,55,0,GERT,AL091999,1999-09-14 06:00:00,1999-09-14 06:00:00,274.0,31.0,79.0,55.0,570.0,126.0,1610.0
               Gert,1999,9,14,12,16.8,-44.6,hurricane,2.0,90,968,190,47,0,GERT,AL091999,1999-09-14 12:00:00,1999-09-14 12:00:00,274.0,33.0,57.0,56.0,568.0,130.0,1554.0
               Gert,1999,9,14,18,17.1,-45.8,hurricane,2.0,95,962,237,61,0,GERT,AL091999,1999-09-14 18:00:00,1999-09-14 18:00:00,274.0,38.0,109.0,57.0,572.0,136.0,1510.0
               Gert,1999,9,15,0,17.2,-46.9,hurricane,3.0,100,955,237,63,1,GERT,AL091999,1999-09-15 00:00:00,1999-09-15 00:00:00,275.0,40.0,67.0,61.0,580.0,139.0,1416.0
               Gert,1999,9,15,60,17.4,-47.9,hurricane,3.0,110,948,243,65,1,GERT,AL091999,1999-09-15 06:00:00,1999-09-15 06:00:00,276.0,43.0,48.0,58.0,568.0,138.0,1322.0
               Gert,1999,9,15,12,17.5,-48.9,hurricane,4.0,115,940,238,62,1,GERT,AL091999,1999-09-15 12:00:00,1999-09-15 12:00:00,277.0,46.0,113.0,55.0,572.0,139.0,1227.0
               Gert,1999,9,15,18,17.7,-50.0,hurricane,4.0,125,933,232,64,1,GERT,AL091999,1999-09-15 18:00:00,1999-09-15 18:00:00,278.0,49.0,173.0,53.0,576.0,138.0,1129.0
               Gert,1999,9,16,0,17.8,-50.8,hurricane,4.0,130,930,223,57,1,GERT,AL091999,1999-09-16 00:00:00,1999-09-16 00:00:00,279.0,50.0,141.0,58.0,568.0,142.0,1058.0
               Gert,1999,9,16,60,18.0,-51.7,hurricane,4.0,130,933,219,61,1,GERT,AL091999,1999-09-16 06:00:00,1999-09-16 06:00:00,280.0,52.0,176.0,59.0,582.0,142.0,987.0
               Gert,1999,9,16,12,18.2,-52.6,hurricane,4.0,125,941,214,61,1,GERT,AL091999,1999-09-16 12:00:00,1999-09-16 12:00:00,281.0,55.0,166.0,60.0,575.0,143.0,921.0
               Gert,1999,9,16,18,18.6,-53.4,hurricane,4.0,120,940,215,62,1,GERT,AL091999,1999-09-16 18:00:00,1999-09-16 18:00:00,282.0,56.0,208.0,62.0,572.0,142.0,884.0
               Gert,1999,9,17,0,19.0,-54.2,hurricane,4.0,115,944,222,62,1,GERT,AL091999,1999-09-17 00:00:00,1999-09-17 00:00:00,282.0,55.0,248.0,65.0,567.0,144.0,810.0
               Gert,1999,9,17,60,19.4,-55.0,hurricane,4.0,125,942,235,66,1,GERT,AL091999,1999-09-17 06:00:00,1999-09-17 06:00:00,282.0,56.0,207.0,69.0,592.0,145.0,737.0
               Gert,1999,9,17,12,19.9,-55.7,hurricane,4.0,125,945,231,66,1,GERT,AL091999,1999-09-17 12:00:00,1999-09-17 12:00:00,283.0,55.0,175.0,69.0,601.0,145.0,684.0
               Gert,1999,9,17,18,20.4,-56.3,hurricane,4.0,115,950,230,64,1,GERT,AL091999,1999-09-17 18:00:00,1999-09-17 18:00:00,284.0,55.0,173.0,67.0,593.0,144.0,649.0
               Gert,1999,9,18,0,20.9,-56.8,hurricane,3.0,110,953,222,62,1,GERT,AL091999,1999-09-18 00:00:00,1999-09-18 00:00:00,284.0,54.0,178.0,66.0,598.0,133.0,632.0
               Gert,1999,9,18,60,21.6,-57.1,hurricane,3.0,105,954,220,59,1,GERT,AL091999,1999-09-18 06:00:00,1999-09-18 06:00:00,285.0,51.0,31.0,68.0,591.0,134.0,655.0
               Gert,1999,9,18,12,22.2,-57.4,hurricane,3.0,105,953,221,60,1,GERT,AL091999,1999-09-18 12:00:00,1999-09-18 12:00:00,285.0,50.0,81.0,66.0,612.0,137.0,679.0
               Gert,1999,9,18,18,22.8,-57.8,hurricane,3.0,105,950,219,60,1,GERT,AL091999,1999-09-18 18:00:00,1999-09-18 18:00:00,285.0,44.0,74.0,61.0,620.0,141.0,704.0
               Gert,1999,9,19,0,23.4,-58.1,hurricane,3.0,110,947,219,63,1,GERT,AL091999,1999-09-19 00:00:00,1999-09-19 00:00:00,285.0,42.0,60.0,65.0,600.0,143.0,742.0
               Gert,1999,9,19,60,24.1,-58.7,hurricane,4.0,115,946,219,63,1,GERT,AL091999,1999-09-19 06:00:00,1999-09-19 06:00:00,285.0,40.0,47.0,68.0,597.0,141.0,781.0
               Gert,1999,9,19,12,24.7,-59.2,hurricane,4.0,115,946,220,64,1,GERT,AL091999,1999-09-19 12:00:00,1999-09-19 12:00:00,285.0,39.0,101.0,65.0,595.0,140.0,813.0
               Gert,1999,9,19,18,25.5,-60.0,hurricane,4.0,115,946,219,63,1,GERT,AL091999,1999-09-19 18:00:00,1999-09-19 18:00:00,285.0,39.0,114.0,65.0,594.0,139.0,859.0
               Gert,1999,9,20,0,26.2,-60.7,hurricane,4.0,115,947,220,65,1,GERT,AL091999,1999-09-20 00:00:00,1999-09-20 00:00:00,285.0,38.0,126.0,68.0,577.0,139.0,907.0
               Gert,1999,9,20,60,26.8,-61.4,hurricane,3.0,110,947,221,65,1,GERT,AL091999,1999-09-20 06:00:00,1999-09-20 06:00:00,285.0,29.0,155.0,68.0,594.0,132.0,943.0
               Gert,1999,9,20,12,27.6,-62.4,hurricane,3.0,105,948,215,64,1,GERT,AL091999,1999-09-20 12:00:00,1999-09-20 12:00:00,284.0,27.0,182.0,66.0,596.0,129.0,1002.0
               Gert,1999,9,20,18,28.3,-62.7,hurricane,3.0,100,949,213,63,1,GERT,AL091999,1999-09-20 18:00:00,1999-09-20 18:00:00,282.0,26.0,181.0,65.0,608.0,124.0,1073.0
               Gert,1999,9,21,0,29.2,-62.9,hurricane,2.0,95,950,221,63,0,GERT,AL091999,1999-09-21 00:00:00,1999-09-21 00:00:00,279.0,26.0,196.0,64.0,593.0,119.0,1169.0
               Gert,1999,9,21,60,30.1,-62.8,hurricane,2.0,90,952,212,65,0,GERT,AL091999,1999-09-21 06:00:00,1999-09-21 06:00:00,277.0,25.0,155.0,64.0,608.0,108.0,1270.0
               Gert,1999,9,21,12,31.3,-62.6,hurricane,2.0,85,955,209,66,0,GERT,AL091999,1999-09-21 12:00:00,1999-09-21 12:00:00,274.0,17.0,214.0,64.0,594.0,106.0,1310.0
               Gert,1999,9,21,18,32.7,-62.1,hurricane,1.0,80,958,209,65,0,GERT,AL091999,1999-09-21 18:00:00,1999-09-21 18:00:00,271.0,12.0,247.0,64.0,606.0,99.0,1217.0
               Gert,1999,9,22,0,34.3,-61.2,hurricane,1.0,75,960,229,64,0,GERT,AL091999,1999-09-22 00:00:00,1999-09-22 00:00:00,264.0,1.0,260.0,65.0,595.0,102.0,1093.0
               Gert,1999,9,22,60,36.2,-60.4,hurricane,1.0,75,961,231,63,0,GERT,AL091999,1999-09-22 06:00:00,1999-09-22 06:00:00,261.0,0.0,310.0,66.0,585.0,68.0,924.0
               Gert,1999,9,22,12,38.1,-59.4,hurricane,1.0,70,962,507,130,0,GERT,AL091999,1999-09-22 12:00:00,1999-09-22 12:00:00,259.0,0.0,381.0,64.0,564.0,40.0,787.0
               Gert,1999,9,22,18,40.3,-57.9,hurricane,1.0,65,963,581,126,0,GERT,AL091999,1999-09-22 18:00:00,1999-09-22 18:00:00,246.0,0.0,426.0,62.0,562.0,0.0,610.0
              Irene,1999,10,15,60,23.8,-82.2,hurricane,1.0,65,988,248,53,0,IRENE,AL131999,1999-10-15 06:00:00,1999-10-15 06:00:00,287.0,79.0,256.0,67.0,593.0,148.0,70.0
              Irene,1999,10,15,12,24.4,-81.8,hurricane,1.0,65,987,231,51,0,IRENE,AL131999,1999-10-15 12:00:00,1999-10-15 12:00:00,284.0,63.0,287.0,62.0,600.0,145.0,109.0
              Irene,1999,10,15,18,25.1,-81.3,hurricane,1.0,65,986,227,52,0,IRENE,AL131999,1999-10-15 18:00:00,1999-10-15 18:00:00,283.0,53.0,300.0,55.0,596.0,140.0,19.0
              Irene,1999,10,16,12,27.8,-80.1,hurricane,1.0,65,982,245,51,0,IRENE,AL131999,1999-10-16 12:00:00,1999-10-16 12:00:00,276.0,46.0,212.0,51.0,554.0,104.0,32.0
              Irene,1999,10,16,18,28.6,-79.9,hurricane,1.0,65,984,244,50,0,IRENE,AL131999,1999-10-16 18:00:00,1999-10-16 18:00:00,277.0,41.0,230.0,48.0,546.0,93.0,75.0
              Irene,1999,10,17,0,29.4,-79.8,hurricane,1.0,65,984,251,53,0,IRENE,AL131999,1999-10-17 00:00:00,1999-10-17 00:00:00,273.0,41.0,203.0,48.0,541.0,88.0,114.0
              Irene,1999,10,17,60,30.2,-79.8,hurricane,1.0,65,985,250,56,0,IRENE,AL131999,1999-10-17 06:00:00,1999-10-17 06:00:00,268.0,43.0,176.0,47.0,537.0,81.0,148.0
              Irene,1999,10,17,12,31.2,-79.7,hurricane,1.0,65,984,251,55,0,IRENE,AL131999,1999-10-17 12:00:00,1999-10-17 12:00:00,263.0,48.0,196.0,49.0,537.0,82.0,144.0
              Irene,1999,10,17,18,32.2,-79.0,hurricane,1.0,70,978,255,57,0,IRENE,AL131999,1999-10-17 18:00:00,1999-10-17 18:00:00,261.0,43.0,257.0,50.0,542.0,66.0,96.0
              Irene,1999,10,18,0,33.4,-77.4,hurricane,1.0,80,976,402,119,0,IRENE,AL131999,1999-10-18 00:00:00,1999-10-18 00:00:00,256.0,24.0,272.0,49.0,545.0,51.0,81.0
              Irene,1999,10,18,60,34.8,-75.2,hurricane,2.0,95,964,406,128,0,IRENE,AL131999,1999-10-18 06:00:00,1999-10-18 06:00:00,250.0,14.0,427.0,47.0,546.0,44.0,102.0
              Irene,1999,10,18,12,36.8,-71.6,hurricane,2.0,90,960,569,126,0,IRENE,AL131999,1999-10-18 12:00:00,1999-10-18 12:00:00,252.0,0.0,480.0,46.0,515.0,21.0,355.0
               Jose,1999,10,19,18,14.9,-58.9,hurricane,1.0,65,992,187,38,0,JOSE,AL141999,1999-10-19 18:00:00,1999-10-19 18:00:00,286.0,67.0,190.0,74.0,576.0,143.0,190.0
               Jose,1999,10,20,0,15.7,-59.5,hurricane,1.0,70,987,188,43,0,JOSE,AL141999,1999-10-20 00:00:00,1999-10-20 00:00:00,286.0,69.0,217.0,72.0,584.0,146.0,188.0
               Jose,1999,10,20,60,16.3,-60.2,hurricane,1.0,80,979,282,66,0,JOSE,AL141999,1999-10-20 06:00:00,1999-10-20 06:00:00,286.0,69.0,246.0,69.0,604.0,146.0,144.0
               Jose,1999,10,20,12,16.8,-61.1,hurricane,2.0,85,980,263,64,0,JOSE,AL141999,1999-10-20 12:00:00,1999-10-20 12:00:00,287.0,70.0,301.0,70.0,589.0,147.0,67.0
               Jose,1999,10,20,18,17.2,-62.0,hurricane,1.0,80,983,283,67,0,JOSE,AL141999,1999-10-20 18:00:00,1999-10-20 18:00:00,287.0,72.0,257.0,70.0,581.0,150.0,16.0
               Jose,1999,10,21,0,17.6,-62.7,hurricane,1.0,75,990,261,43,0,JOSE,AL141999,1999-10-21 00:00:00,1999-10-21 00:00:00,287.0,71.0,214.0,71.0,599.0,149.0,23.0
               Jose,1999,10,21,60,18.1,-63.8,hurricane,1.0,65,992,222,44,0,JOSE,AL141999,1999-10-21 06:00:00,1999-10-21 06:00:00,287.0,70.0,190.0,71.0,586.0,145.0,67.0
               Jose,1999,10,24,12,29.7,-61.1,hurricane,1.0,65,987,308,45,0,JOSE,AL141999,1999-10-24 12:00:00,1999-10-24 12:00:00,264.0,6.0,283.0,47.0,530.0,71.0,1259.0
               Jose,1999,10,24,18,32.2,-59.8,hurricane,1.0,65,987,321,59,0,JOSE,AL141999,1999-10-24 18:00:00,1999-10-24 18:00:00,252.0,0.0,379.0,42.0,528.0,63.0,1356.0
              Lenny,1999,11,15,0,16.0,-78.6,hurricane,1.0,70,988,149,25,0,LENNY,AL161999,1999-11-15 00:00:00,1999-11-15 00:00:00,288.0,83.0,176.0,71.0,617.0,154.0,227.0
              Lenny,1999,11,15,60,15.5,-77.7,hurricane,1.0,75,977,219,48,0,LENNY,AL161999,1999-11-15 06:00:00,1999-11-15 06:00:00,288.0,89.0,126.0,71.0,607.0,146.0,256.0
              Lenny,1999,11,15,12,15.1,-76.4,hurricane,2.0,85,971,228,60,0,LENNY,AL161999,1999-11-15 12:00:00,1999-11-15 12:00:00,288.0,84.0,138.0,65.0,612.0,150.0,303.0
              Lenny,1999,11,15,18,14.8,-74.8,hurricane,1.0,75,983,216,46,0,LENNY,AL161999,1999-11-15 18:00:00,1999-11-15 18:00:00,287.0,74.0,81.0,64.0,629.0,152.0,372.0
              Lenny,1999,11,16,0,15.1,-73.4,hurricane,1.0,75,982,214,45,0,LENNY,AL161999,1999-11-16 00:00:00,1999-11-16 00:00:00,287.0,69.0,20.0,65.0,616.0,150.0,330.0
              Lenny,1999,11,16,60,15.1,-72.0,hurricane,1.0,75,974,218,47,0,LENNY,AL161999,1999-11-16 06:00:00,1999-11-16 06:00:00,286.0,65.0,44.0,63.0,602.0,142.0,289.0
              Lenny,1999,11,16,12,15.1,-70.5,hurricane,2.0,85,971,262,70,0,LENNY,AL161999,1999-11-16 12:00:00,1999-11-16 12:00:00,286.0,59.0,44.0,64.0,608.0,144.0,298.0
              Lenny,1999,11,16,18,15.5,-69.0,hurricane,2.0,85,967,254,65,0,LENNY,AL161999,1999-11-16 18:00:00,1999-11-16 18:00:00,286.0,58.0,48.0,64.0,609.0,146.0,304.0
              Lenny,1999,11,17,0,15.9,-67.6,hurricane,3.0,100,959,250,75,1,LENNY,AL161999,1999-11-17 00:00:00,1999-11-17 00:00:00,285.0,59.0,63.0,64.0,607.0,146.0,230.0
              Lenny,1999,11,17,60,16.4,-66.5,hurricane,3.0,105,952,255,75,1,LENNY,AL161999,1999-11-17 06:00:00,1999-11-17 06:00:00,285.0,62.0,28.0,63.0,610.0,144.0,173.0
              Lenny,1999,11,17,12,16.8,-65.5,hurricane,4.0,115,946,257,76,1,LENNY,AL161999,1999-11-17 12:00:00,1999-11-17 12:00:00,285.0,65.0,104.0,60.0,600.0,144.0,119.0
              Lenny,1999,11,17,18,17.4,-64.8,hurricane,4.0,135,933,254,78,1,LENNY,AL161999,1999-11-17 18:00:00,1999-11-17 18:00:00,283.0,64.0,104.0,66.0,601.0,143.0,33.0
              Lenny,1999,11,18,0,17.6,-64.2,hurricane,4.0,130,940,256,80,1,LENNY,AL161999,1999-11-18 00:00:00,1999-11-18 00:00:00,283.0,62.0,120.0,67.0,592.0,139.0,43.0
              Lenny,1999,11,18,60,17.8,-63.9,hurricane,4.0,125,944,256,76,1,LENNY,AL161999,1999-11-18 06:00:00,1999-11-18 06:00:00,283.0,61.0,154.0,64.0,586.0,140.0,70.0
              Lenny,1999,11,18,12,17.9,-63.6,hurricane,4.0,120,953,255,74,1,LENNY,AL161999,1999-11-18 12:00:00,1999-11-18 12:00:00,283.0,61.0,212.0,62.0,599.0,144.0,52.0
              Lenny,1999,11,18,18,18.0,-63.3,hurricane,3.0,110,966,253,73,1,LENNY,AL161999,1999-11-18 18:00:00,1999-11-18 18:00:00,281.0,61.0,254.0,60.0,598.0,142.0,18.0
              Lenny,1999,11,19,0,18.1,-63.1,hurricane,2.0,85,975,257,65,0,LENNY,AL161999,1999-11-19 00:00:00,1999-11-19 00:00:00,281.0,60.0,274.0,58.0,579.0,141.0,2.0
              Lenny,1999,11,19,60,18.0,-62.9,hurricane,1.0,75,979,230,53,0,LENNY,AL161999,1999-11-19 06:00:00,1999-11-19 06:00:00,281.0,60.0,250.0,58.0,577.0,137.0,14.0
              Lenny,1999,11,19,12,17.9,-62.8,hurricane,1.0,70,986,218,46,0,LENNY,AL161999,1999-11-19 12:00:00,1999-11-19 12:00:00,282.0,60.0,283.0,59.0,577.0,142.0,28.0
            Alberto,2000,8,6,0,14.5,-33.2,hurricane,1.0,65,987,167,28,0,ALBERTO,AL032000,2000-08-06 00:00:00,2000-08-06 00:00:00,263.0,8.0,55.0,51.0,506.0,97.0,1685.0
            Alberto,2000,8,6,60,14.6,-34.4,hurricane,1.0,65,985,171,30,0,ALBERTO,AL032000,2000-08-06 06:00:00,2000-08-06 06:00:00,264.0,9.0,89.0,53.0,515.0,91.0,1813.0
            Alberto,2000,8,6,12,14.7,-35.4,hurricane,1.0,70,983,170,31,0,ALBERTO,AL032000,2000-08-06 12:00:00,2000-08-06 12:00:00,264.0,10.0,147.0,52.0,525.0,88.0,1920.0
            Alberto,2000,8,6,18,15.2,-36.6,hurricane,1.0,75,981,167,31,0,ALBERTO,AL032000,2000-08-06 18:00:00,2000-08-06 18:00:00,261.0,8.0,144.0,55.0,531.0,90.0,2021.0
            Alberto,2000,8,7,0,15.7,-38.1,hurricane,1.0,75,979,167,31,0,ALBERTO,AL032000,2000-08-07 00:00:00,2000-08-07 00:00:00,262.0,12.0,169.0,56.0,522.0,88.0,1929.0
            Alberto,2000,8,7,60,16.0,-39.6,hurricane,1.0,80,978,170,33,0,ALBERTO,AL032000,2000-08-07 06:00:00,2000-08-07 06:00:00,262.0,6.0,166.0,57.0,523.0,90.0,1833.0
            Alberto,2000,8,7,12,16.2,-41.0,hurricane,1.0,80,977,162,32,0,ALBERTO,AL032000,2000-08-07 12:00:00,2000-08-07 12:00:00,263.0,6.0,165.0,60.0,525.0,97.0,1747.0
            Alberto,2000,8,7,18,16.5,-42.2,hurricane,1.0,80,978,163,32,0,ALBERTO,AL032000,2000-08-07 18:00:00,2000-08-07 18:00:00,265.0,7.0,174.0,58.0,519.0,105.0,1692.0
            Alberto,2000,8,8,0,16.7,-43.6,hurricane,1.0,75,979,170,34,0,ALBERTO,AL032000,2000-08-08 00:00:00,2000-08-08 00:00:00,266.0,13.0,162.0,59.0,512.0,107.0,1612.0
            Alberto,2000,8,8,60,17.0,-44.9,hurricane,1.0,70,982,182,38,0,ALBERTO,AL032000,2000-08-08 06:00:00,2000-08-08 06:00:00,267.0,19.0,197.0,56.0,495.0,110.0,1554.0
            Alberto,2000,8,8,12,17.7,-45.7,hurricane,1.0,70,985,184,37,0,ALBERTO,AL032000,2000-08-08 12:00:00,2000-08-08 12:00:00,269.0,19.0,195.0,54.0,490.0,110.0,1554.0
            Alberto,2000,8,8,18,18.6,-46.5,hurricane,1.0,65,987,190,37,0,ALBERTO,AL032000,2000-08-08 18:00:00,2000-08-08 18:00:00,270.0,21.0,179.0,48.0,492.0,115.0,1508.0
            Alberto,2000,8,10,0,24.8,-52.6,hurricane,1.0,65,988,214,50,0,ALBERTO,AL032000,2000-08-10 00:00:00,2000-08-10 00:00:00,278.0,23.0,9.0,40.0,490.0,143.0,1236.0
            Alberto,2000,8,10,60,26.1,-54.0,hurricane,1.0,65,987,224,49,0,ALBERTO,AL032000,2000-08-10 06:00:00,2000-08-10 06:00:00,281.0,21.0,56.0,36.0,491.0,142.0,1232.0
            Alberto,2000,8,10,12,27.5,-55.3,hurricane,1.0,65,986,228,47,0,ALBERTO,AL032000,2000-08-10 12:00:00,2000-08-10 12:00:00,283.0,23.0,31.0,35.0,505.0,141.0,1278.0
            Alberto,2000,8,10,18,28.8,-56.7,hurricane,1.0,65,984,242,48,0,ALBERTO,AL032000,2000-08-10 18:00:00,2000-08-10 18:00:00,282.0,20.0,88.0,36.0,489.0,142.0,1332.0
            Alberto,2000,8,11,0,29.9,-57.7,hurricane,1.0,70,982,235,56,0,ALBERTO,AL032000,2000-08-11 00:00:00,2000-08-11 00:00:00,282.0,18.0,94.0,35.0,488.0,137.0,1397.0
            Alberto,2000,8,11,60,31.1,-58.4,hurricane,1.0,75,979,215,58,0,ALBERTO,AL032000,2000-08-11 06:00:00,2000-08-11 06:00:00,278.0,18.0,87.0,38.0,476.0,127.0,1496.0
            Alberto,2000,8,11,12,32.2,-58.6,hurricane,1.0,80,976,208,58,0,ALBERTO,AL032000,2000-08-11 12:00:00,2000-08-11 12:00:00,275.0,14.0,92.0,41.0,477.0,116.0,1398.0
            Alberto,2000,8,11,18,33.3,-58.5,hurricane,2.0,85,973,209,62,0,ALBERTO,AL032000,2000-08-11 18:00:00,2000-08-11 18:00:00,272.0,10.0,142.0,44.0,474.0,110.0,1291.0
            Alberto,2000,8,12,0,34.3,-58.0,hurricane,2.0,90,970,189,59,0,ALBERTO,AL032000,2000-08-12 00:00:00,2000-08-12 00:00:00,270.0,8.0,199.0,45.0,485.0,115.0,1214.0
            Alberto,2000,8,12,60,35.1,-56.7,hurricane,3.0,100,960,182,42,1,ALBERTO,AL032000,2000-08-12 06:00:00,2000-08-12 06:00:00,267.0,6.0,192.0,46.0,486.0,97.0,1187.0
            Alberto,2000,8,12,12,35.9,-55.3,hurricane,3.0,110,950,194,59,1,ALBERTO,AL032000,2000-08-12 12:00:00,2000-08-12 12:00:00,267.0,4.0,247.0,49.0,480.0,92.0,1150.0
            Alberto,2000,8,12,18,36.8,-53.8,hurricane,3.0,110,954,189,57,1,ALBERTO,AL032000,2000-08-12 18:00:00,2000-08-12 18:00:00,264.0,2.0,267.0,56.0,473.0,93.0,1091.0
            Alberto,2000,8,13,0,37.4,-52.0,hurricane,3.0,105,958,172,45,1,ALBERTO,AL032000,2000-08-13 00:00:00,2000-08-13 00:00:00,261.0,2.0,233.0,59.0,490.0,90.0,1031.0
            Alberto,2000,8,13,60,38.0,-50.3,hurricane,2.0,95,966,194,58,0,ALBERTO,AL032000,2000-08-13 06:00:00,2000-08-13 06:00:00,259.0,0.0,230.0,59.0,510.0,79.0,987.0
            Alberto,2000,8,13,12,38.4,-48.3,hurricane,2.0,85,973,197,59,0,ALBERTO,AL032000,2000-08-13 12:00:00,2000-08-13 12:00:00,258.0,0.0,268.0,58.0,513.0,72.0,997.0
            Alberto,2000,8,13,18,38.8,-46.3,hurricane,1.0,75,980,526,137,0,ALBERTO,AL032000,2000-08-13 18:00:00,2000-08-13 18:00:00,255.0,0.0,233.0,56.0,505.0,73.0,1033.0
            Alberto,2000,8,14,0,39.0,-44.2,hurricane,1.0,65,987,282,51,0,ALBERTO,AL032000,2000-08-14 00:00:00,2000-08-14 00:00:00,250.0,0.0,230.0,56.0,490.0,72.0,1116.0
            Alberto,2000,8,18,18,34.7,-48.0,hurricane,1.0,65,987,227,48,0,ALBERTO,AL032000,2000-08-18 18:00:00,2000-08-18 18:00:00,269.0,5.0,49.0,46.0,471.0,110.0,1395.0
            Alberto,2000,8,19,0,34.9,-48.1,hurricane,1.0,75,979,206,58,0,ALBERTO,AL032000,2000-08-19 00:00:00,2000-08-19 00:00:00,268.0,4.0,52.0,46.0,483.0,101.0,1371.0
            Alberto,2000,8,19,60,35.3,-48.2,hurricane,1.0,80,976,182,47,0,ALBERTO,AL032000,2000-08-19 06:00:00,2000-08-19 06:00:00,266.0,2.0,87.0,46.0,485.0,98.0,1326.0
            Alberto,2000,8,19,12,35.6,-48.2,hurricane,2.0,85,973,167,46,0,ALBERTO,AL032000,2000-08-19 12:00:00,2000-08-19 12:00:00,266.0,2.0,88.0,43.0,483.0,93.0,1294.0
            Alberto,2000,8,19,18,36.0,-48.2,hurricane,2.0,90,970,166,46,0,ALBERTO,AL032000,2000-08-19 18:00:00,2000-08-19 18:00:00,263.0,1.0,96.0,44.0,482.0,92.0,1251.0
            Alberto,2000,8,20,0,36.4,-48.1,hurricane,2.0,90,970,182,45,0,ALBERTO,AL032000,2000-08-20 00:00:00,2000-08-20 00:00:00,263.0,0.0,48.0,43.0,484.0,89.0,1212.0
            Alberto,2000,8,20,60,36.7,-48.0,hurricane,2.0,90,971,166,46,0,ALBERTO,AL032000,2000-08-20 06:00:00,2000-08-20 06:00:00,263.0,0.0,27.0,41.0,492.0,87.0,1183.0
            Alberto,2000,8,20,12,37.1,-47.9,hurricane,2.0,85,972,180,46,0,ALBERTO,AL032000,2000-08-20 12:00:00,2000-08-20 12:00:00,260.0,0.0,26.0,43.0,491.0,86.0,1144.0
            Alberto,2000,8,20,18,37.4,-47.7,hurricane,2.0,85,973,183,47,0,ALBERTO,AL032000,2000-08-20 18:00:00,2000-08-20 18:00:00,260.0,0.0,47.0,45.0,480.0,83.0,1119.0
            Alberto,2000,8,21,0,37.9,-47.5,hurricane,2.0,85,974,195,59,0,ALBERTO,AL032000,2000-08-21 00:00:00,2000-08-21 00:00:00,260.0,0.0,26.0,47.0,497.0,82.0,1075.0
            Alberto,2000,8,21,60,38.3,-47.3,hurricane,1.0,80,976,202,59,0,ALBERTO,AL032000,2000-08-21 06:00:00,2000-08-21 06:00:00,257.0,0.0,69.0,44.0,493.0,72.0,1042.0
            Alberto,2000,8,21,12,38.9,-47.2,hurricane,1.0,80,977,664,154,0,ALBERTO,AL032000,2000-08-21 12:00:00,2000-08-21 12:00:00,257.0,0.0,65.0,45.0,495.0,65.0,985.0
            Alberto,2000,8,21,18,40.0,-46.7,hurricane,1.0,80,978,666,152,0,ALBERTO,AL032000,2000-08-21 18:00:00,2000-08-21 18:00:00,245.0,0.0,74.0,49.0,485.0,52.0,901.0
            Alberto,2000,8,22,0,41.2,-45.9,hurricane,1.0,75,979,690,144,0,ALBERTO,AL032000,2000-08-22 00:00:00,2000-08-22 00:00:00,239.0,0.0,140.0,51.0,485.0,28.0,835.0
            Alberto,2000,8,22,60,42.6,-45.4,hurricane,1.0,75,981,693,142,0,ALBERTO,AL032000,2000-08-22 06:00:00,2000-08-22 06:00:00,228.0,0.0,163.0,48.0,455.0,0.0,756.0
            Alberto,2000,8,22,12,44.0,-44.0,hurricane,1.0,70,983,379,76,0,ALBERTO,AL032000,2000-08-22 12:00:00,2000-08-22 12:00:00,208.0,0.0,146.0,46.0,451.0,0.0,763.0
            Alberto,2000,8,22,18,46.1,-42.1,hurricane,1.0,65,985,394,70,0,ALBERTO,AL032000,2000-08-22 18:00:00,2000-08-22 18:00:00,176.0,0.0,169.0,49.0,422.0,0.0,817.0
              Debby,2000,8,21,60,15.4,-54.0,hurricane,1.0,65,1005,197,42,0,DEBBY,AL072000,2000-08-21 06:00:00,2000-08-21 06:00:00,280.0,58.0,82.0,53.0,574.0,136.0,635.0
              Debby,2000,8,21,12,15.7,-56.3,hurricane,1.0,75,1004,205,46,0,DEBBY,AL072000,2000-08-21 12:00:00,2000-08-21 12:00:00,283.0,64.0,153.0,54.0,578.0,137.0,440.0
              Debby,2000,8,21,18,16.1,-58.5,hurricane,1.0,75,1004,229,51,0,DEBBY,AL072000,2000-08-21 18:00:00,2000-08-21 18:00:00,285.0,67.0,169.0,54.0,584.0,137.0,302.0
              Debby,2000,8,22,0,16.8,-60.1,hurricane,1.0,70,995,214,45,0,DEBBY,AL072000,2000-08-22 00:00:00,2000-08-22 00:00:00,286.0,69.0,211.0,52.0,572.0,135.0,169.0
              Debby,2000,8,22,60,17.5,-61.7,hurricane,1.0,65,993,197,44,0,DEBBY,AL072000,2000-08-22 06:00:00,2000-08-22 06:00:00,286.0,70.0,207.0,50.0,560.0,134.0,7.0
              Debby,2000,8,22,12,18.1,-63.5,hurricane,1.0,65,994,197,43,0,DEBBY,AL072000,2000-08-22 12:00:00,2000-08-22 12:00:00,287.0,69.0,276.0,47.0,538.0,132.0,36.0
              Debby,2000,8,22,18,18.8,-65.4,hurricane,1.0,65,995,199,44,0,DEBBY,AL072000,2000-08-22 18:00:00,2000-08-22 18:00:00,288.0,69.0,323.0,46.0,528.0,131.0,57.0
              Debby,2000,8,23,0,19.2,-66.7,hurricane,1.0,65,995,220,47,0,DEBBY,AL072000,2000-08-23 00:00:00,2000-08-23 00:00:00,287.0,72.0,287.0,47.0,505.0,135.0,80.0
              Debby,2000,8,23,60,19.5,-68.1,hurricane,1.0,65,995,234,48,0,DEBBY,AL072000,2000-08-23 06:00:00,2000-08-23 06:00:00,287.0,69.0,346.0,46.0,516.0,135.0,90.0
           Florence,2000,9,11,18,30.1,-72.6,hurricane,1.0,65,998,245,53,0,FLORENCE,AL102000,2000-09-11 18:00:00,2000-09-11 18:00:00,280.0,31.0,193.0,41.0,424.0,131.0,635.0
           Florence,2000,9,12,0,30.1,-72.7,hurricane,1.0,65,992,237,57,0,FLORENCE,AL102000,2000-09-12 00:00:00,2000-09-12 00:00:00,279.0,31.0,165.0,41.0,435.0,131.0,629.0
           Florence,2000,9,12,18,30.6,-73.3,hurricane,1.0,65,987,248,55,0,FLORENCE,AL102000,2000-09-12 18:00:00,2000-09-12 18:00:00,279.0,29.0,207.0,39.0,456.0,132.0,551.0
           Florence,2000,9,13,0,30.8,-73.7,hurricane,1.0,65,986,216,60,0,FLORENCE,AL102000,2000-09-13 00:00:00,2000-09-13 00:00:00,279.0,28.0,150.0,41.0,452.0,132.0,513.0
           Florence,2000,9,13,60,30.7,-74.0,hurricane,1.0,65,986,243,57,0,FLORENCE,AL102000,2000-09-13 06:00:00,2000-09-13 06:00:00,279.0,28.0,148.0,42.0,451.0,129.0,509.0
           Florence,2000,9,16,0,30.8,-67.5,hurricane,1.0,65,994,240,57,0,FLORENCE,AL102000,2000-09-16 00:00:00,2000-09-16 00:00:00,279.0,21.0,137.0,59.0,527.0,112.0,935.0
           Florence,2000,9,16,60,32.6,-66.1,hurricane,1.0,65,988,242,53,0,FLORENCE,AL102000,2000-09-16 06:00:00,2000-09-16 06:00:00,273.0,15.0,178.0,57.0,501.0,101.0,949.0
           Florence,2000,9,16,12,34.3,-64.2,hurricane,1.0,65,987,257,50,0,FLORENCE,AL102000,2000-09-16 12:00:00,2000-09-16 12:00:00,267.0,13.0,189.0,54.0,498.0,94.0,963.0
           Florence,2000,9,16,18,36.1,-61.8,hurricane,1.0,70,985,230,56,0,FLORENCE,AL102000,2000-09-16 18:00:00,2000-09-16 18:00:00,264.0,8.0,208.0,50.0,514.0,79.0,885.0
             Gordon,2000,9,17,0,25.2,-85.4,hurricane,1.0,65,985,212,57,0,GORDON,AL112000,2000-09-17 00:00:00,2000-09-17 00:00:00,292.0,92.0,268.0,45.0,497.0,139.0,312.0
             Gordon,2000,9,17,60,26.1,-84.9,hurricane,1.0,70,981,206,62,0,GORDON,AL112000,2000-09-17 06:00:00,2000-09-17 06:00:00,292.0,61.0,268.0,47.0,487.0,153.0,268.0
             Gordon,2000,9,17,12,27.1,-84.3,hurricane,1.0,65,987,210,57,0,GORDON,AL112000,2000-09-17 12:00:00,2000-09-17 12:00:00,291.0,42.0,250.0,49.0,466.0,143.0,166.0
             Gordon,2000,9,17,18,28.0,-83.8,hurricane,1.0,65,985,208,58,0,GORDON,AL112000,2000-09-17 18:00:00,2000-09-17 18:00:00,290.0,33.0,264.0,48.0,448.0,130.0,95.0
              Isaac,2000,9,23,12,14.3,-33.2,hurricane,1.0,70,984,176,32,0,ISAAC,AL132000,2000-09-23 12:00:00,2000-09-23 12:00:00,275.0,20.0,39.0,59.0,537.0,125.0,1686.0
              Isaac,2000,9,23,18,14.6,-34.2,hurricane,2.0,85,973,201,46,0,ISAAC,AL132000,2000-09-23 18:00:00,2000-09-23 18:00:00,275.0,20.0,49.0,58.0,552.0,127.0,1792.0
              Isaac,2000,9,24,0,14.9,-35.0,hurricane,3.0,105,960,256,67,1,ISAAC,AL132000,2000-09-24 00:00:00,2000-09-24 00:00:00,275.0,21.0,73.0,55.0,544.0,124.0,1876.0
              Isaac,2000,9,24,60,15.1,-35.8,hurricane,3.0,100,960,260,66,1,ISAAC,AL132000,2000-09-24 06:00:00,2000-09-24 06:00:00,272.0,22.0,57.0,55.0,537.0,123.0,1962.0
              Isaac,2000,9,24,12,15.5,-36.8,hurricane,3.0,100,960,266,69,1,ISAAC,AL132000,2000-09-24 12:00:00,2000-09-24 12:00:00,273.0,23.0,113.0,57.0,545.0,122.0,2024.0
              Isaac,2000,9,24,18,15.8,-37.8,hurricane,3.0,100,960,269,73,1,ISAAC,AL132000,2000-09-24 18:00:00,2000-09-24 18:00:00,273.0,26.0,115.0,60.0,548.0,124.0,1961.0
              Isaac,2000,9,25,0,16.3,-38.6,hurricane,2.0,95,965,270,71,0,ISAAC,AL132000,2000-09-25 00:00:00,2000-09-25 00:00:00,271.0,25.0,149.0,61.0,551.0,122.0,1934.0
              Isaac,2000,9,25,60,16.7,-39.5,hurricane,2.0,95,965,274,72,0,ISAAC,AL132000,2000-09-25 06:00:00,2000-09-25 06:00:00,272.0,26.0,134.0,64.0,551.0,117.0,1896.0
              Isaac,2000,9,25,12,17.2,-40.4,hurricane,2.0,90,970,269,67,0,ISAAC,AL132000,2000-09-25 12:00:00,2000-09-25 12:00:00,271.0,25.0,138.0,66.0,550.0,115.0,1873.0
              Isaac,2000,9,25,18,17.6,-41.2,hurricane,2.0,90,970,272,68,0,ISAAC,AL132000,2000-09-25 18:00:00,2000-09-25 18:00:00,272.0,26.0,181.0,63.0,540.0,116.0,1854.0
              Isaac,2000,9,26,0,17.9,-42.0,hurricane,2.0,90,970,270,69,0,ISAAC,AL132000,2000-09-26 00:00:00,2000-09-26 00:00:00,272.0,27.0,194.0,58.0,556.0,116.0,1824.0
              Isaac,2000,9,26,60,18.3,-42.9,hurricane,2.0,85,973,254,64,0,ISAAC,AL132000,2000-09-26 06:00:00,2000-09-26 06:00:00,272.0,28.0,150.0,60.0,545.0,118.0,1797.0
              Isaac,2000,9,26,12,18.6,-43.9,hurricane,1.0,75,980,215,49,0,ISAAC,AL132000,2000-09-26 12:00:00,2000-09-26 12:00:00,273.0,31.0,170.0,59.0,534.0,123.0,1760.0
              Isaac,2000,9,26,18,19.1,-45.0,hurricane,1.0,75,980,213,51,0,ISAAC,AL132000,2000-09-26 18:00:00,2000-09-26 18:00:00,273.0,32.0,201.0,52.0,551.0,129.0,1676.0
              Isaac,2000,9,27,0,19.6,-46.0,hurricane,1.0,80,977,260,73,0,ISAAC,AL132000,2000-09-27 00:00:00,2000-09-27 00:00:00,274.0,35.0,197.0,53.0,544.0,132.0,1601.0
              Isaac,2000,9,27,60,20.4,-47.0,hurricane,2.0,85,973,248,62,0,ISAAC,AL132000,2000-09-27 06:00:00,2000-09-27 06:00:00,275.0,36.0,154.0,54.0,520.0,134.0,1548.0
              Isaac,2000,9,27,12,21.0,-48.1,hurricane,2.0,90,970,281,80,0,ISAAC,AL132000,2000-09-27 12:00:00,2000-09-27 12:00:00,277.0,38.0,95.0,56.0,518.0,136.0,1479.0
              Isaac,2000,9,27,18,21.9,-49.5,hurricane,2.0,95,965,261,78,0,ISAAC,AL132000,2000-09-27 18:00:00,2000-09-27 18:00:00,278.0,39.0,127.0,52.0,509.0,143.0,1365.0
              Isaac,2000,9,28,0,22.8,-50.6,hurricane,3.0,100,960,275,84,1,ISAAC,AL132000,2000-09-28 00:00:00,2000-09-28 00:00:00,279.0,41.0,79.0,55.0,518.0,143.0,1296.0
              Isaac,2000,9,28,60,23.8,-52.0,hurricane,3.0,105,955,232,62,1,ISAAC,AL132000,2000-09-28 06:00:00,2000-09-28 06:00:00,280.0,40.0,28.0,54.0,518.0,146.0,1222.0
              Isaac,2000,9,28,12,25.0,-52.9,hurricane,3.0,110,950,219,64,1,ISAAC,AL132000,2000-09-28 12:00:00,2000-09-28 12:00:00,280.0,36.0,24.0,53.0,533.0,143.0,1227.0
              Isaac,2000,9,28,18,26.6,-54.2,hurricane,4.0,120,943,219,64,1,ISAAC,AL132000,2000-09-28 18:00:00,2000-09-28 18:00:00,281.0,29.0,43.0,55.0,540.0,145.0,1261.0
              Isaac,2000,9,29,0,28.0,-55.1,hurricane,4.0,115,948,218,64,1,ISAAC,AL132000,2000-09-29 00:00:00,2000-09-29 00:00:00,277.0,24.0,66.0,56.0,545.0,140.0,1335.0
              Isaac,2000,9,29,60,29.7,-55.9,hurricane,3.0,110,950,217,63,1,ISAAC,AL132000,2000-09-29 06:00:00,2000-09-29 06:00:00,275.0,16.0,132.0,58.0,542.0,122.0,1458.0
              Isaac,2000,9,29,12,31.2,-56.2,hurricane,3.0,105,955,175,48,1,ISAAC,AL132000,2000-09-29 12:00:00,2000-09-29 12:00:00,269.0,7.0,266.0,51.0,517.0,105.0,1590.0
              Isaac,2000,9,29,18,32.9,-55.9,hurricane,2.0,90,965,197,60,0,ISAAC,AL132000,2000-09-29 18:00:00,2000-09-29 18:00:00,265.0,0.0,339.0,47.0,534.0,93.0,1443.0
              Isaac,2000,9,30,0,34.4,-55.2,hurricane,2.0,85,970,194,62,0,ISAAC,AL132000,2000-09-30 00:00:00,2000-09-30 00:00:00,258.0,0.0,333.0,43.0,509.0,91.0,1307.0
              Isaac,2000,9,30,60,35.7,-54.0,hurricane,1.0,80,975,180,48,0,ISAAC,AL132000,2000-09-30 06:00:00,2000-09-30 06:00:00,255.0,0.0,368.0,37.0,483.0,89.0,1213.0
              Isaac,2000,9,30,12,37.0,-51.8,hurricane,1.0,75,979,237,62,0,ISAAC,AL132000,2000-09-30 12:00:00,2000-09-30 12:00:00,251.0,0.0,358.0,36.0,450.0,85.0,1077.0
              Isaac,2000,9,30,18,38.3,-49.8,hurricane,1.0,70,985,685,150,0,ISAAC,AL132000,2000-09-30 18:00:00,2000-09-30 18:00:00,248.0,0.0,318.0,40.0,432.0,78.0,966.0
              Isaac,2000,10,1,0,39.7,-47.9,hurricane,1.0,65,987,278,46,0,ISAAC,AL132000,2000-10-01 00:00:00,2000-10-01 00:00:00,238.0,0.0,353.0,43.0,400.0,75.0,879.0
              Joyce,2000,9,27,12,12.4,-38.8,hurricane,1.0,65,985,136,25,0,JOYCE,AL142000,2000-09-27 12:00:00,2000-09-27 12:00:00,280.0,24.0,94.0,72.0,543.0,138.0,1648.0
              Joyce,2000,9,27,18,12.5,-40.1,hurricane,1.0,70,978,132,26,0,JOYCE,AL142000,2000-09-27 18:00:00,2000-09-27 18:00:00,280.0,25.0,107.0,71.0,543.0,144.0,1538.0
              Joyce,2000,9,28,0,12.4,-41.3,hurricane,1.0,75,976,128,30,0,JOYCE,AL142000,2000-09-28 00:00:00,2000-09-28 00:00:00,281.0,28.0,124.0,67.0,546.0,146.0,1428.0
              Joyce,2000,9,28,60,12.2,-42.5,hurricane,1.0,80,975,226,52,0,JOYCE,AL142000,2000-09-28 06:00:00,2000-09-28 06:00:00,281.0,32.0,115.0,64.0,540.0,150.0,1314.0
              Joyce,2000,9,28,12,11.7,-43.8,hurricane,1.0,80,975,224,51,0,JOYCE,AL142000,2000-09-28 12:00:00,2000-09-28 12:00:00,284.0,37.0,123.0,65.0,543.0,152.0,1174.0
              Joyce,2000,9,28,18,11.3,-45.0,hurricane,1.0,75,976,128,31,0,JOYCE,AL142000,2000-09-28 18:00:00,2000-09-28 18:00:00,285.0,39.0,125.0,64.0,547.0,157.0,1051.0
              Joyce,2000,9,29,0,10.9,-46.1,hurricane,1.0,75,977,126,30,0,JOYCE,AL142000,2000-09-29 00:00:00,2000-09-29 00:00:00,289.0,42.0,120.0,62.0,546.0,158.0,941.0
              Joyce,2000,9,29,60,10.7,-47.2,hurricane,1.0,70,980,146,30,0,JOYCE,AL142000,2000-09-29 06:00:00,2000-09-29 06:00:00,290.0,43.0,106.0,57.0,536.0,157.0,851.0
              Joyce,2000,9,29,12,10.5,-48.6,hurricane,1.0,65,984,147,29,0,JOYCE,AL142000,2000-09-29 12:00:00,2000-09-29 12:00:00,290.0,45.0,144.0,56.0,522.0,160.0,736.0
              Keith,2000,9,30,12,17.9,-86.4,hurricane,1.0,65,982,149,26,0,KEITH,AL152000,2000-09-30 12:00:00,2000-09-30 12:00:00,293.0,78.0,26.0,77.0,578.0,142.0,155.0
              Keith,2000,9,30,18,17.9,-86.7,hurricane,1.0,75,977,238,57,0,KEITH,AL152000,2000-09-30 18:00:00,2000-09-30 18:00:00,293.0,78.0,28.0,74.0,576.0,147.0,125.0
              Keith,2000,10,1,0,17.9,-86.9,hurricane,3.0,100,955,324,121,1,KEITH,AL152000,2000-10-01 00:00:00,2000-10-01 00:00:00,293.0,78.0,30.0,73.0,605.0,150.0,105.0
              Keith,2000,10,1,60,17.9,-87.2,hurricane,4.0,120,941,338,124,1,KEITH,AL152000,2000-10-01 06:00:00,2000-10-01 06:00:00,293.0,78.0,81.0,70.0,592.0,140.0,76.0
              Keith,2000,10,1,12,17.9,-87.4,hurricane,4.0,115,944,314,100,1,KEITH,AL152000,2000-10-01 12:00:00,2000-10-01 12:00:00,293.0,79.0,86.0,74.0,594.0,146.0,57.0
              Keith,2000,10,1,18,17.9,-87.7,hurricane,3.0,110,950,317,102,1,KEITH,AL152000,2000-10-01 18:00:00,2000-10-01 18:00:00,293.0,79.0,87.0,74.0,594.0,154.0,36.0
              Keith,2000,10,2,0,17.8,-87.9,hurricane,3.0,100,959,320,117,1,KEITH,AL152000,2000-10-02 00:00:00,2000-10-02 00:00:00,293.0,80.0,77.0,74.0,613.0,154.0,32.0
              Keith,2000,10,2,60,17.6,-87.8,hurricane,1.0,80,974,264,78,0,KEITH,AL152000,2000-10-02 06:00:00,2000-10-02 06:00:00,293.0,80.0,113.0,74.0,604.0,144.0,41.0
              Keith,2000,10,2,12,17.7,-87.8,hurricane,1.0,70,980,202,42,0,KEITH,AL152000,2000-10-02 12:00:00,2000-10-02 12:00:00,293.0,80.0,114.0,71.0,599.0,146.0,45.0
              Keith,2000,10,2,18,17.7,-87.9,hurricane,1.0,65,987,218,41,0,KEITH,AL152000,2000-10-02 18:00:00,2000-10-02 18:00:00,293.0,80.0,119.0,70.0,619.0,155.0,35.0
              Keith,2000,10,5,60,21.2,-96.1,hurricane,1.0,65,987,215,51,0,KEITH,AL152000,2000-10-05 06:00:00,2000-10-05 06:00:00,288.0,37.0,95.0,56.0,558.0,134.0,121.0
              Keith,2000,10,5,12,21.8,-97.0,hurricane,1.0,75,983,229,54,0,KEITH,AL152000,2000-10-05 12:00:00,2000-10-05 12:00:00,288.0,42.0,87.0,56.0,546.0,122.0,41.0
            Michael,2000,10,17,18,30.1,-70.9,hurricane,1.0,65,988,249,53,0,MICHAEL,AL172000,2000-10-17 18:00:00,2000-10-17 18:00:00,263.0,13.0,222.0,46.0,455.0,112.0,737.0
            Michael,2000,10,18,0,30.4,-70.9,hurricane,1.0,65,988,250,55,0,MICHAEL,AL172000,2000-10-18 00:00:00,2000-10-18 00:00:00,263.0,7.0,225.0,49.0,470.0,107.0,714.0
            Michael,2000,10,18,60,30.8,-70.8,hurricane,1.0,65,986,255,52,0,MICHAEL,AL172000,2000-10-18 06:00:00,2000-10-18 06:00:00,263.0,2.0,241.0,53.0,467.0,97.0,690.0
            Michael,2000,10,18,12,31.5,-70.4,hurricane,1.0,65,984,257,52,0,MICHAEL,AL172000,2000-10-18 12:00:00,2000-10-18 12:00:00,259.0,0.0,273.0,58.0,456.0,97.0,671.0
            Michael,2000,10,18,18,32.6,-69.5,hurricane,1.0,70,979,260,53,0,MICHAEL,AL172000,2000-10-18 18:00:00,2000-10-18 18:00:00,253.0,0.0,342.0,56.0,447.0,101.0,666.0
            Michael,2000,10,19,0,34.2,-67.8,hurricane,1.0,75,983,261,53,0,MICHAEL,AL172000,2000-10-19 00:00:00,2000-10-19 00:00:00,250.0,0.0,437.0,63.0,439.0,85.0,740.0
            Michael,2000,10,19,60,36.3,-65.5,hurricane,1.0,65,986,264,50,0,MICHAEL,AL172000,2000-10-19 06:00:00,2000-10-19 06:00:00,252.0,0.0,531.0,72.0,411.0,10.0,712.0
               Erin,2001,9,9,0,29.7,-60.4,hurricane,1.0,75,987,242,58,0,ERIN,AL062001,2001-09-09 00:00:00,2001-09-09 00:00:00,282.0,24.0,132.0,45.0,504.0,138.0,1280.0
               Erin,2001,9,9,60,30.6,-61.3,hurricane,2.0,90,982,218,63,0,ERIN,AL062001,2001-09-09 06:00:00,2001-09-09 06:00:00,280.0,24.0,143.0,44.0,498.0,126.0,1351.0
               Erin,2001,9,9,12,31.5,-62.2,hurricane,2.0,95,979,218,62,0,ERIN,AL062001,2001-09-09 12:00:00,2001-09-09 12:00:00,278.0,20.0,108.0,42.0,518.0,120.0,1327.0
               Erin,2001,9,9,18,32.4,-62.8,hurricane,3.0,105,968,211,61,1,ERIN,AL062001,2001-09-09 18:00:00,2001-09-09 18:00:00,275.0,15.0,111.0,41.0,502.0,116.0,1212.0
               Erin,2001,9,10,0,33.3,-63.3,hurricane,3.0,105,969,212,62,1,ERIN,AL062001,2001-09-10 00:00:00,2001-09-10 00:00:00,272.0,14.0,118.0,42.0,492.0,111.0,1101.0
               Erin,2001,9,10,60,34.2,-64.1,hurricane,3.0,105,969,210,62,1,ERIN,AL062001,2001-09-10 06:00:00,2001-09-10 06:00:00,269.0,14.0,129.0,42.0,473.0,106.0,978.0
               Erin,2001,9,10,12,34.9,-64.7,hurricane,3.0,100,969,209,62,1,ERIN,AL062001,2001-09-10 12:00:00,2001-09-10 12:00:00,269.0,12.0,119.0,42.0,467.0,110.0,883.0
               Erin,2001,9,10,18,35.7,-65.4,hurricane,2.0,90,970,207,62,0,ERIN,AL062001,2001-09-10 18:00:00,2001-09-10 18:00:00,268.0,13.0,198.0,43.0,470.0,111.0,774.0
               Erin,2001,9,11,0,36.4,-65.7,hurricane,1.0,80,973,203,62,0,ERIN,AL062001,2001-09-11 00:00:00,2001-09-11 00:00:00,269.0,17.0,183.0,41.0,449.0,108.0,693.0
               Erin,2001,9,11,60,36.9,-65.9,hurricane,1.0,80,976,214,62,0,ERIN,AL062001,2001-09-11 06:00:00,2001-09-11 06:00:00,269.0,16.0,206.0,38.0,440.0,107.0,636.0
               Erin,2001,9,11,12,37.4,-65.6,hurricane,1.0,80,976,209,62,0,ERIN,AL062001,2001-09-11 12:00:00,2001-09-11 12:00:00,268.0,17.0,260.0,37.0,410.0,106.0,605.0
               Erin,2001,9,11,18,37.8,-65.1,hurricane,1.0,80,976,212,62,0,ERIN,AL062001,2001-09-11 18:00:00,2001-09-11 18:00:00,268.0,16.0,198.0,37.0,402.0,102.0,599.0
               Erin,2001,9,12,0,38.0,-64.3,hurricane,1.0,80,976,212,63,0,ERIN,AL062001,2001-09-12 00:00:00,2001-09-12 00:00:00,264.0,15.0,208.0,36.0,399.0,101.0,625.0
               Erin,2001,9,12,60,38.0,-63.3,hurricane,1.0,75,979,230,61,0,ERIN,AL062001,2001-09-12 06:00:00,2001-09-12 06:00:00,263.0,13.0,164.0,36.0,393.0,103.0,644.0
               Erin,2001,9,12,12,37.9,-62.6,hurricane,1.0,75,979,229,60,0,ERIN,AL062001,2001-09-12 12:00:00,2001-09-12 12:00:00,264.0,12.0,198.0,36.0,384.0,101.0,673.0
               Erin,2001,9,12,18,37.9,-62.0,hurricane,1.0,75,979,230,60,0,ERIN,AL062001,2001-09-12 18:00:00,2001-09-12 18:00:00,263.0,10.0,164.0,37.0,386.0,104.0,693.0
               Erin,2001,9,13,0,38.1,-61.4,hurricane,1.0,75,979,223,61,0,ERIN,AL062001,2001-09-13 00:00:00,2001-09-13 00:00:00,262.0,7.0,198.0,39.0,385.0,103.0,696.0
               Erin,2001,9,13,60,38.3,-61.0,hurricane,1.0,70,982,232,58,0,ERIN,AL062001,2001-09-13 06:00:00,2001-09-13 06:00:00,262.0,4.0,243.0,40.0,397.0,98.0,694.0
               Erin,2001,9,13,12,38.8,-60.6,hurricane,1.0,70,982,525,116,0,ERIN,AL062001,2001-09-13 12:00:00,2001-09-13 12:00:00,262.0,2.0,268.0,39.0,399.0,81.0,667.0
               Erin,2001,9,13,18,39.6,-60.2,hurricane,1.0,70,982,516,111,0,ERIN,AL062001,2001-09-13 18:00:00,2001-09-13 18:00:00,258.0,0.0,280.0,39.0,404.0,46.0,606.0
               Erin,2001,9,14,0,40.6,-59.3,hurricane,1.0,70,982,530,116,0,ERIN,AL062001,2001-09-14 00:00:00,2001-09-14 00:00:00,248.0,0.0,318.0,37.0,395.0,6.0,535.0
               Erin,2001,9,14,60,42.0,-58.1,hurricane,1.0,65,987,331,54,0,ERIN,AL062001,2001-09-14 06:00:00,2001-09-14 06:00:00,210.0,0.0,359.0,38.0,382.0,0.0,439.0
               Erin,2001,9,14,12,43.3,-56.7,hurricane,1.0,65,987,388,74,0,ERIN,AL062001,2001-09-14 12:00:00,2001-09-14 12:00:00,191.0,0.0,405.0,40.0,376.0,0.0,388.0
              Felix,2001,9,13,0,23.9,-48.9,hurricane,1.0,65,987,222,50,0,FELIX,AL072001,2001-09-13 00:00:00,2001-09-13 00:00:00,278.0,33.0,228.0,57.0,541.0,146.0,1505.0
              Felix,2001,9,13,60,24.8,-48.6,hurricane,1.0,75,979,224,61,0,FELIX,AL072001,2001-09-13 06:00:00,2001-09-13 06:00:00,278.0,30.0,175.0,57.0,532.0,143.0,1577.0
              Felix,2001,9,13,12,25.9,-48.4,hurricane,2.0,85,972,236,59,0,FELIX,AL072001,2001-09-13 12:00:00,2001-09-13 12:00:00,279.0,27.0,180.0,55.0,526.0,142.0,1655.0
              Felix,2001,9,13,18,27.1,-48.0,hurricane,2.0,95,966,236,59,0,FELIX,AL072001,2001-09-13 18:00:00,2001-09-13 18:00:00,278.0,24.0,168.0,52.0,529.0,142.0,1760.0
              Felix,2001,9,14,0,28.2,-47.2,hurricane,3.0,100,962,234,60,1,FELIX,AL072001,2001-09-14 00:00:00,2001-09-14 00:00:00,277.0,21.0,168.0,51.0,519.0,136.0,1895.0
              Felix,2001,9,14,60,29.3,-46.6,hurricane,3.0,100,962,237,60,1,FELIX,AL072001,2001-09-14 06:00:00,2001-09-14 06:00:00,276.0,17.0,188.0,48.0,513.0,127.0,2009.0
              Felix,2001,9,14,12,30.1,-45.5,hurricane,2.0,95,966,200,53,0,FELIX,AL072001,2001-09-14 12:00:00,2001-09-14 12:00:00,274.0,16.0,152.0,47.0,519.0,128.0,1954.0
              Felix,2001,9,14,18,30.9,-44.3,hurricane,2.0,90,970,210,58,0,FELIX,AL072001,2001-09-14 18:00:00,2001-09-14 18:00:00,273.0,14.0,150.0,46.0,522.0,124.0,1908.0
              Felix,2001,9,15,0,31.2,-42.8,hurricane,2.0,90,970,152,43,0,FELIX,AL072001,2001-09-15 00:00:00,2001-09-15 00:00:00,270.0,12.0,203.0,47.0,514.0,116.0,1933.0
              Felix,2001,9,15,60,31.5,-41.4,hurricane,2.0,90,970,153,43,0,FELIX,AL072001,2001-09-15 06:00:00,2001-09-15 06:00:00,269.0,9.0,246.0,47.0,500.0,105.0,1962.0
              Felix,2001,9,15,12,31.7,-39.5,hurricane,2.0,90,970,170,44,0,FELIX,AL072001,2001-09-15 12:00:00,2001-09-15 12:00:00,267.0,7.0,229.0,45.0,500.0,102.0,2032.0
              Felix,2001,9,15,18,32.1,-37.6,hurricane,2.0,85,975,206,59,0,FELIX,AL072001,2001-09-15 18:00:00,2001-09-15 18:00:00,264.0,4.0,224.0,45.0,510.0,100.0,2093.0
              Felix,2001,9,16,0,32.1,-36.0,hurricane,2.0,85,975,219,59,0,FELIX,AL072001,2001-09-16 00:00:00,2001-09-16 00:00:00,262.0,1.0,217.0,50.0,508.0,88.0,2183.0
              Felix,2001,9,16,60,32.6,-34.8,hurricane,1.0,80,976,219,59,0,FELIX,AL072001,2001-09-16 06:00:00,2001-09-16 06:00:00,261.0,0.0,211.0,47.0,482.0,74.0,2093.0
              Felix,2001,9,16,12,33.4,-33.3,hurricane,1.0,75,977,227,58,0,FELIX,AL072001,2001-09-16 12:00:00,2001-09-16 12:00:00,258.0,0.0,216.0,48.0,486.0,66.0,1985.0
              Felix,2001,9,16,18,34.3,-32.4,hurricane,1.0,70,979,231,55,0,FELIX,AL072001,2001-09-16 18:00:00,2001-09-16 18:00:00,253.0,0.0,220.0,45.0,482.0,67.0,1943.0
              Felix,2001,9,17,0,35.1,-32.0,hurricane,1.0,70,981,223,56,0,FELIX,AL072001,2001-09-17 00:00:00,2001-09-17 00:00:00,247.0,0.0,214.0,43.0,476.0,67.0,1947.0
              Felix,2001,9,17,60,35.4,-31.7,hurricane,1.0,65,983,227,52,0,FELIX,AL072001,2001-09-17 06:00:00,2001-09-17 06:00:00,247.0,0.0,212.0,41.0,452.0,65.0,1938.0
          Gabrielle,2001,9,17,0,33.1,-70.7,hurricane,1.0,65,991,217,59,0,GABRIELLE,AL082001,2001-09-17 00:00:00,2001-09-17 00:00:00,268.0,17.0,441.0,42.0,504.0,99.0,541.0
          Gabrielle,2001,9,17,60,34.0,-68.5,hurricane,1.0,65,991,263,52,0,GABRIELLE,AL082001,2001-09-17 06:00:00,2001-09-17 06:00:00,266.0,12.0,386.0,41.0,492.0,104.0,685.0
          Gabrielle,2001,9,17,12,35.3,-66.6,hurricane,1.0,70,983,213,57,0,GABRIELLE,AL082001,2001-09-17 12:00:00,2001-09-17 12:00:00,265.0,12.0,341.0,38.0,440.0,100.0,768.0
          Gabrielle,2001,9,17,18,36.2,-64.7,hurricane,1.0,70,983,231,56,0,GABRIELLE,AL082001,2001-09-17 18:00:00,2001-09-17 18:00:00,267.0,11.0,409.0,38.0,427.0,98.0,760.0
           Humberto,2001,9,23,12,31.0,-67.5,hurricane,1.0,65,990,226,59,0,HUMBERTO,AL102001,2001-09-23 12:00:00,2001-09-23 12:00:00,273.0,17.0,229.0,49.0,473.0,96.0,922.0
           Humberto,2001,9,23,18,31.9,-67.4,hurricane,1.0,80,986,212,66,0,HUMBERTO,AL102001,2001-09-23 18:00:00,2001-09-23 18:00:00,273.0,13.0,227.0,50.0,497.0,85.0,875.0
           Humberto,2001,9,24,0,32.8,-67.1,hurricane,2.0,85,983,226,67,0,HUMBERTO,AL102001,2001-09-24 00:00:00,2001-09-24 00:00:00,269.0,9.0,224.0,49.0,477.0,94.0,854.0
           Humberto,2001,9,24,60,33.8,-66.8,hurricane,1.0,75,989,232,65,0,HUMBERTO,AL102001,2001-09-24 06:00:00,2001-09-24 06:00:00,266.0,7.0,242.0,49.0,486.0,98.0,841.0
           Humberto,2001,9,24,12,35.0,-66.3,hurricane,1.0,70,990,223,61,0,HUMBERTO,AL102001,2001-09-24 12:00:00,2001-09-24 12:00:00,262.0,5.0,224.0,47.0,466.0,102.0,809.0
           Humberto,2001,9,24,18,35.9,-65.4,hurricane,1.0,70,991,223,60,0,HUMBERTO,AL102001,2001-09-24 18:00:00,2001-09-24 18:00:00,263.0,2.0,216.0,48.0,459.0,96.0,755.0
           Humberto,2001,9,25,0,36.8,-64.3,hurricane,1.0,65,992,255,59,0,HUMBERTO,AL102001,2001-09-25 00:00:00,2001-09-25 00:00:00,263.0,2.0,179.0,47.0,449.0,87.0,729.0
           Humberto,2001,9,25,60,37.7,-63.4,hurricane,1.0,65,992,256,60,0,HUMBERTO,AL102001,2001-09-25 06:00:00,2001-09-25 06:00:00,260.0,0.0,210.0,43.0,453.0,81.0,674.0
           Humberto,2001,9,25,12,38.5,-62.4,hurricane,1.0,65,992,259,60,0,HUMBERTO,AL102001,2001-09-25 12:00:00,2001-09-25 12:00:00,258.0,0.0,184.0,42.0,420.0,83.0,618.0
           Humberto,2001,9,25,18,39.2,-61.6,hurricane,1.0,65,990,306,67,0,HUMBERTO,AL102001,2001-09-25 18:00:00,2001-09-25 18:00:00,253.0,0.0,121.0,46.0,407.0,68.0,581.0
           Humberto,2001,9,26,0,39.6,-60.7,hurricane,1.0,65,990,313,66,0,HUMBERTO,AL102001,2001-09-26 00:00:00,2001-09-26 00:00:00,253.0,0.0,118.0,48.0,407.0,46.0,589.0
           Humberto,2001,9,26,60,40.4,-60.3,hurricane,1.0,75,980,572,121,0,HUMBERTO,AL102001,2001-09-26 06:00:00,2001-09-26 06:00:00,241.0,0.0,160.0,51.0,402.0,9.0,521.0
           Humberto,2001,9,26,12,41.0,-59.2,hurricane,2.0,90,970,611,129,0,HUMBERTO,AL102001,2001-09-26 12:00:00,2001-09-26 12:00:00,223.0,0.0,216.0,53.0,387.0,0.0,495.0
           Humberto,2001,9,26,18,41.8,-57.5,hurricane,1.0,80,977,534,124,0,HUMBERTO,AL102001,2001-09-26 18:00:00,2001-09-26 18:00:00,227.0,0.0,242.0,56.0,390.0,5.0,487.0
           Humberto,2001,9,27,0,42.2,-54.6,hurricane,1.0,70,987,500,108,0,HUMBERTO,AL102001,2001-09-27 00:00:00,2001-09-27 00:00:00,205.0,0.0,330.0,57.0,395.0,28.0,497.0
           Humberto,2001,9,27,60,42.4,-51.3,hurricane,1.0,65,991,503,104,0,HUMBERTO,AL102001,2001-09-27 06:00:00,2001-09-27 06:00:00,191.0,0.0,348.0,52.0,378.0,77.0,492.0
               Iris,2001,10,6,18,16.9,-72.2,hurricane,1.0,65,992,135,22,0,IRIS,AL112001,2001-10-06 18:00:00,2001-10-06 18:00:00,290.0,72.0,139.0,55.0,542.0,139.0,119.0
               Iris,2001,10,7,0,16.9,-74.0,hurricane,1.0,75,993,171,29,0,IRIS,AL112001,2001-10-07 00:00:00,2001-10-07 00:00:00,291.0,80.0,128.0,54.0,562.0,140.0,126.0
               Iris,2001,10,7,60,16.9,-75.3,hurricane,1.0,75,989,169,29,0,IRIS,AL112001,2001-10-07 06:00:00,2001-10-07 06:00:00,290.0,91.0,147.0,53.0,546.0,135.0,148.0
               Iris,2001,10,7,12,17.3,-77.0,hurricane,1.0,75,989,150,27,0,IRIS,AL112001,2001-10-07 12:00:00,2001-10-07 12:00:00,292.0,88.0,164.0,57.0,553.0,140.0,50.0
               Iris,2001,10,7,18,17.4,-78.9,hurricane,1.0,75,991,149,27,0,IRIS,AL112001,2001-10-07 18:00:00,2001-10-07 18:00:00,293.0,86.0,154.0,59.0,551.0,138.0,111.0
               Iris,2001,10,8,0,17.3,-80.6,hurricane,1.0,80,988,164,32,0,IRIS,AL112001,2001-10-08 00:00:00,2001-10-08 00:00:00,292.0,85.0,142.0,61.0,556.0,139.0,259.0
               Iris,2001,10,8,60,17.2,-82.3,hurricane,2.0,90,963,267,76,0,IRIS,AL112001,2001-10-08 06:00:00,2001-10-08 06:00:00,291.0,80.0,85.0,60.0,571.0,131.0,245.0
               Iris,2001,10,8,12,17.1,-84.0,hurricane,4.0,120,950,263,79,1,IRIS,AL112001,2001-10-08 12:00:00,2001-10-08 12:00:00,291.0,73.0,62.0,61.0,592.0,135.0,144.0
               Iris,2001,10,8,18,16.8,-86.0,hurricane,4.0,115,950,262,78,1,IRIS,AL112001,2001-10-08 18:00:00,2001-10-08 18:00:00,294.0,75.0,90.0,60.0,596.0,146.0,86.0
               Iris,2001,10,9,0,16.5,-88.0,hurricane,4.0,125,948,261,78,1,IRIS,AL112001,2001-10-09 00:00:00,2001-10-09 00:00:00,293.0,79.0,30.0,60.0,608.0,150.0,36.0
              Karen,2001,10,13,18,37.3,-64.6,hurricane,1.0,65,985,261,44,0,KAREN,AL132001,2001-10-13 18:00:00,2001-10-13 18:00:00,255.0,0.0,235.0,42.0,415.0,65.0,670.0
              Karen,2001,10,14,0,37.9,-64.0,hurricane,1.0,65,985,257,48,0,KAREN,AL132001,2001-10-14 00:00:00,2001-10-14 00:00:00,252.0,0.0,219.0,39.0,421.0,56.0,641.0
              Karen,2001,10,14,60,38.6,-63.7,hurricane,1.0,70,982,521,120,0,KAREN,AL132001,2001-10-14 06:00:00,2001-10-14 06:00:00,249.0,0.0,173.0,35.0,414.0,26.0,570.0
           Michelle,2001,11,2,12,17.8,-84.0,hurricane,1.0,70,979,206,43,0,MICHELLE,AL152001,2001-11-02 12:00:00,2001-11-02 12:00:00,288.0,64.0,82.0,71.0,617.0,147.0,221.0
           Michelle,2001,11,2,18,18.0,-84.0,hurricane,1.0,80,969,295,86,0,MICHELLE,AL152001,2001-11-02 18:00:00,2001-11-02 18:00:00,289.0,64.0,128.0,71.0,618.0,152.0,243.0
           Michelle,2001,11,3,0,18.5,-84.0,hurricane,2.0,90,957,328,123,0,MICHELLE,AL152001,2001-11-03 00:00:00,2001-11-03 00:00:00,288.0,70.0,150.0,68.0,627.0,145.0,297.0
           Michelle,2001,11,3,60,18.8,-84.3,hurricane,3.0,105,942,306,108,1,MICHELLE,AL152001,2001-11-03 06:00:00,2001-11-03 06:00:00,289.0,76.0,160.0,68.0,624.0,139.0,321.0
           Michelle,2001,11,3,12,18.9,-84.3,hurricane,4.0,115,937,315,115,1,MICHELLE,AL152001,2001-11-03 12:00:00,2001-11-03 12:00:00,289.0,76.0,266.0,66.0,608.0,144.0,313.0
           Michelle,2001,11,3,18,19.3,-84.1,hurricane,3.0,110,934,304,109,1,MICHELLE,AL152001,2001-11-03 18:00:00,2001-11-03 18:00:00,289.0,88.0,333.0,68.0,610.0,149.0,264.0
           Michelle,2001,11,4,0,19.7,-83.7,hurricane,4.0,115,938,312,113,1,MICHELLE,AL152001,2001-11-04 00:00:00,2001-11-04 00:00:00,289.0,88.0,409.0,73.0,590.0,149.0,208.0
           Michelle,2001,11,4,60,20.1,-83.3,hurricane,4.0,120,944,302,109,1,MICHELLE,AL152001,2001-11-04 06:00:00,2001-11-04 06:00:00,287.0,94.0,439.0,68.0,575.0,145.0,155.0
           Michelle,2001,11,4,12,20.8,-82.5,hurricane,4.0,120,947,313,115,1,MICHELLE,AL152001,2001-11-04 12:00:00,2001-11-04 12:00:00,287.0,93.0,511.0,67.0,603.0,136.0,85.0
           Michelle,2001,11,4,18,21.5,-81.8,hurricane,4.0,120,949,303,109,1,MICHELLE,AL152001,2001-11-04 18:00:00,2001-11-04 18:00:00,285.0,88.0,523.0,67.0,570.0,121.0,76.0
           Michelle,2001,11,5,60,23.1,-79.7,hurricane,1.0,80,972,368,115,0,MICHELLE,AL152001,2001-11-05 06:00:00,2001-11-05 06:00:00,276.0,60.0,570.0,65.0,516.0,119.0,36.0
               Noel,2001,11,5,12,37.8,-50.3,hurricane,1.0,65,986,242,48,0,NOEL,AL162001,2001-11-05 12:00:00,2001-11-05 12:00:00,230.0,0.0,501.0,44.0,380.0,68.0,1009.0
               Noel,2001,11,5,18,38.8,-50.2,hurricane,1.0,65,986,299,50,0,NOEL,AL162001,2001-11-05 18:00:00,2001-11-05 18:00:00,230.0,0.0,549.0,49.0,367.0,18.0,903.0
               Olga,2001,11,26,12,30.6,-55.9,hurricane,1.0,65,979,343,47,0,OLGA,AL172001,2001-11-26 12:00:00,2001-11-26 12:00:00,240.0,0.0,101.0,53.0,376.0,91.0,1544.0
               Olga,2001,11,26,18,31.1,-56.0,hurricane,1.0,65,977,331,53,0,OLGA,AL172001,2001-11-26 18:00:00,2001-11-26 18:00:00,235.0,0.0,129.0,48.0,395.0,90.0,1589.0
               Olga,2001,11,27,0,32.1,-56.2,hurricane,1.0,75,975,449,98,0,OLGA,AL172001,2001-11-27 00:00:00,2001-11-27 00:00:00,230.0,0.0,135.0,45.0,392.0,95.0,1510.0
               Olga,2001,11,27,60,32.6,-57.0,hurricane,1.0,80,973,420,104,0,OLGA,AL172001,2001-11-27 06:00:00,2001-11-27 06:00:00,230.0,0.0,130.0,43.0,386.0,86.0,1425.0
               Olga,2001,11,27,12,31.5,-57.2,hurricane,1.0,80,974,416,107,0,OLGA,AL172001,2001-11-27 12:00:00,2001-11-27 12:00:00,234.0,0.0,101.0,44.0,364.0,85.0,1525.0
               Olga,2001,11,27,18,32.0,-56.0,hurricane,1.0,75,975,445,99,0,OLGA,AL172001,2001-11-27 18:00:00,2001-11-27 18:00:00,230.0,0.0,47.0,40.0,385.0,83.0,1529.0
               Olga,2001,11,28,0,32.3,-55.8,hurricane,1.0,75,975,446,98,0,OLGA,AL172001,2001-11-28 00:00:00,2001-11-28 00:00:00,229.0,0.0,70.0,38.0,386.0,85.0,1509.0
               Olga,2001,11,28,60,32.6,-55.7,hurricane,1.0,75,975,449,95,0,OLGA,AL172001,2001-11-28 06:00:00,2001-11-28 06:00:00,229.0,0.0,90.0,35.0,375.0,90.0,1480.0
               Olga,2001,11,28,12,32.4,-56.2,hurricane,1.0,75,977,456,96,0,OLGA,AL172001,2001-11-28 12:00:00,2001-11-28 12:00:00,229.0,0.0,118.0,37.0,377.0,96.0,1481.0
               Olga,2001,11,28,18,31.4,-57.0,hurricane,1.0,70,979,472,101,0,OLGA,AL172001,2001-11-28 18:00:00,2001-11-28 18:00:00,233.0,0.0,95.0,32.0,387.0,102.0,1543.0
               Olga,2001,11,29,0,30.3,-57.6,hurricane,1.0,65,987,248,56,0,OLGA,AL172001,2001-11-29 00:00:00,2001-11-29 00:00:00,238.0,0.0,144.0,31.0,405.0,97.0,1442.0
             Gustav,2002,9,11,12,38.0,-70.8,hurricane,1.0,70,971,232,62,0,GUSTAV,AL082002,2002-09-11 12:00:00,2002-09-11 12:00:00,249.0,21.0,521.0,65.0,495.0,12.0,346.0
             Gustav,2002,9,11,18,40.3,-66.8,hurricane,2.0,85,964,497,118,0,GUSTAV,AL082002,2002-09-11 18:00:00,2002-09-11 18:00:00,217.0,0.0,560.0,65.0,470.0,12.0,306.0
            Isidore,2002,9,19,18,20.4,-81.7,hurricane,1.0,65,983,229,50,0,ISIDORE,AL102002,2002-09-19 18:00:00,2002-09-19 18:00:00,297.0,116.0,203.0,67.0,638.0,146.0,161.0
            Isidore,2002,9,20,0,20.7,-82.3,hurricane,1.0,75,979,227,60,0,ISIDORE,AL102002,2002-09-20 00:00:00,2002-09-20 00:00:00,297.0,124.0,220.0,65.0,637.0,150.0,103.0
            Isidore,2002,9,20,60,21.1,-83.0,hurricane,2.0,90,967,219,62,0,ISIDORE,AL102002,2002-09-20 06:00:00,2002-09-20 06:00:00,297.0,123.0,171.0,67.0,631.0,141.0,40.0
            Isidore,2002,9,20,12,21.5,-83.5,hurricane,2.0,85,966,222,63,0,ISIDORE,AL102002,2002-09-20 12:00:00,2002-09-20 12:00:00,297.0,121.0,156.0,67.0,628.0,138.0,38.0
            Isidore,2002,9,20,18,21.8,-84.0,hurricane,1.0,75,965,231,62,0,ISIDORE,AL102002,2002-09-20 18:00:00,2002-09-20 18:00:00,297.0,123.0,201.0,68.0,632.0,140.0,15.0
            Isidore,2002,9,21,60,22.3,-85.1,hurricane,2.0,85,964,222,65,0,ISIDORE,AL102002,2002-09-21 06:00:00,2002-09-21 06:00:00,294.0,124.0,112.0,67.0,616.0,129.0,49.0
            Isidore,2002,9,21,12,22.0,-85.8,hurricane,3.0,100,955,328,146,1,ISIDORE,AL102002,2002-09-21 12:00:00,2002-09-21 12:00:00,294.0,90.0,98.0,66.0,608.0,128.0,93.0
            Isidore,2002,9,21,18,21.9,-86.1,hurricane,3.0,110,946,328,151,1,ISIDORE,AL102002,2002-09-21 18:00:00,2002-09-21 18:00:00,291.0,90.0,90.0,68.0,617.0,132.0,91.0
            Isidore,2002,9,22,0,22.1,-86.5,hurricane,3.0,110,947,331,151,1,ISIDORE,AL102002,2002-09-22 00:00:00,2002-09-22 00:00:00,291.0,67.0,117.0,66.0,613.0,135.0,78.0
            Isidore,2002,9,22,60,22.0,-87.4,hurricane,3.0,110,936,327,153,1,ISIDORE,AL102002,2002-09-22 06:00:00,2002-09-22 06:00:00,289.0,27.0,30.0,66.0,629.0,136.0,48.0
            Isidore,2002,9,22,12,21.9,-88.2,hurricane,3.0,110,934,334,153,1,ISIDORE,AL102002,2002-09-22 12:00:00,2002-09-22 12:00:00,288.0,18.0,25.0,71.0,621.0,137.0,32.0
            Isidore,2002,9,22,18,21.6,-88.9,hurricane,3.0,110,935,333,153,1,ISIDORE,AL102002,2002-09-22 18:00:00,2002-09-22 18:00:00,288.0,23.0,57.0,76.0,633.0,148.0,19.0
               Kyle,2002,9,25,18,29.0,-55.3,hurricane,1.0,65,987,243,57,0,KYLE,AL122002,2002-09-25 18:00:00,2002-09-25 18:00:00,276.0,20.0,170.0,32.0,416.0,143.0,1420.0
               Kyle,2002,9,26,0,28.6,-56.6,hurricane,1.0,65,987,243,57,0,KYLE,AL122002,2002-09-26 00:00:00,2002-09-26 00:00:00,279.0,24.0,183.0,35.0,412.0,146.0,1318.0
               Kyle,2002,9,26,60,28.2,-57.5,hurricane,1.0,70,984,234,66,0,KYLE,AL122002,2002-09-26 06:00:00,2002-09-26 06:00:00,279.0,26.0,216.0,37.0,441.0,140.0,1236.0
               Kyle,2002,9,26,12,27.9,-58.3,hurricane,1.0,75,982,232,70,0,KYLE,AL122002,2002-09-26 12:00:00,2002-09-26 12:00:00,281.0,25.0,276.0,40.0,449.0,137.0,1171.0
               Kyle,2002,9,26,18,27.8,-59.0,hurricane,1.0,75,981,232,70,0,KYLE,AL122002,2002-09-26 18:00:00,2002-09-26 18:00:00,281.0,23.0,292.0,42.0,474.0,139.0,1133.0
               Kyle,2002,9,27,0,27.5,-59.5,hurricane,1.0,75,980,227,68,0,KYLE,AL122002,2002-09-27 00:00:00,2002-09-27 00:00:00,282.0,26.0,309.0,46.0,480.0,139.0,1084.0
               Kyle,2002,9,27,60,27.1,-60.0,hurricane,1.0,75,982,222,69,0,KYLE,AL122002,2002-09-27 06:00:00,2002-09-27 06:00:00,282.0,30.0,333.0,49.0,471.0,135.0,1026.0
               Kyle,2002,9,27,12,27.0,-60.4,hurricane,1.0,75,982,221,69,0,KYLE,AL122002,2002-09-27 12:00:00,2002-09-27 12:00:00,282.0,29.0,304.0,49.0,473.0,136.0,1001.0
               Kyle,2002,9,27,18,26.8,-60.8,hurricane,1.0,70,984,216,64,0,KYLE,AL122002,2002-09-27 18:00:00,2002-09-27 18:00:00,283.0,28.0,298.0,49.0,484.0,137.0,964.0
               Kyle,2002,9,28,0,26.5,-61.4,hurricane,1.0,70,984,218,66,0,KYLE,AL122002,2002-09-28 00:00:00,2002-09-28 00:00:00,283.0,33.0,285.0,49.0,485.0,139.0,911.0
               Kyle,2002,9,28,60,26.3,-62.3,hurricane,1.0,65,987,208,58,0,KYLE,AL122002,2002-09-28 06:00:00,2002-09-28 06:00:00,283.0,33.0,281.0,50.0,490.0,136.0,864.0
               Lili,2002,9,30,12,19.6,-79.6,hurricane,1.0,65,986,227,50,0,LILI,AL132002,2002-09-30 12:00:00,2002-09-30 12:00:00,298.0,105.0,63.0,73.0,607.0,135.0,193.0
               Lili,2002,9,30,18,20.0,-80.3,hurricane,1.0,65,984,225,49,0,LILI,AL132002,2002-09-30 18:00:00,2002-09-30 18:00:00,297.0,109.0,51.0,69.0,623.0,137.0,195.0
               Lili,2002,10,1,0,20.5,-81.1,hurricane,1.0,70,978,227,50,0,LILI,AL132002,2002-10-01 00:00:00,2002-10-01 00:00:00,295.0,110.0,62.0,67.0,632.0,137.0,173.0
               Lili,2002,10,1,60,21.0,-82.2,hurricane,1.0,75,970,240,54,0,LILI,AL132002,2002-10-01 06:00:00,2002-10-01 06:00:00,295.0,115.0,45.0,67.0,613.0,125.0,77.0
               Lili,2002,10,1,12,21.6,-83.2,hurricane,2.0,90,971,318,115,0,LILI,AL132002,2002-10-01 12:00:00,2002-10-01 12:00:00,295.0,117.0,70.0,67.0,626.0,119.0,6.0
               Lili,2002,10,1,18,22.4,-84.4,hurricane,2.0,90,971,328,129,0,LILI,AL132002,2002-10-01 18:00:00,2002-10-01 18:00:00,292.0,127.0,109.0,62.0,631.0,119.0,6.0
               Lili,2002,10,2,0,23.0,-85.7,hurricane,2.0,90,967,334,128,0,LILI,AL132002,2002-10-02 00:00:00,2002-10-02 00:00:00,290.0,103.0,82.0,64.0,631.0,119.0,147.0
               Lili,2002,10,2,60,23.6,-87.2,hurricane,3.0,100,962,334,135,1,LILI,AL132002,2002-10-02 06:00:00,2002-10-02 06:00:00,288.0,33.0,77.0,63.0,627.0,117.0,220.0
               Lili,2002,10,2,12,24.4,-88.3,hurricane,3.0,110,952,343,137,1,LILI,AL132002,2002-10-02 12:00:00,2002-10-02 12:00:00,289.0,39.0,140.0,59.0,653.0,118.0,310.0
               Lili,2002,10,2,18,25.4,-89.5,hurricane,4.0,120,941,338,140,1,LILI,AL132002,2002-10-02 18:00:00,2002-10-02 18:00:00,289.0,52.0,154.0,51.0,663.0,136.0,406.0
               Lili,2002,10,3,0,26.7,-90.3,hurricane,4.0,125,940,340,139,1,LILI,AL132002,2002-10-03 00:00:00,2002-10-03 00:00:00,285.0,49.0,126.0,55.0,657.0,139.0,267.0
               Lili,2002,10,3,60,28.1,-91.4,hurricane,3.0,105,957,341,133,1,LILI,AL132002,2002-10-03 06:00:00,2002-10-03 06:00:00,276.0,34.0,125.0,56.0,597.0,122.0,129.0
               Lili,2002,10,3,12,29.2,-92.1,hurricane,1.0,80,962,354,118,0,LILI,AL132002,2002-10-03 12:00:00,2002-10-03 12:00:00,272.0,27.0,183.0,53.0,582.0,83.0,42.0
          Claudette,2003,7,10,12,17.5,-82.8,hurricane,1.0,70,988,194,39,0,CLAUDETTE,AL042003,2003-07-10 12:00:00,2003-07-10 12:00:00,285.0,58.0,257.0,62.0,564.0,122.0,242.0
          Claudette,2003,7,15,60,27.9,-94.6,hurricane,1.0,65,987,188,50,0,CLAUDETTE,AL042003,2003-07-15 06:00:00,2003-07-15 06:00:00,293.0,38.0,92.0,43.0,495.0,137.0,134.0
          Claudette,2003,7,15,12,28.3,-95.5,hurricane,1.0,75,982,194,61,0,CLAUDETTE,AL042003,2003-07-15 12:00:00,2003-07-15 12:00:00,291.0,38.0,136.0,42.0,482.0,124.0,52.0
              Danny,2003,7,18,18,39.2,-53.4,hurricane,1.0,65,1002,289,52,0,DANNY,AL052003,2003-07-18 18:00:00,2003-07-18 18:00:00,245.0,0.0,129.0,61.0,492.0,7.0,824.0
              Danny,2003,7,19,0,40.1,-51.7,hurricane,1.0,65,1001,298,52,0,DANNY,AL052003,2003-07-19 00:00:00,2003-07-19 00:00:00,232.0,0.0,176.0,62.0,472.0,0.0,736.0
              Danny,2003,7,19,60,41.1,-50.0,hurricane,1.0,65,1000,317,51,0,DANNY,AL052003,2003-07-19 06:00:00,2003-07-19 06:00:00,210.0,0.0,234.0,61.0,481.0,12.0,664.0
              Danny,2003,7,19,12,42.1,-47.8,hurricane,1.0,65,1001,405,73,0,DANNY,AL052003,2003-07-19 12:00:00,2003-07-19 12:00:00,193.0,0.0,223.0,57.0,478.0,25.0,657.0
             Fabian,2003,8,30,0,16.3,-45.6,hurricane,1.0,65,987,155,24,0,FABIAN,AL102003,2003-08-30 00:00:00,2003-08-30 00:00:00,272.0,31.0,55.0,54.0,563.0,116.0,1447.0
             Fabian,2003,8,30,60,16.7,-46.9,hurricane,1.0,70,984,215,44,0,FABIAN,AL102003,2003-08-30 06:00:00,2003-08-30 06:00:00,273.0,36.0,112.0,52.0,553.0,117.0,1401.0
             Fabian,2003,8,30,12,17.0,-48.0,hurricane,2.0,85,973,242,57,0,FABIAN,AL102003,2003-08-30 12:00:00,2003-08-30 12:00:00,274.0,38.0,115.0,49.0,542.0,119.0,1298.0
             Fabian,2003,8,30,18,17.3,-49.2,hurricane,3.0,100,960,257,73,1,FABIAN,AL102003,2003-08-30 18:00:00,2003-08-30 18:00:00,276.0,40.0,127.0,45.0,541.0,121.0,1189.0
             Fabian,2003,8,31,0,17.6,-50.3,hurricane,3.0,110,952,262,75,1,FABIAN,AL102003,2003-08-31 00:00:00,2003-08-31 00:00:00,277.0,45.0,108.0,46.0,534.0,123.0,1095.0
             Fabian,2003,8,31,60,17.8,-51.4,hurricane,3.0,110,952,264,75,1,FABIAN,AL102003,2003-08-31 06:00:00,2003-08-31 06:00:00,278.0,47.0,126.0,49.0,512.0,117.0,1003.0
             Fabian,2003,8,31,12,18.0,-52.5,hurricane,3.0,110,952,263,76,1,FABIAN,AL102003,2003-08-31 12:00:00,2003-08-31 12:00:00,279.0,50.0,117.0,48.0,521.0,115.0,916.0
             Fabian,2003,8,31,18,18.2,-53.5,hurricane,4.0,115,948,258,77,1,FABIAN,AL102003,2003-08-31 18:00:00,2003-08-31 18:00:00,280.0,54.0,134.0,48.0,537.0,116.0,847.0
             Fabian,2003,9,1,0,18.3,-54.3,hurricane,4.0,120,945,211,59,1,FABIAN,AL102003,2003-09-01 00:00:00,2003-09-01 00:00:00,281.0,56.0,90.0,46.0,538.0,123.0,790.0
             Fabian,2003,9,1,60,18.5,-55.3,hurricane,4.0,120,949,214,60,1,FABIAN,AL102003,2003-09-01 06:00:00,2003-09-01 06:00:00,282.0,59.0,122.0,47.0,555.0,123.0,687.0
             Fabian,2003,9,1,12,18.7,-56.3,hurricane,4.0,120,949,218,60,1,FABIAN,AL102003,2003-09-01 12:00:00,2003-09-01 12:00:00,283.0,62.0,178.0,46.0,560.0,124.0,587.0
             Fabian,2003,9,1,18,19.0,-57.3,hurricane,4.0,125,944,215,62,1,FABIAN,AL102003,2003-09-01 18:00:00,2003-09-01 18:00:00,284.0,62.0,193.0,44.0,556.0,129.0,493.0
             Fabian,2003,9,2,0,19.3,-58.3,hurricane,4.0,125,943,212,63,1,FABIAN,AL102003,2003-09-02 00:00:00,2003-09-02 00:00:00,284.0,63.0,147.0,46.0,575.0,132.0,407.0
             Fabian,2003,9,2,60,19.6,-59.2,hurricane,4.0,120,945,214,63,1,FABIAN,AL102003,2003-09-02 06:00:00,2003-09-02 06:00:00,285.0,64.0,158.0,47.0,547.0,133.0,345.0
             Fabian,2003,9,2,12,20.1,-59.9,hurricane,4.0,120,945,212,63,1,FABIAN,AL102003,2003-09-02 12:00:00,2003-09-02 12:00:00,285.0,65.0,146.0,45.0,572.0,134.0,333.0
             Fabian,2003,9,2,18,20.5,-60.7,hurricane,4.0,120,946,214,64,1,FABIAN,AL102003,2003-09-02 18:00:00,2003-09-02 18:00:00,285.0,65.0,155.0,45.0,563.0,131.0,331.0
             Fabian,2003,9,3,0,20.9,-61.3,hurricane,4.0,115,945,213,65,1,FABIAN,AL102003,2003-09-03 00:00:00,2003-09-03 00:00:00,286.0,64.0,157.0,47.0,550.0,136.0,339.0
             Fabian,2003,9,3,60,21.3,-61.8,hurricane,3.0,110,945,217,64,1,FABIAN,AL102003,2003-09-03 06:00:00,2003-09-03 06:00:00,286.0,62.0,181.0,50.0,553.0,136.0,357.0
             Fabian,2003,9,3,12,21.9,-62.3,hurricane,3.0,110,945,216,64,1,FABIAN,AL102003,2003-09-03 12:00:00,2003-09-03 12:00:00,286.0,59.0,128.0,50.0,573.0,135.0,408.0
             Fabian,2003,9,3,18,22.5,-62.8,hurricane,3.0,110,944,216,64,1,FABIAN,AL102003,2003-09-03 18:00:00,2003-09-03 18:00:00,287.0,57.0,77.0,48.0,562.0,135.0,446.0
             Fabian,2003,9,4,0,23.2,-63.0,hurricane,4.0,115,939,206,64,1,FABIAN,AL102003,2003-09-04 00:00:00,2003-09-04 00:00:00,287.0,55.0,97.0,49.0,535.0,143.0,513.0
             Fabian,2003,9,4,60,23.8,-63.3,hurricane,3.0,105,944,210,64,1,FABIAN,AL102003,2003-09-04 06:00:00,2003-09-04 06:00:00,288.0,52.0,97.0,54.0,523.0,143.0,570.0
             Fabian,2003,9,4,12,24.8,-63.8,hurricane,3.0,105,944,210,65,1,FABIAN,AL102003,2003-09-04 12:00:00,2003-09-04 12:00:00,288.0,47.0,95.0,50.0,527.0,140.0,674.0
             Fabian,2003,9,4,18,25.8,-64.3,hurricane,3.0,110,941,212,64,1,FABIAN,AL102003,2003-09-04 18:00:00,2003-09-04 18:00:00,288.0,40.0,109.0,51.0,521.0,136.0,783.0
             Fabian,2003,9,5,0,27.1,-64.6,hurricane,4.0,115,940,224,66,1,FABIAN,AL102003,2003-09-05 00:00:00,2003-09-05 00:00:00,287.0,31.0,71.0,53.0,539.0,135.0,928.0
             Fabian,2003,9,5,60,28.6,-65.1,hurricane,3.0,105,946,220,68,1,FABIAN,AL102003,2003-09-05 06:00:00,2003-09-05 06:00:00,286.0,25.0,59.0,56.0,557.0,124.0,1096.0
             Fabian,2003,9,5,12,30.1,-65.3,hurricane,3.0,105,951,225,68,1,FABIAN,AL102003,2003-09-05 12:00:00,2003-09-05 12:00:00,281.0,23.0,132.0,55.0,556.0,116.0,1152.0
             Fabian,2003,9,5,18,31.8,-65.3,hurricane,3.0,105,950,223,69,1,FABIAN,AL102003,2003-09-05 18:00:00,2003-09-05 18:00:00,278.0,16.0,175.0,57.0,525.0,113.0,1055.0
             Fabian,2003,9,6,0,33.4,-64.7,hurricane,3.0,100,953,228,71,1,FABIAN,AL102003,2003-09-06 00:00:00,2003-09-06 00:00:00,272.0,13.0,180.0,54.0,543.0,117.0,1031.0
             Fabian,2003,9,6,60,34.9,-64.0,hurricane,3.0,100,956,352,104,1,FABIAN,AL102003,2003-09-06 06:00:00,2003-09-06 06:00:00,269.0,13.0,177.0,52.0,554.0,111.0,916.0
             Fabian,2003,9,6,12,36.0,-62.4,hurricane,3.0,100,957,366,112,1,FABIAN,AL102003,2003-09-06 12:00:00,2003-09-06 12:00:00,265.0,12.0,272.0,51.0,538.0,108.0,879.0
             Fabian,2003,9,6,18,36.9,-60.4,hurricane,3.0,100,958,436,115,1,FABIAN,AL102003,2003-09-06 18:00:00,2003-09-06 18:00:00,265.0,4.0,214.0,50.0,530.0,92.0,855.0
             Fabian,2003,9,7,0,37.9,-58.2,hurricane,2.0,90,962,187,49,0,FABIAN,AL102003,2003-09-07 00:00:00,2003-09-07 00:00:00,264.0,0.0,211.0,46.0,520.0,70.0,849.0
             Fabian,2003,9,7,60,39.1,-55.7,hurricane,2.0,85,965,432,110,0,FABIAN,AL102003,2003-09-07 06:00:00,2003-09-07 06:00:00,258.0,0.0,208.0,42.0,516.0,14.0,820.0
             Fabian,2003,9,7,12,40.6,-53.4,hurricane,1.0,80,967,431,109,0,FABIAN,AL102003,2003-09-07 12:00:00,2003-09-07 12:00:00,248.0,0.0,251.0,45.0,474.0,0.0,668.0
             Fabian,2003,9,7,18,42.3,-50.7,hurricane,1.0,75,972,426,102,0,FABIAN,AL102003,2003-09-07 18:00:00,2003-09-07 18:00:00,201.0,0.0,281.0,51.0,446.0,0.0,518.0
             Fabian,2003,9,8,0,44.3,-47.9,hurricane,1.0,70,975,393,78,0,FABIAN,AL102003,2003-09-08 00:00:00,2003-09-08 00:00:00,165.0,0.0,390.0,55.0,414.0,0.0,480.0
             Isabel,2003,9,7,12,14.4,-37.3,hurricane,1.0,65,987,169,30,0,ISABEL,AL132003,2003-09-07 12:00:00,2003-09-07 12:00:00,272.0,22.0,36.0,60.0,572.0,123.0,1908.0
             Isabel,2003,9,7,18,15.2,-38.5,hurricane,1.0,70,984,175,31,0,ISABEL,AL132003,2003-09-07 18:00:00,2003-09-07 18:00:00,270.0,23.0,53.0,61.0,574.0,121.0,1860.0
             Isabel,2003,9,8,0,15.8,-39.7,hurricane,1.0,80,976,180,39,0,ISABEL,AL132003,2003-09-08 00:00:00,2003-09-08 00:00:00,271.0,21.0,114.0,60.0,584.0,116.0,1810.0
             Isabel,2003,9,8,60,16.5,-40.9,hurricane,2.0,95,966,255,66,0,ISABEL,AL132003,2003-09-08 06:00:00,2003-09-08 06:00:00,270.0,22.0,123.0,59.0,581.0,112.0,1779.0
             Isabel,2003,9,8,12,17.1,-42.0,hurricane,3.0,110,952,260,71,1,ISABEL,AL132003,2003-09-08 12:00:00,2003-09-08 12:00:00,270.0,24.0,116.0,58.0,587.0,115.0,1757.0
             Isabel,2003,9,8,18,17.6,-43.1,hurricane,3.0,110,952,271,75,1,ISABEL,AL132003,2003-09-08 18:00:00,2003-09-08 18:00:00,272.0,25.0,79.0,53.0,581.0,117.0,1723.0
             Isabel,2003,9,9,0,18.2,-44.1,hurricane,4.0,115,948,302,88,1,ISABEL,AL132003,2003-09-09 00:00:00,2003-09-09 00:00:00,272.0,27.0,117.0,54.0,571.0,117.0,1712.0
             Isabel,2003,9,9,60,18.9,-45.2,hurricane,4.0,115,948,348,101,1,ISABEL,AL132003,2003-09-09 06:00:00,2003-09-09 06:00:00,273.0,28.0,82.0,52.0,563.0,119.0,1648.0
             Isabel,2003,9,9,12,19.4,-46.3,hurricane,4.0,115,948,330,105,1,ISABEL,AL132003,2003-09-09 12:00:00,2003-09-09 12:00:00,274.0,33.0,22.0,48.0,566.0,122.0,1563.0
             Isabel,2003,9,9,18,20.0,-47.3,hurricane,4.0,115,948,280,86,1,ISABEL,AL132003,2003-09-09 18:00:00,2003-09-09 18:00:00,275.0,34.0,37.0,48.0,555.0,128.0,1499.0
             Isabel,2003,9,10,0,20.5,-48.3,hurricane,3.0,110,952,274,82,1,ISABEL,AL132003,2003-09-10 00:00:00,2003-09-10 00:00:00,276.0,36.0,52.0,46.0,540.0,133.0,1438.0
             Isabel,2003,9,10,60,20.9,-49.4,hurricane,3.0,110,952,272,81,1,ISABEL,AL132003,2003-09-10 06:00:00,2003-09-10 06:00:00,277.0,38.0,69.0,45.0,543.0,130.0,1344.0
             Isabel,2003,9,10,12,21.1,-50.4,hurricane,4.0,115,948,237,64,1,ISABEL,AL132003,2003-09-10 12:00:00,2003-09-10 12:00:00,278.0,39.0,55.0,43.0,535.0,131.0,1250.0
             Isabel,2003,9,10,18,21.1,-51.4,hurricane,4.0,120,942,231,63,1,ISABEL,AL132003,2003-09-10 18:00:00,2003-09-10 18:00:00,279.0,41.0,40.0,44.0,548.0,134.0,1150.0
             Isabel,2003,9,11,0,21.2,-52.3,hurricane,4.0,125,935,229,66,1,ISABEL,AL132003,2003-09-11 00:00:00,2003-09-11 00:00:00,280.0,43.0,15.0,43.0,547.0,135.0,1066.0
             Isabel,2003,9,11,60,21.3,-53.2,hurricane,4.0,125,935,229,65,1,ISABEL,AL132003,2003-09-11 06:00:00,2003-09-11 06:00:00,281.0,44.0,29.0,44.0,551.0,130.0,983.0
             Isabel,2003,9,11,12,21.4,-54.0,hurricane,4.0,135,925,383,105,1,ISABEL,AL132003,2003-09-11 12:00:00,2003-09-11 12:00:00,281.0,45.0,64.0,47.0,549.0,130.0,912.0
             Isabel,2003,9,11,18,21.5,-54.8,hurricane,5.0,145,915,381,105,1,ISABEL,AL132003,2003-09-11 18:00:00,2003-09-11 18:00:00,283.0,46.0,52.0,46.0,552.0,131.0,844.0
             Isabel,2003,9,12,0,21.6,-55.7,hurricane,5.0,140,920,382,107,1,ISABEL,AL132003,2003-09-12 00:00:00,2003-09-12 00:00:00,283.0,48.0,59.0,45.0,550.0,130.0,770.0
             Isabel,2003,9,12,60,21.7,-56.6,hurricane,5.0,140,920,267,83,1,ISABEL,AL132003,2003-09-12 06:00:00,2003-09-12 06:00:00,284.0,50.0,109.0,47.0,537.0,127.0,702.0
             Isabel,2003,9,12,12,21.6,-57.4,hurricane,5.0,140,920,221,62,1,ISABEL,AL132003,2003-09-12 12:00:00,2003-09-12 12:00:00,285.0,52.0,189.0,48.0,532.0,127.0,632.0
             Isabel,2003,9,12,18,21.7,-58.2,hurricane,5.0,140,920,217,63,1,ISABEL,AL132003,2003-09-12 18:00:00,2003-09-12 18:00:00,285.0,53.0,69.0,48.0,536.0,131.0,583.0
             Isabel,2003,9,13,0,21.8,-59.1,hurricane,4.0,135,925,214,63,1,ISABEL,AL132003,2003-09-13 00:00:00,2003-09-13 00:00:00,286.0,52.0,30.0,50.0,580.0,131.0,537.0
             Isabel,2003,9,13,60,21.9,-60.1,hurricane,4.0,130,935,221,62,1,ISABEL,AL132003,2003-09-13 06:00:00,2003-09-13 06:00:00,286.0,55.0,81.0,52.0,564.0,124.0,499.0
             Isabel,2003,9,13,12,22.1,-61.0,hurricane,4.0,135,935,215,63,1,ISABEL,AL132003,2003-09-13 12:00:00,2003-09-13 12:00:00,286.0,59.0,65.0,50.0,565.0,118.0,472.0
             Isabel,2003,9,13,18,22.5,-62.1,hurricane,5.0,140,932,217,63,1,ISABEL,AL132003,2003-09-13 18:00:00,2003-09-13 18:00:00,287.0,59.0,94.0,49.0,562.0,120.0,476.0
             Isabel,2003,9,14,0,22.9,-63.3,hurricane,4.0,135,935,210,62,1,ISABEL,AL132003,2003-09-14 00:00:00,2003-09-14 00:00:00,288.0,60.0,88.0,51.0,586.0,125.0,473.0
             Isabel,2003,9,14,60,23.2,-64.6,hurricane,4.0,135,939,208,62,1,ISABEL,AL132003,2003-09-14 06:00:00,2003-09-14 06:00:00,288.0,60.0,63.0,47.0,560.0,123.0,494.0
             Isabel,2003,9,14,12,23.5,-65.8,hurricane,4.0,135,935,209,62,1,ISABEL,AL132003,2003-09-14 12:00:00,2003-09-14 12:00:00,289.0,59.0,86.0,51.0,549.0,124.0,547.0
             Isabel,2003,9,14,18,23.9,-67.0,hurricane,5.0,140,933,213,63,1,ISABEL,AL132003,2003-09-14 18:00:00,2003-09-14 18:00:00,289.0,60.0,118.0,49.0,540.0,125.0,554.0
             Isabel,2003,9,15,0,24.3,-67.9,hurricane,4.0,130,937,218,63,1,ISABEL,AL132003,2003-09-15 00:00:00,2003-09-15 00:00:00,290.0,59.0,150.0,52.0,564.0,129.0,558.0
             Isabel,2003,9,15,60,24.5,-68.8,hurricane,4.0,125,940,228,75,1,ISABEL,AL132003,2003-09-15 06:00:00,2003-09-15 06:00:00,290.0,58.0,137.0,50.0,550.0,126.0,550.0
             Isabel,2003,9,15,12,24.8,-69.4,hurricane,4.0,120,946,213,64,1,ISABEL,AL132003,2003-09-15 12:00:00,2003-09-15 12:00:00,290.0,50.0,162.0,52.0,567.0,124.0,534.0
             Isabel,2003,9,15,18,25.3,-69.8,hurricane,4.0,115,949,215,64,1,ISABEL,AL132003,2003-09-15 18:00:00,2003-09-15 18:00:00,289.0,42.0,198.0,52.0,543.0,126.0,550.0
             Isabel,2003,9,16,0,25.7,-70.2,hurricane,3.0,105,952,228,77,1,ISABEL,AL132003,2003-09-16 00:00:00,2003-09-16 00:00:00,290.0,42.0,209.0,57.0,557.0,131.0,565.0
             Isabel,2003,9,16,60,26.3,-70.5,hurricane,3.0,100,955,356,121,1,ISABEL,AL132003,2003-09-16 06:00:00,2003-09-16 06:00:00,289.0,36.0,213.0,59.0,564.0,132.0,609.0
             Isabel,2003,9,16,12,26.8,-70.9,hurricane,2.0,95,959,224,62,0,ISABEL,AL132003,2003-09-16 12:00:00,2003-09-16 12:00:00,289.0,36.0,193.0,56.0,591.0,131.0,646.0
             Isabel,2003,9,16,18,27.4,-71.2,hurricane,2.0,95,959,223,62,0,ISABEL,AL132003,2003-09-16 18:00:00,2003-09-16 18:00:00,288.0,36.0,244.0,58.0,572.0,133.0,700.0
             Isabel,2003,9,17,0,28.1,-71.5,hurricane,2.0,95,957,225,63,0,ISABEL,AL132003,2003-09-17 00:00:00,2003-09-17 00:00:00,284.0,37.0,206.0,60.0,552.0,137.0,724.0
             Isabel,2003,9,17,60,28.9,-71.9,hurricane,2.0,95,957,226,63,0,ISABEL,AL132003,2003-09-17 06:00:00,2003-09-17 06:00:00,284.0,35.0,197.0,60.0,579.0,133.0,733.0
             Isabel,2003,9,17,12,29.7,-72.5,hurricane,2.0,90,957,216,64,0,ISABEL,AL132003,2003-09-17 12:00:00,2003-09-17 12:00:00,281.0,33.0,212.0,55.0,578.0,131.0,677.0
             Isabel,2003,9,17,18,30.6,-73.0,hurricane,2.0,90,955,207,62,0,ISABEL,AL132003,2003-09-17 18:00:00,2003-09-17 18:00:00,278.0,28.0,229.0,56.0,578.0,128.0,567.0
             Isabel,2003,9,18,0,31.5,-73.5,hurricane,2.0,90,953,206,63,0,ISABEL,AL132003,2003-09-18 00:00:00,2003-09-18 00:00:00,276.0,26.0,198.0,53.0,569.0,105.0,458.0
             Isabel,2003,9,18,60,32.5,-74.3,hurricane,2.0,90,956,206,64,0,ISABEL,AL132003,2003-09-18 06:00:00,2003-09-18 06:00:00,277.0,28.0,240.0,50.0,571.0,66.0,324.0
             Isabel,2003,9,18,12,33.7,-75.2,hurricane,2.0,90,956,194,61,0,ISABEL,AL132003,2003-09-18 12:00:00,2003-09-18 12:00:00,275.0,28.0,231.0,51.0,535.0,38.0,168.0
             Isabel,2003,9,18,18,35.1,-76.4,hurricane,2.0,85,958,203,64,0,ISABEL,AL132003,2003-09-18 18:00:00,2003-09-18 18:00:00,254.0,30.0,172.0,50.0,499.0,31.0,15.0
               Juan,2003,9,26,12,31.8,-62.0,hurricane,1.0,65,987,268,54,0,JUAN,AL152003,2003-09-26 12:00:00,2003-09-26 12:00:00,271.0,11.0,213.0,42.0,431.0,106.0,1307.0
               Juan,2003,9,26,18,32.5,-62.0,hurricane,1.0,70,987,219,62,0,JUAN,AL152003,2003-09-26 18:00:00,2003-09-26 18:00:00,268.0,9.0,213.0,40.0,437.0,106.0,1241.0
               Juan,2003,9,27,0,33.3,-62.0,hurricane,1.0,75,984,213,64,0,JUAN,AL152003,2003-09-27 00:00:00,2003-09-27 00:00:00,264.0,4.0,182.0,44.0,443.0,118.0,1167.0
               Juan,2003,9,27,60,34.4,-62.2,hurricane,1.0,75,981,215,64,0,JUAN,AL152003,2003-09-27 06:00:00,2003-09-27 06:00:00,262.0,0.0,230.0,45.0,431.0,126.0,1056.0
               Juan,2003,9,27,12,35.2,-62.8,hurricane,1.0,75,979,224,63,0,JUAN,AL152003,2003-09-27 12:00:00,2003-09-27 12:00:00,260.0,0.0,194.0,46.0,447.0,116.0,953.0
               Juan,2003,9,27,18,35.5,-63.2,hurricane,2.0,90,969,210,64,0,JUAN,AL152003,2003-09-27 18:00:00,2003-09-27 18:00:00,260.0,0.0,177.0,49.0,455.0,118.0,904.0
               Juan,2003,9,28,0,36.3,-63.6,hurricane,2.0,90,970,190,58,0,JUAN,AL152003,2003-09-28 00:00:00,2003-09-28 00:00:00,259.0,0.0,145.0,51.0,462.0,110.0,812.0
               Juan,2003,9,28,60,37.1,-64.0,hurricane,2.0,90,970,213,65,0,JUAN,AL152003,2003-09-28 06:00:00,2003-09-28 06:00:00,259.0,0.0,201.0,54.0,449.0,67.0,722.0
               Juan,2003,9,28,12,38.5,-64.1,hurricane,2.0,90,970,439,123,0,JUAN,AL152003,2003-09-28 12:00:00,2003-09-28 12:00:00,257.0,0.0,173.0,55.0,456.0,0.0,574.0
               Juan,2003,9,28,18,40.2,-64.1,hurricane,2.0,90,970,630,151,0,JUAN,AL152003,2003-09-28 18:00:00,2003-09-28 18:00:00,222.0,0.0,207.0,59.0,464.0,0.0,390.0
               Juan,2003,9,29,0,42.8,-63.9,hurricane,2.0,85,972,535,118,0,JUAN,AL152003,2003-09-29 00:00:00,2003-09-29 00:00:00,179.0,0.0,257.0,57.0,454.0,0.0,148.0
               Kate,2003,9,29,18,29.2,-36.8,hurricane,1.0,65,987,246,57,0,KATE,AL162003,2003-09-29 18:00:00,2003-09-29 18:00:00,262.0,1.0,355.0,45.0,448.0,129.0,2153.0
               Kate,2003,9,30,0,30.0,-35.4,hurricane,1.0,65,987,232,57,0,KATE,AL162003,2003-09-30 00:00:00,2003-09-30 00:00:00,259.0,0.0,272.0,40.0,422.0,117.0,2053.0
               Kate,2003,10,1,18,31.7,-40.9,hurricane,1.0,65,987,215,50,0,KATE,AL162003,2003-10-01 18:00:00,2003-10-01 18:00:00,260.0,0.0,158.0,39.0,393.0,142.0,1965.0
               Kate,2003,10,2,0,31.1,-42.1,hurricane,1.0,65,987,210,53,0,KATE,AL162003,2003-10-02 00:00:00,2003-10-02 00:00:00,262.0,2.0,117.0,40.0,392.0,142.0,1972.0
               Kate,2003,10,2,60,30.3,-43.0,hurricane,1.0,75,979,219,56,0,KATE,AL162003,2003-10-02 06:00:00,2003-10-02 06:00:00,264.0,4.0,59.0,37.0,395.0,144.0,2017.0
               Kate,2003,10,2,12,30.1,-43.6,hurricane,1.0,75,979,219,54,0,KATE,AL162003,2003-10-02 12:00:00,2003-10-02 12:00:00,265.0,6.0,87.0,38.0,402.0,145.0,2016.0
               Kate,2003,10,2,18,29.9,-44.7,hurricane,1.0,80,976,253,66,0,KATE,AL162003,2003-10-02 18:00:00,2003-10-02 18:00:00,268.0,8.0,71.0,36.0,411.0,147.0,1999.0
               Kate,2003,10,3,0,29.6,-45.8,hurricane,1.0,80,976,258,74,0,KATE,AL162003,2003-10-03 00:00:00,2003-10-03 00:00:00,268.0,11.0,62.0,35.0,430.0,145.0,1998.0
               Kate,2003,10,3,60,29.4,-46.9,hurricane,2.0,90,970,258,69,0,KATE,AL162003,2003-10-03 06:00:00,2003-10-03 06:00:00,269.0,12.0,115.0,37.0,424.0,142.0,1991.0
               Kate,2003,10,3,12,29.4,-47.8,hurricane,2.0,90,970,255,70,0,KATE,AL162003,2003-10-03 12:00:00,2003-10-03 12:00:00,270.0,13.0,158.0,38.0,426.0,141.0,1929.0
               Kate,2003,10,3,18,29.6,-49.1,hurricane,3.0,100,962,246,68,1,KATE,AL162003,2003-10-03 18:00:00,2003-10-03 18:00:00,271.0,13.0,195.0,37.0,445.0,141.0,1849.0
               Kate,2003,10,4,0,29.9,-50.3,hurricane,3.0,100,962,249,67,1,KATE,AL162003,2003-10-04 00:00:00,2003-10-04 00:00:00,272.0,12.0,182.0,39.0,449.0,129.0,1790.0
               Kate,2003,10,4,60,30.1,-51.6,hurricane,3.0,100,962,248,67,1,KATE,AL162003,2003-10-04 06:00:00,2003-10-04 06:00:00,269.0,14.0,208.0,43.0,444.0,126.0,1725.0
               Kate,2003,10,4,12,30.1,-52.8,hurricane,3.0,105,956,250,67,1,KATE,AL162003,2003-10-04 12:00:00,2003-10-04 12:00:00,269.0,13.0,255.0,45.0,447.0,126.0,1654.0
               Kate,2003,10,4,18,30.2,-54.0,hurricane,3.0,110,952,252,68,1,KATE,AL162003,2003-10-04 18:00:00,2003-10-04 18:00:00,269.0,11.0,305.0,47.0,452.0,127.0,1599.0
               Kate,2003,10,5,0,30.3,-54.7,hurricane,3.0,100,962,248,67,1,KATE,AL162003,2003-10-05 00:00:00,2003-10-05 00:00:00,269.0,7.0,245.0,51.0,469.0,125.0,1575.0
               Kate,2003,10,5,60,30.4,-55.5,hurricane,2.0,95,968,246,66,0,KATE,AL162003,2003-10-05 06:00:00,2003-10-05 06:00:00,269.0,7.0,261.0,55.0,463.0,120.0,1544.0
               Kate,2003,10,5,12,30.7,-56.1,hurricane,2.0,90,973,244,61,0,KATE,AL162003,2003-10-05 12:00:00,2003-10-05 12:00:00,269.0,7.0,245.0,56.0,461.0,118.0,1545.0
               Kate,2003,10,5,18,31.4,-56.4,hurricane,2.0,85,975,256,66,0,KATE,AL162003,2003-10-05 18:00:00,2003-10-05 18:00:00,266.0,2.0,238.0,57.0,472.0,111.0,1569.0
               Kate,2003,10,6,0,32.3,-56.2,hurricane,1.0,80,977,247,55,0,KATE,AL162003,2003-10-06 00:00:00,2003-10-06 00:00:00,262.0,0.0,224.0,57.0,472.0,97.0,1491.0
               Kate,2003,10,6,60,33.5,-56.0,hurricane,1.0,80,977,272,66,0,KATE,AL162003,2003-10-06 06:00:00,2003-10-06 06:00:00,258.0,0.0,263.0,58.0,483.0,92.0,1376.0
               Kate,2003,10,6,12,35.2,-55.6,hurricane,1.0,75,979,245,56,0,KATE,AL162003,2003-10-06 12:00:00,2003-10-06 12:00:00,252.0,0.0,298.0,53.0,474.0,98.0,1211.0
               Kate,2003,10,6,18,36.9,-55.0,hurricane,1.0,70,983,246,53,0,KATE,AL162003,2003-10-06 18:00:00,2003-10-06 18:00:00,249.0,0.0,237.0,51.0,467.0,70.0,1062.0
               Kate,2003,10,7,0,38.6,-54.0,hurricane,1.0,65,987,282,44,0,KATE,AL162003,2003-10-07 00:00:00,2003-10-07 00:00:00,248.0,0.0,312.0,47.0,461.0,7.0,891.0
               Alex,2004,8,3,60,33.0,-77.4,hurricane,1.0,70,983,130,40,0,ALEX,AL012004,2004-08-03 06:00:00,2004-08-03 06:00:00,283.0,56.0,170.0,64.0,606.0,111.0,116.0
               Alex,2004,8,3,12,34.2,-76.4,hurricane,2.0,85,974,130,40,0,ALEX,AL012004,2004-08-03 12:00:00,2004-08-03 12:00:00,277.0,49.0,194.0,63.0,608.0,101.0,65.0
               Alex,2004,8,3,18,35.3,-75.2,hurricane,2.0,85,972,165,50,0,ALEX,AL012004,2004-08-03 18:00:00,2004-08-03 18:00:00,270.0,45.0,210.0,57.0,592.0,98.0,61.0
               Alex,2004,8,4,0,36.0,-73.7,hurricane,1.0,80,974,155,55,0,ALEX,AL012004,2004-08-04 00:00:00,2004-08-04 00:00:00,266.0,38.0,159.0,53.0,570.0,94.0,184.0
               Alex,2004,8,4,60,36.8,-72.1,hurricane,1.0,80,973,195,65,0,ALEX,AL012004,2004-08-04 06:00:00,2004-08-04 06:00:00,267.0,34.0,104.0,54.0,542.0,89.0,318.0
               Alex,2004,8,4,12,37.3,-70.2,hurricane,2.0,85,973,195,65,0,ALEX,AL012004,2004-08-04 12:00:00,2004-08-04 12:00:00,267.0,32.0,103.0,55.0,510.0,89.0,436.0
               Alex,2004,8,4,18,37.8,-68.3,hurricane,2.0,95,965,225,65,0,ALEX,AL012004,2004-08-04 18:00:00,2004-08-04 18:00:00,269.0,27.0,170.0,57.0,502.0,91.0,455.0
               Alex,2004,8,5,0,38.5,-66.0,hurricane,3.0,105,957,225,70,1,ALEX,AL012004,2004-08-05 00:00:00,2004-08-05 00:00:00,263.0,25.0,219.0,56.0,500.0,58.0,488.0
               Alex,2004,8,5,60,39.5,-63.1,hurricane,3.0,105,957,300,70,1,ALEX,AL012004,2004-08-05 06:00:00,2004-08-05 06:00:00,258.0,11.0,268.0,51.0,490.0,12.0,492.0
               Alex,2004,8,5,12,40.8,-59.6,hurricane,3.0,100,962,380,70,1,ALEX,AL012004,2004-08-05 12:00:00,2004-08-05 12:00:00,248.0,0.0,326.0,50.0,490.0,0.0,504.0
               Alex,2004,8,5,18,42.7,-55.0,hurricane,2.0,90,970,375,50,0,ALEX,AL012004,2004-08-05 18:00:00,2004-08-05 18:00:00,213.0,0.0,395.0,51.0,486.0,0.0,449.0
               Alex,2004,8,6,0,44.5,-49.3,hurricane,1.0,75,978,375,50,0,ALEX,AL012004,2004-08-06 00:00:00,2004-08-06 00:00:00,152.0,0.0,448.0,50.0,486.0,0.0,379.0
            Charley,2004,8,11,18,16.7,-76.8,hurricane,1.0,65,993,150,25,0,CHARLEY,AL032004,2004-08-11 18:00:00,2004-08-11 18:00:00,286.0,84.0,119.0,59.0,555.0,131.0,120.0
            Charley,2004,8,12,0,17.4,-78.1,hurricane,1.0,65,992,150,25,0,CHARLEY,AL032004,2004-08-12 00:00:00,2004-08-12 00:00:00,289.0,97.0,118.0,57.0,587.0,141.0,64.0
            Charley,2004,8,12,60,18.2,-79.3,hurricane,1.0,75,988,150,20,0,CHARLEY,AL032004,2004-08-12 06:00:00,2004-08-12 06:00:00,293.0,95.0,79.0,56.0,575.0,142.0,99.0
            Charley,2004,8,12,12,19.2,-80.7,hurricane,1.0,80,984,165,35,0,CHARLEY,AL032004,2004-08-12 12:00:00,2004-08-12 12:00:00,296.0,102.0,9.0,53.0,569.0,141.0,268.0
            Charley,2004,8,12,18,20.5,-81.6,hurricane,2.0,90,980,180,40,0,CHARLEY,AL032004,2004-08-12 18:00:00,2004-08-12 18:00:00,298.0,113.0,16.0,53.0,565.0,143.0,158.0
            Charley,2004,8,13,0,21.7,-82.2,hurricane,2.0,90,976,180,40,0,CHARLEY,AL032004,2004-08-13 00:00:00,2004-08-13 00:00:00,299.0,111.0,87.0,53.0,556.0,150.0,39.0
            Charley,2004,8,13,12,24.4,-82.9,hurricane,2.0,95,969,165,40,0,CHARLEY,AL032004,2004-08-13 12:00:00,2004-08-13 12:00:00,299.0,75.0,188.0,49.0,530.0,148.0,148.0
            Charley,2004,8,13,18,26.1,-82.4,hurricane,4.0,125,947,125,30,1,CHARLEY,AL032004,2004-08-13 18:00:00,2004-08-13 18:00:00,298.0,45.0,301.0,46.0,527.0,128.0,60.0
            Charley,2004,8,14,60,30.1,-80.8,hurricane,1.0,75,993,140,60,0,CHARLEY,AL032004,2004-08-14 06:00:00,2004-08-14 06:00:00,286.0,16.0,450.0,50.0,510.0,115.0,52.0
           Danielle,2004,8,15,0,13.8,-29.3,hurricane,1.0,65,987,195,40,0,DANIELLE,AL042004,2004-08-15 00:00:00,2004-08-15 00:00:00,274.0,14.0,64.0,55.0,570.0,100.0,1272.0
           Danielle,2004,8,15,60,14.1,-30.8,hurricane,1.0,75,981,195,45,0,DANIELLE,AL042004,2004-08-15 06:00:00,2004-08-15 06:00:00,270.0,15.0,58.0,52.0,556.0,112.0,1430.0
           Danielle,2004,8,15,12,14.7,-32.1,hurricane,1.0,80,978,195,45,0,DANIELLE,AL042004,2004-08-15 12:00:00,2004-08-15 12:00:00,268.0,13.0,84.0,50.0,553.0,113.0,1565.0
           Danielle,2004,8,15,18,15.2,-33.5,hurricane,2.0,85,975,195,50,0,DANIELLE,AL042004,2004-08-15 18:00:00,2004-08-15 18:00:00,264.0,11.0,119.0,47.0,551.0,113.0,1715.0
           Danielle,2004,8,16,0,16.0,-34.8,hurricane,2.0,90,970,190,40,0,DANIELLE,AL042004,2004-08-16 00:00:00,2004-08-16 00:00:00,261.0,7.0,154.0,48.0,551.0,110.0,1855.0
           Danielle,2004,8,16,60,16.8,-36.0,hurricane,2.0,90,970,180,40,0,DANIELLE,AL042004,2004-08-16 06:00:00,2004-08-16 06:00:00,261.0,3.0,207.0,48.0,544.0,110.0,1988.0
           Danielle,2004,8,16,12,17.7,-37.2,hurricane,2.0,90,970,165,40,0,DANIELLE,AL042004,2004-08-16 12:00:00,2004-08-16 12:00:00,261.0,2.0,300.0,46.0,554.0,113.0,2124.0
           Danielle,2004,8,16,18,19.0,-38.2,hurricane,2.0,95,964,150,45,0,DANIELLE,AL042004,2004-08-16 18:00:00,2004-08-16 18:00:00,261.0,0.0,329.0,48.0,556.0,118.0,2178.0
           Danielle,2004,8,17,0,20.3,-38.9,hurricane,2.0,95,965,150,45,0,DANIELLE,AL042004,2004-08-17 00:00:00,2004-08-17 00:00:00,261.0,0.0,341.0,51.0,541.0,120.0,2241.0
           Danielle,2004,8,17,60,21.7,-39.6,hurricane,2.0,90,970,150,40,0,DANIELLE,AL042004,2004-08-17 06:00:00,2004-08-17 06:00:00,263.0,0.0,296.0,51.0,537.0,122.0,2306.0
           Danielle,2004,8,17,12,23.3,-40.0,hurricane,2.0,90,970,150,35,0,DANIELLE,AL042004,2004-08-17 12:00:00,2004-08-17 12:00:00,263.0,0.0,360.0,47.0,528.0,130.0,2340.0
           Danielle,2004,8,17,18,24.6,-40.3,hurricane,2.0,85,974,150,40,0,DANIELLE,AL042004,2004-08-17 18:00:00,2004-08-17 18:00:00,264.0,0.0,352.0,46.0,519.0,135.0,2353.0
           Danielle,2004,8,18,0,25.9,-40.6,hurricane,1.0,75,981,150,40,0,DANIELLE,AL042004,2004-08-18 00:00:00,2004-08-18 00:00:00,265.0,0.0,306.0,45.0,488.0,135.0,2367.0
           Danielle,2004,8,18,60,27.3,-40.3,hurricane,1.0,65,985,130,20,0,DANIELLE,AL042004,2004-08-18 06:00:00,2004-08-18 06:00:00,267.0,0.0,289.0,44.0,464.0,130.0,2431.0
            Frances,2004,8,26,18,13.3,-45.8,hurricane,1.0,65,987,125,15,0,FRANCES,AL062004,2004-08-26 18:00:00,2004-08-26 18:00:00,276.0,35.0,59.0,50.0,557.0,131.0,1170.0
            Frances,2004,8,27,0,13.7,-46.8,hurricane,1.0,70,984,135,15,0,FRANCES,AL062004,2004-08-27 00:00:00,2004-08-27 00:00:00,277.0,37.0,74.0,51.0,546.0,129.0,1136.0
            Frances,2004,8,27,60,14.2,-47.8,hurricane,1.0,75,980,135,30,0,FRANCES,AL062004,2004-08-27 06:00:00,2004-08-27 06:00:00,276.0,39.0,24.0,53.0,529.0,127.0,1123.0
            Frances,2004,8,27,12,14.7,-48.5,hurricane,2.0,90,970,145,35,0,FRANCES,AL062004,2004-08-27 12:00:00,2004-08-27 12:00:00,277.0,41.0,59.0,54.0,535.0,127.0,1137.0
            Frances,2004,8,27,18,15.4,-49.3,hurricane,3.0,100,962,170,40,1,FRANCES,AL062004,2004-08-27 18:00:00,2004-08-27 18:00:00,277.0,45.0,131.0,50.0,545.0,131.0,1118.0
            Frances,2004,8,28,0,15.9,-50.0,hurricane,3.0,100,962,170,40,1,FRANCES,AL062004,2004-08-28 00:00:00,2004-08-28 00:00:00,277.0,47.0,114.0,48.0,555.0,138.0,1059.0
            Frances,2004,8,28,60,16.6,-50.9,hurricane,3.0,100,962,180,40,1,FRANCES,AL062004,2004-08-28 06:00:00,2004-08-28 06:00:00,278.0,50.0,76.0,49.0,536.0,137.0,992.0
            Frances,2004,8,28,12,17.2,-51.6,hurricane,3.0,105,958,180,50,1,FRANCES,AL062004,2004-08-28 12:00:00,2004-08-28 12:00:00,278.0,50.0,119.0,48.0,548.0,137.0,952.0
            Frances,2004,8,28,18,17.7,-52.3,hurricane,4.0,115,948,190,60,1,FRANCES,AL062004,2004-08-28 18:00:00,2004-08-28 18:00:00,279.0,51.0,123.0,47.0,542.0,139.0,915.0
            Frances,2004,8,29,0,18.1,-52.9,hurricane,4.0,115,948,210,60,1,FRANCES,AL062004,2004-08-29 00:00:00,2004-08-29 00:00:00,279.0,51.0,149.0,47.0,540.0,143.0,889.0
            Frances,2004,8,29,60,18.4,-53.6,hurricane,4.0,115,948,220,65,1,FRANCES,AL062004,2004-08-29 06:00:00,2004-08-29 06:00:00,280.0,51.0,160.0,49.0,536.0,139.0,853.0
            Frances,2004,8,29,12,18.6,-54.4,hurricane,4.0,115,948,245,70,1,FRANCES,AL062004,2004-08-29 12:00:00,2004-08-29 12:00:00,281.0,55.0,136.0,47.0,546.0,133.0,783.0
            Frances,2004,8,29,18,18.8,-55.0,hurricane,3.0,110,948,260,70,1,FRANCES,AL062004,2004-08-29 18:00:00,2004-08-29 18:00:00,281.0,54.0,137.0,43.0,545.0,132.0,723.0
            Frances,2004,8,30,0,18.9,-55.8,hurricane,3.0,105,954,260,70,1,FRANCES,AL062004,2004-08-30 00:00:00,2004-08-30 00:00:00,282.0,58.0,109.0,43.0,548.0,135.0,643.0
            Frances,2004,8,30,60,19.0,-56.8,hurricane,3.0,100,958,260,70,1,FRANCES,AL062004,2004-08-30 06:00:00,2004-08-30 06:00:00,283.0,60.0,109.0,45.0,540.0,134.0,543.0
            Frances,2004,8,30,12,19.2,-58.1,hurricane,3.0,100,956,270,75,1,FRANCES,AL062004,2004-08-30 12:00:00,2004-08-30 12:00:00,284.0,63.0,97.0,44.0,553.0,132.0,421.0
            Frances,2004,8,30,18,19.4,-59.3,hurricane,3.0,110,948,280,90,1,FRANCES,AL062004,2004-08-30 18:00:00,2004-08-30 18:00:00,285.0,65.0,74.0,42.0,552.0,136.0,323.0
            Frances,2004,8,31,0,19.6,-60.7,hurricane,3.0,110,946,290,90,1,FRANCES,AL062004,2004-08-31 00:00:00,2004-08-31 00:00:00,285.0,67.0,93.0,41.0,553.0,141.0,241.0
            Frances,2004,8,31,60,19.8,-62.1,hurricane,4.0,115,950,290,100,1,FRANCES,AL062004,2004-08-31 06:00:00,2004-08-31 06:00:00,286.0,66.0,67.0,43.0,540.0,139.0,192.0
            Frances,2004,8,31,12,20.0,-63.5,hurricane,4.0,120,949,290,100,1,FRANCES,AL062004,2004-08-31 12:00:00,2004-08-31 12:00:00,287.0,65.0,80.0,42.0,536.0,136.0,163.0
            Frances,2004,8,31,18,20.3,-65.0,hurricane,4.0,125,942,290,105,1,FRANCES,AL062004,2004-08-31 18:00:00,2004-08-31 18:00:00,287.0,65.0,89.0,42.0,542.0,136.0,183.0
            Frances,2004,9,1,0,20.6,-66.4,hurricane,4.0,120,941,290,110,1,FRANCES,AL062004,2004-09-01 00:00:00,2004-09-01 00:00:00,288.0,68.0,95.0,47.0,549.0,136.0,237.0
            Frances,2004,9,1,60,21.0,-67.9,hurricane,4.0,120,939,290,115,1,FRANCES,AL062004,2004-09-01 06:00:00,2004-09-01 06:00:00,288.0,69.0,51.0,47.0,553.0,131.0,228.0
            Frances,2004,9,1,12,21.4,-69.1,hurricane,4.0,120,937,290,115,1,FRANCES,AL062004,2004-09-01 12:00:00,2004-09-01 12:00:00,288.0,67.0,94.0,46.0,565.0,128.0,214.0
            Frances,2004,9,1,18,21.8,-70.4,hurricane,4.0,120,941,290,115,1,FRANCES,AL062004,2004-09-01 18:00:00,2004-09-01 18:00:00,289.0,63.0,146.0,46.0,543.0,129.0,217.0
            Frances,2004,9,2,0,22.2,-71.4,hurricane,4.0,120,939,290,120,1,FRANCES,AL062004,2004-09-02 00:00:00,2004-09-02 00:00:00,289.0,65.0,183.0,49.0,553.0,132.0,192.0
            Frances,2004,9,2,60,22.7,-72.5,hurricane,4.0,125,937,290,120,1,FRANCES,AL062004,2004-09-02 06:00:00,2004-09-02 06:00:00,289.0,69.0,161.0,51.0,558.0,128.0,162.0
            Frances,2004,9,2,12,23.2,-73.5,hurricane,4.0,120,939,290,120,1,FRANCES,AL062004,2004-09-02 12:00:00,2004-09-02 12:00:00,290.0,71.0,203.0,52.0,582.0,132.0,215.0
            Frances,2004,9,2,18,23.8,-74.3,hurricane,4.0,115,948,300,120,1,FRANCES,AL062004,2004-09-02 18:00:00,2004-09-02 18:00:00,292.0,68.0,231.0,51.0,582.0,136.0,304.0
            Frances,2004,9,3,0,24.2,-75.0,hurricane,3.0,105,948,310,120,1,FRANCES,AL062004,2004-09-03 00:00:00,2004-09-03 00:00:00,292.0,71.0,258.0,53.0,577.0,142.0,257.0
            Frances,2004,9,3,60,24.7,-75.7,hurricane,3.0,100,954,300,130,1,FRANCES,AL062004,2004-09-03 06:00:00,2004-09-03 06:00:00,293.0,73.0,197.0,58.0,594.0,138.0,200.0
            Frances,2004,9,3,12,25.3,-76.3,hurricane,2.0,95,958,310,140,0,FRANCES,AL062004,2004-09-03 12:00:00,2004-09-03 12:00:00,294.0,83.0,252.0,52.0,591.0,141.0,161.0
            Frances,2004,9,3,18,25.7,-77.1,hurricane,2.0,90,960,310,150,0,FRANCES,AL062004,2004-09-03 18:00:00,2004-09-03 18:00:00,294.0,91.0,292.0,55.0,581.0,144.0,109.0
            Frances,2004,9,4,0,26.0,-77.5,hurricane,2.0,85,960,320,145,0,FRANCES,AL062004,2004-09-04 00:00:00,2004-09-04 00:00:00,293.0,93.0,222.0,57.0,572.0,145.0,106.0
            Frances,2004,9,4,60,26.4,-77.9,hurricane,2.0,85,960,320,135,0,FRANCES,AL062004,2004-09-04 06:00:00,2004-09-04 06:00:00,293.0,94.0,162.0,61.0,602.0,144.0,138.0
            Frances,2004,9,4,12,26.8,-78.5,hurricane,2.0,90,962,320,135,0,FRANCES,AL062004,2004-09-04 12:00:00,2004-09-04 12:00:00,293.0,92.0,169.0,57.0,594.0,142.0,154.0
            Frances,2004,9,4,18,26.8,-79.1,hurricane,2.0,90,962,320,135,0,FRANCES,AL062004,2004-09-04 18:00:00,2004-09-04 18:00:00,293.0,87.0,235.0,59.0,578.0,148.0,94.0
            Frances,2004,9,5,0,27.0,-79.4,hurricane,2.0,95,958,320,135,0,FRANCES,AL062004,2004-09-05 00:00:00,2004-09-05 00:00:00,290.0,78.0,172.0,64.0,583.0,154.0,67.0
             Gaston,2004,8,29,12,32.8,-79.5,hurricane,1.0,65,986,80,10,0,GASTON,AL072004,2004-08-29 12:00:00,2004-08-29 12:00:00,282.0,30.0,114.0,61.0,485.0,108.0,15.0
               Ivan,2004,9,5,60,9.5,-43.4,hurricane,1.0,65,987,180,40,0,IVAN,AL092004,2004-09-05 06:00:00,2004-09-05 06:00:00,287.0,52.0,32.0,55.0,517.0,158.0,1051.0
               Ivan,2004,9,5,12,9.8,-45.1,hurricane,2.0,85,977,200,40,0,IVAN,AL092004,2004-09-05 12:00:00,2004-09-05 12:00:00,290.0,47.0,31.0,57.0,535.0,159.0,925.0
               Ivan,2004,9,5,18,10.2,-46.8,hurricane,3.0,110,955,200,40,1,IVAN,AL092004,2004-09-05 18:00:00,2004-09-05 18:00:00,287.0,45.0,83.0,57.0,545.0,161.0,833.0
               Ivan,2004,9,6,0,10.6,-48.5,hurricane,4.0,115,948,220,60,1,IVAN,AL092004,2004-09-06 00:00:00,2004-09-06 00:00:00,289.0,44.0,78.0,57.0,551.0,162.0,751.0
               Ivan,2004,9,6,60,10.8,-50.5,hurricane,3.0,110,950,220,60,1,IVAN,AL092004,2004-09-06 06:00:00,2004-09-06 06:00:00,290.0,49.0,29.0,58.0,551.0,151.0,653.0
               Ivan,2004,9,6,12,11.0,-52.5,hurricane,3.0,110,955,240,60,1,IVAN,AL092004,2004-09-06 12:00:00,2004-09-06 12:00:00,288.0,52.0,147.0,57.0,552.0,145.0,600.0
               Ivan,2004,9,6,18,11.3,-54.4,hurricane,2.0,90,969,170,45,0,IVAN,AL092004,2004-09-06 18:00:00,2004-09-06 18:00:00,290.0,54.0,182.0,58.0,571.0,145.0,582.0
               Ivan,2004,9,7,0,11.2,-56.1,hurricane,2.0,90,964,190,60,0,IVAN,AL092004,2004-09-07 00:00:00,2004-09-07 00:00:00,290.0,55.0,114.0,56.0,581.0,150.0,420.0
               Ivan,2004,9,7,60,11.3,-57.8,hurricane,2.0,95,965,200,75,0,IVAN,AL092004,2004-09-07 06:00:00,2004-09-07 06:00:00,290.0,62.0,168.0,59.0,579.0,138.0,269.0
               Ivan,2004,9,7,12,11.6,-59.4,hurricane,3.0,100,963,200,75,1,IVAN,AL092004,2004-09-07 12:00:00,2004-09-07 12:00:00,291.0,61.0,195.0,61.0,564.0,132.0,161.0
               Ivan,2004,9,7,18,11.8,-61.1,hurricane,3.0,105,956,265,75,1,IVAN,AL092004,2004-09-07 18:00:00,2004-09-07 18:00:00,289.0,49.0,216.0,62.0,573.0,133.0,113.0
               Ivan,2004,9,8,0,12.0,-62.6,hurricane,4.0,115,950,265,80,1,IVAN,AL092004,2004-09-08 00:00:00,2004-09-08 00:00:00,289.0,34.0,143.0,65.0,577.0,134.0,141.0
               Ivan,2004,9,8,60,12.3,-64.1,hurricane,4.0,120,946,265,80,1,IVAN,AL092004,2004-09-08 06:00:00,2004-09-08 06:00:00,287.0,32.0,85.0,64.0,572.0,127.0,183.0
               Ivan,2004,9,8,12,12.6,-65.5,hurricane,4.0,120,955,265,80,1,IVAN,AL092004,2004-09-08 12:00:00,2004-09-08 12:00:00,286.0,36.0,135.0,64.0,574.0,127.0,233.0
               Ivan,2004,9,8,18,13.0,-67.0,hurricane,4.0,120,950,265,80,1,IVAN,AL092004,2004-09-08 18:00:00,2004-09-08 18:00:00,288.0,48.0,97.0,67.0,590.0,126.0,255.0
               Ivan,2004,9,9,0,13.3,-68.3,hurricane,4.0,130,938,265,75,1,IVAN,AL092004,2004-09-09 00:00:00,2004-09-09 00:00:00,288.0,60.0,102.0,68.0,586.0,122.0,214.0
               Ivan,2004,9,9,60,13.7,-69.5,hurricane,5.0,140,925,265,75,1,IVAN,AL092004,2004-09-09 06:00:00,2004-09-09 06:00:00,288.0,60.0,53.0,67.0,586.0,110.0,176.0
               Ivan,2004,9,9,12,14.2,-70.8,hurricane,5.0,140,919,265,75,1,IVAN,AL092004,2004-09-09 12:00:00,2004-09-09 12:00:00,288.0,61.0,96.0,64.0,602.0,115.0,213.0
               Ivan,2004,9,9,18,14.7,-71.9,hurricane,4.0,130,921,215,60,1,IVAN,AL092004,2004-09-09 18:00:00,2004-09-09 18:00:00,287.0,66.0,119.0,69.0,598.0,119.0,250.0
               Ivan,2004,9,10,0,15.2,-72.8,hurricane,4.0,130,923,240,80,1,IVAN,AL092004,2004-09-10 00:00:00,2004-09-10 00:00:00,288.0,76.0,63.0,66.0,591.0,128.0,310.0
               Ivan,2004,9,10,60,15.7,-73.8,hurricane,4.0,125,930,240,80,1,IVAN,AL092004,2004-09-10 06:00:00,2004-09-10 06:00:00,288.0,82.0,50.0,65.0,602.0,128.0,260.0
               Ivan,2004,9,10,12,16.2,-74.7,hurricane,4.0,125,934,240,75,1,IVAN,AL092004,2004-09-10 12:00:00,2004-09-10 12:00:00,289.0,85.0,123.0,59.0,613.0,134.0,221.0
               Ivan,2004,9,10,18,16.8,-75.8,hurricane,4.0,120,940,240,75,1,IVAN,AL092004,2004-09-10 18:00:00,2004-09-10 18:00:00,289.0,83.0,125.0,60.0,596.0,140.0,130.0
               Ivan,2004,9,11,0,17.3,-76.5,hurricane,4.0,135,926,240,80,1,IVAN,AL092004,2004-09-11 00:00:00,2004-09-11 00:00:00,293.0,87.0,123.0,58.0,597.0,141.0,63.0
               Ivan,2004,9,11,60,17.4,-77.6,hurricane,4.0,130,923,250,70,1,IVAN,AL092004,2004-09-11 06:00:00,2004-09-11 06:00:00,293.0,94.0,100.0,62.0,587.0,141.0,52.0
               Ivan,2004,9,11,12,17.7,-78.4,hurricane,4.0,125,925,250,70,1,IVAN,AL092004,2004-09-11 12:00:00,2004-09-11 12:00:00,293.0,99.0,114.0,60.0,590.0,144.0,61.0
               Ivan,2004,9,11,18,18.0,-79.0,hurricane,5.0,145,920,250,90,1,IVAN,AL092004,2004-09-11 18:00:00,2004-09-11 18:00:00,296.0,105.0,133.0,62.0,603.0,141.0,73.0
               Ivan,2004,9,12,0,18.2,-79.6,hurricane,5.0,145,910,250,120,1,IVAN,AL092004,2004-09-12 00:00:00,2004-09-12 00:00:00,296.0,104.0,135.0,61.0,586.0,144.0,131.0
               Ivan,2004,9,12,60,18.4,-80.4,hurricane,4.0,135,915,250,105,1,IVAN,AL092004,2004-09-12 06:00:00,2004-09-12 06:00:00,295.0,108.0,116.0,66.0,608.0,139.0,216.0
               Ivan,2004,9,12,12,18.8,-81.2,hurricane,4.0,135,919,270,125,1,IVAN,AL092004,2004-09-12 12:00:00,2004-09-12 12:00:00,294.0,112.0,210.0,61.0,600.0,140.0,305.0
               Ivan,2004,9,12,18,19.1,-82.1,hurricane,4.0,130,920,270,125,1,IVAN,AL092004,2004-09-12 18:00:00,2004-09-12 18:00:00,296.0,106.0,189.0,61.0,585.0,147.0,276.0
               Ivan,2004,9,13,0,19.5,-82.8,hurricane,5.0,140,916,300,130,1,IVAN,AL092004,2004-09-13 00:00:00,2004-09-13 00:00:00,296.0,112.0,190.0,65.0,589.0,150.0,218.0
               Ivan,2004,9,13,60,19.9,-83.5,hurricane,5.0,140,920,300,130,1,IVAN,AL092004,2004-09-13 06:00:00,2004-09-13 06:00:00,296.0,122.0,176.0,65.0,590.0,143.0,181.0
               Ivan,2004,9,13,12,20.4,-84.1,hurricane,5.0,140,915,305,130,1,IVAN,AL092004,2004-09-13 12:00:00,2004-09-13 12:00:00,297.0,127.0,162.0,66.0,602.0,144.0,157.0
               Ivan,2004,9,13,18,20.9,-84.7,hurricane,5.0,140,912,330,170,1,IVAN,AL092004,2004-09-13 18:00:00,2004-09-13 18:00:00,297.0,128.0,245.0,65.0,605.0,143.0,100.0
               Ivan,2004,9,14,0,21.6,-85.1,hurricane,5.0,140,914,325,160,1,IVAN,AL092004,2004-09-14 00:00:00,2004-09-14 00:00:00,295.0,125.0,203.0,62.0,594.0,140.0,38.0
               Ivan,2004,9,14,60,22.4,-85.6,hurricane,5.0,140,924,325,160,1,IVAN,AL092004,2004-09-14 06:00:00,2004-09-14 06:00:00,295.0,107.0,209.0,62.0,591.0,136.0,91.0
               Ivan,2004,9,14,12,23.0,-86.0,hurricane,4.0,125,930,375,160,1,IVAN,AL092004,2004-09-14 12:00:00,2004-09-14 12:00:00,295.0,78.0,238.0,59.0,602.0,139.0,166.0
               Ivan,2004,9,14,18,23.7,-86.5,hurricane,4.0,120,931,375,165,1,IVAN,AL092004,2004-09-14 18:00:00,2004-09-14 18:00:00,293.0,55.0,218.0,54.0,615.0,144.0,239.0
               Ivan,2004,9,15,0,24.7,-87.0,hurricane,4.0,120,928,375,165,1,IVAN,AL092004,2004-09-15 00:00:00,2004-09-15 00:00:00,294.0,56.0,126.0,57.0,618.0,147.0,342.0
               Ivan,2004,9,15,60,25.6,-87.4,hurricane,4.0,120,935,375,165,1,IVAN,AL092004,2004-09-15 06:00:00,2004-09-15 06:00:00,294.0,66.0,154.0,57.0,616.0,140.0,420.0
               Ivan,2004,9,15,12,26.7,-87.9,hurricane,4.0,115,939,425,165,1,IVAN,AL092004,2004-09-15 12:00:00,2004-09-15 12:00:00,293.0,71.0,188.0,56.0,620.0,137.0,288.0
               Ivan,2004,9,15,18,27.9,-88.2,hurricane,4.0,115,937,400,165,1,IVAN,AL092004,2004-09-15 18:00:00,2004-09-15 18:00:00,292.0,50.0,201.0,56.0,615.0,137.0,158.0
               Ivan,2004,9,16,0,28.9,-88.2,hurricane,3.0,110,931,400,165,1,IVAN,AL092004,2004-09-16 00:00:00,2004-09-16 00:00:00,289.0,38.0,220.0,58.0,620.0,128.0,92.0
               Ivan,2004,9,16,60,30.0,-87.9,hurricane,3.0,105,943,350,165,1,IVAN,AL092004,2004-09-16 06:00:00,2004-09-16 06:00:00,285.0,31.0,237.0,58.0,593.0,98.0,26.0
             Jeanne,2004,9,20,18,27.2,-71.4,hurricane,1.0,75,984,170,40,0,JEANNE,AL112004,2004-09-20 18:00:00,2004-09-20 18:00:00,286.0,38.0,321.0,44.0,536.0,149.0,674.0
             Jeanne,2004,9,21,0,27.4,-70.8,hurricane,1.0,75,982,180,40,0,JEANNE,AL112004,2004-09-21 00:00:00,2004-09-21 00:00:00,285.0,35.0,291.0,44.0,531.0,151.0,712.0
             Jeanne,2004,9,21,60,27.6,-70.2,hurricane,1.0,75,972,195,75,0,JEANNE,AL112004,2004-09-21 06:00:00,2004-09-21 06:00:00,285.0,34.0,247.0,45.0,507.0,149.0,754.0
             Jeanne,2004,9,21,12,27.6,-69.5,hurricane,1.0,75,972,195,70,0,JEANNE,AL112004,2004-09-21 12:00:00,2004-09-21 12:00:00,285.0,35.0,248.0,46.0,509.0,150.0,783.0
             Jeanne,2004,9,21,18,27.4,-69.2,hurricane,1.0,75,972,195,70,0,JEANNE,AL112004,2004-09-21 18:00:00,2004-09-21 18:00:00,285.0,38.0,215.0,45.0,515.0,151.0,778.0
             Jeanne,2004,9,22,0,27.2,-68.9,hurricane,1.0,80,972,190,70,0,JEANNE,AL112004,2004-09-22 00:00:00,2004-09-22 00:00:00,285.0,41.0,190.0,45.0,513.0,153.0,775.0
             Jeanne,2004,9,22,60,26.8,-68.7,hurricane,2.0,85,968,210,70,0,JEANNE,AL112004,2004-09-22 06:00:00,2004-09-22 06:00:00,286.0,43.0,136.0,47.0,501.0,147.0,750.0
             Jeanne,2004,9,22,12,26.5,-68.5,hurricane,2.0,85,968,220,70,0,JEANNE,AL112004,2004-09-22 12:00:00,2004-09-22 12:00:00,286.0,47.0,106.0,45.0,520.0,148.0,736.0
             Jeanne,2004,9,22,18,26.2,-68.8,hurricane,2.0,85,967,220,70,0,JEANNE,AL112004,2004-09-22 18:00:00,2004-09-22 18:00:00,286.0,47.0,109.0,40.0,529.0,146.0,691.0
             Jeanne,2004,9,23,0,25.7,-69.0,hurricane,2.0,85,966,220,70,0,JEANNE,AL112004,2004-09-23 00:00:00,2004-09-23 00:00:00,287.0,50.0,53.0,40.0,535.0,145.0,635.0
             Jeanne,2004,9,23,60,25.5,-69.3,hurricane,2.0,85,966,220,70,0,JEANNE,AL112004,2004-09-23 06:00:00,2004-09-23 06:00:00,287.0,46.0,64.0,40.0,525.0,145.0,599.0
             Jeanne,2004,9,23,12,25.5,-69.6,hurricane,1.0,80,966,220,70,0,JEANNE,AL112004,2004-09-23 12:00:00,2004-09-23 12:00:00,287.0,46.0,63.0,40.0,524.0,141.0,580.0
             Jeanne,2004,9,23,18,25.8,-70.0,hurricane,1.0,75,966,220,70,0,JEANNE,AL112004,2004-09-23 18:00:00,2004-09-23 18:00:00,287.0,39.0,37.0,38.0,536.0,140.0,585.0
             Jeanne,2004,9,24,0,26.0,-70.4,hurricane,1.0,70,966,220,70,0,JEANNE,AL112004,2004-09-24 00:00:00,2004-09-24 00:00:00,286.0,37.0,24.0,36.0,551.0,138.0,584.0
             Jeanne,2004,9,24,60,26.1,-71.2,hurricane,1.0,75,969,225,70,0,JEANNE,AL112004,2004-09-24 06:00:00,2004-09-24 06:00:00,286.0,38.0,19.0,36.0,546.0,135.0,562.0
             Jeanne,2004,9,24,12,26.2,-72.2,hurricane,1.0,80,969,235,75,0,JEANNE,AL112004,2004-09-24 12:00:00,2004-09-24 12:00:00,286.0,44.0,7.0,40.0,542.0,129.0,549.0
             Jeanne,2004,9,24,18,26.4,-73.1,hurricane,2.0,85,968,235,75,0,JEANNE,AL112004,2004-09-24 18:00:00,2004-09-24 18:00:00,286.0,48.0,56.0,37.0,537.0,133.0,504.0
             Jeanne,2004,9,25,0,26.4,-74.3,hurricane,2.0,85,964,285,105,0,JEANNE,AL112004,2004-09-25 00:00:00,2004-09-25 00:00:00,286.0,51.0,61.0,37.0,555.0,134.0,395.0
             Jeanne,2004,9,25,60,26.5,-75.6,hurricane,2.0,90,960,285,105,0,JEANNE,AL112004,2004-09-25 06:00:00,2004-09-25 06:00:00,287.0,57.0,44.0,39.0,549.0,136.0,283.0
             Jeanne,2004,9,25,12,26.6,-76.9,hurricane,3.0,100,957,255,105,1,JEANNE,AL112004,2004-09-25 12:00:00,2004-09-25 12:00:00,288.0,76.0,74.0,42.0,544.0,136.0,194.0
             Jeanne,2004,9,25,18,26.9,-78.2,hurricane,3.0,105,952,270,105,1,JEANNE,AL112004,2004-09-25 18:00:00,2004-09-25 18:00:00,289.0,82.0,80.0,41.0,553.0,128.0,183.0
             Jeanne,2004,9,26,0,27.1,-79.4,hurricane,3.0,105,951,305,120,1,JEANNE,AL112004,2004-09-26 00:00:00,2004-09-26 00:00:00,285.0,73.0,121.0,44.0,541.0,128.0,71.0
               Karl,2004,9,18,0,13.9,-37.0,hurricane,1.0,70,984,150,25,0,KARL,AL122004,2004-09-18 00:00:00,2004-09-18 00:00:00,277.0,23.0,80.0,62.0,583.0,132.0,1890.0
               Karl,2004,9,18,60,14.5,-38.0,hurricane,2.0,85,975,170,35,0,KARL,AL122004,2004-09-18 06:00:00,2004-09-18 06:00:00,274.0,24.0,101.0,60.0,561.0,131.0,1854.0
               Karl,2004,9,18,12,15.0,-38.8,hurricane,2.0,90,970,210,35,0,KARL,AL122004,2004-09-18 12:00:00,2004-09-18 12:00:00,272.0,26.0,60.0,59.0,576.0,136.0,1821.0
               Karl,2004,9,18,18,15.6,-39.7,hurricane,2.0,95,965,210,45,0,KARL,AL122004,2004-09-18 18:00:00,2004-09-18 18:00:00,273.0,26.0,43.0,60.0,572.0,138.0,1794.0
               Karl,2004,9,19,0,15.9,-40.8,hurricane,2.0,95,965,210,45,0,KARL,AL122004,2004-09-19 00:00:00,2004-09-19 00:00:00,273.0,26.0,69.0,61.0,577.0,137.0,1736.0
               Karl,2004,9,19,60,16.0,-41.6,hurricane,3.0,100,960,225,55,1,KARL,AL122004,2004-09-19 06:00:00,2004-09-19 06:00:00,272.0,27.0,45.0,60.0,574.0,136.0,1688.0
               Karl,2004,9,19,12,16.3,-42.4,hurricane,3.0,105,955,210,55,1,KARL,AL122004,2004-09-19 12:00:00,2004-09-19 12:00:00,273.0,29.0,18.0,57.0,594.0,137.0,1661.0
               Karl,2004,9,19,18,16.7,-43.4,hurricane,3.0,110,951,240,60,1,KARL,AL122004,2004-09-19 18:00:00,2004-09-19 18:00:00,274.0,32.0,63.0,57.0,594.0,140.0,1625.0
               Karl,2004,9,20,0,16.8,-44.5,hurricane,3.0,110,951,240,60,1,KARL,AL122004,2004-09-20 00:00:00,2004-09-20 00:00:00,274.0,34.0,109.0,58.0,578.0,142.0,1561.0
               Karl,2004,9,20,60,17.0,-45.2,hurricane,4.0,115,948,270,70,1,KARL,AL122004,2004-09-20 06:00:00,2004-09-20 06:00:00,274.0,36.0,139.0,62.0,579.0,138.0,1535.0
               Karl,2004,9,20,12,17.5,-46.0,hurricane,3.0,110,951,310,90,1,KARL,AL122004,2004-09-20 12:00:00,2004-09-20 12:00:00,274.0,38.0,128.0,64.0,582.0,138.0,1518.0
               Karl,2004,9,20,18,18.1,-46.5,hurricane,3.0,110,951,325,105,1,KARL,AL122004,2004-09-20 18:00:00,2004-09-20 18:00:00,275.0,38.0,137.0,64.0,584.0,142.0,1488.0
               Karl,2004,9,21,0,18.7,-47.0,hurricane,4.0,120,943,375,105,1,KARL,AL122004,2004-09-21 00:00:00,2004-09-21 00:00:00,275.0,38.0,111.0,66.0,580.0,143.0,1464.0
               Karl,2004,9,21,60,19.6,-47.3,hurricane,4.0,125,938,425,120,1,KARL,AL122004,2004-09-21 06:00:00,2004-09-21 06:00:00,276.0,38.0,104.0,63.0,576.0,145.0,1478.0
               Karl,2004,9,21,12,20.8,-47.8,hurricane,4.0,120,943,450,135,1,KARL,AL122004,2004-09-21 12:00:00,2004-09-21 12:00:00,276.0,37.0,79.0,63.0,578.0,144.0,1500.0
               Karl,2004,9,21,18,22.3,-48.3,hurricane,3.0,105,948,450,150,1,KARL,AL122004,2004-09-21 18:00:00,2004-09-21 18:00:00,277.0,35.0,115.0,63.0,570.0,146.0,1496.0
               Karl,2004,9,22,0,23.7,-48.8,hurricane,3.0,100,955,450,150,1,KARL,AL122004,2004-09-22 00:00:00,2004-09-22 00:00:00,278.0,35.0,131.0,63.0,577.0,145.0,1505.0
               Karl,2004,9,22,60,24.9,-49.4,hurricane,2.0,95,962,450,150,0,KARL,AL122004,2004-09-22 06:00:00,2004-09-22 06:00:00,278.0,31.0,184.0,61.0,566.0,137.0,1511.0
               Karl,2004,9,22,12,26.2,-49.5,hurricane,2.0,90,967,450,150,0,KARL,AL122004,2004-09-22 12:00:00,2004-09-22 12:00:00,278.0,26.0,188.0,57.0,576.0,128.0,1580.0
               Karl,2004,9,22,18,27.5,-48.7,hurricane,2.0,90,970,450,150,0,KARL,AL122004,2004-09-22 18:00:00,2004-09-22 18:00:00,277.0,22.0,229.0,51.0,571.0,111.0,1729.0
               Karl,2004,9,23,0,29.0,-47.7,hurricane,2.0,95,965,475,125,0,KARL,AL122004,2004-09-23 00:00:00,2004-09-23 00:00:00,273.0,17.0,255.0,49.0,581.0,100.0,1909.0
               Karl,2004,9,23,60,30.7,-46.3,hurricane,3.0,110,951,500,125,1,KARL,AL122004,2004-09-23 06:00:00,2004-09-23 06:00:00,271.0,14.0,231.0,49.0,535.0,89.0,1867.0
               Karl,2004,9,23,12,32.5,-44.4,hurricane,3.0,105,953,525,125,1,KARL,AL122004,2004-09-23 12:00:00,2004-09-23 12:00:00,265.0,4.0,283.0,54.0,508.0,78.0,1739.0
               Karl,2004,9,23,18,34.5,-43.0,hurricane,2.0,90,955,550,125,0,KARL,AL122004,2004-09-23 18:00:00,2004-09-23 18:00:00,257.0,0.0,298.0,56.0,490.0,74.0,1596.0
               Karl,2004,9,24,0,36.8,-41.9,hurricane,1.0,80,957,550,125,0,KARL,AL122004,2004-09-24 00:00:00,2004-09-24 00:00:00,249.0,0.0,412.0,54.0,456.0,54.0,1434.0
               Karl,2004,9,24,60,39.5,-41.2,hurricane,1.0,75,959,575,125,0,KARL,AL122004,2004-09-24 06:00:00,2004-09-24 06:00:00,235.0,0.0,359.0,50.0,406.0,20.0,1250.0
               Lisa,2004,10,2,60,40.3,-41.6,hurricane,1.0,65,987,130,20,0,LISA,AL132004,2004-10-02 06:00:00,2004-10-02 06:00:00,225.0,0.0,323.0,46.0,429.0,26.0,1164.0
               Lisa,2004,10,2,12,41.6,-39.1,hurricane,1.0,65,987,130,20,0,LISA,AL132004,2004-10-02 12:00:00,2004-10-02 12:00:00,218.0,0.0,397.0,44.0,431.0,20.0,1244.0
              Cindy,2005,7,6,0,28.5,-90.3,hurricane,1.0,65,992,150,20,0,CINDY,AL032005,2005-07-06 00:00:00,2005-07-06 00:00:00,290.0,36.0,219.0,50.0,540.0,136.0,68.0
             Dennis,2005,7,7,0,16.2,-73.0,hurricane,1.0,70,982,180,20,0,DENNIS,AL042005,2005-07-07 00:00:00,2005-07-07 00:00:00,283.0,61.0,161.0,78.0,645.0,127.0,218.0
             Dennis,2005,7,7,60,16.7,-74.1,hurricane,1.0,80,972,190,20,0,DENNIS,AL042005,2005-07-07 06:00:00,2005-07-07 06:00:00,282.0,65.0,147.0,73.0,643.0,124.0,150.0
             Dennis,2005,7,7,12,17.6,-74.9,hurricane,2.0,90,967,205,40,0,DENNIS,AL042005,2005-07-07 12:00:00,2005-07-07 12:00:00,285.0,69.0,144.0,71.0,622.0,127.0,98.0
             Dennis,2005,7,7,18,18.5,-76.1,hurricane,3.0,100,957,210,60,1,DENNIS,AL042005,2005-07-07 18:00:00,2005-07-07 18:00:00,288.0,70.0,154.0,71.0,623.0,135.0,48.0
             Dennis,2005,7,8,0,19.4,-77.1,hurricane,4.0,120,951,210,65,1,DENNIS,AL042005,2005-07-08 00:00:00,2005-07-08 00:00:00,292.0,79.0,188.0,72.0,615.0,135.0,55.0
             Dennis,2005,7,8,60,20.3,-78.4,hurricane,3.0,110,953,210,65,1,DENNIS,AL042005,2005-07-08 06:00:00,2005-07-08 06:00:00,294.0,77.0,116.0,70.0,587.0,131.0,59.0
             Dennis,2005,7,8,12,20.9,-79.5,hurricane,4.0,130,938,220,65,1,DENNIS,AL042005,2005-07-08 12:00:00,2005-07-08 12:00:00,294.0,77.0,130.0,70.0,621.0,125.0,77.0
             Dennis,2005,7,8,18,22.0,-80.6,hurricane,4.0,120,941,260,75,1,DENNIS,AL042005,2005-07-08 18:00:00,2005-07-08 18:00:00,293.0,82.0,171.0,71.0,629.0,126.0,8.0
             Dennis,2005,7,9,60,23.4,-82.5,hurricane,1.0,75,973,290,75,0,DENNIS,AL042005,2005-07-09 06:00:00,2005-07-09 06:00:00,292.0,108.0,113.0,69.0,634.0,122.0,31.0
             Dennis,2005,7,9,12,24.3,-83.4,hurricane,1.0,80,967,290,60,0,DENNIS,AL042005,2005-07-09 12:00:00,2005-07-09 12:00:00,292.0,69.0,147.0,67.0,627.0,125.0,146.0
             Dennis,2005,7,9,18,25.2,-84.2,hurricane,2.0,90,962,325,50,0,DENNIS,AL042005,2005-07-09 18:00:00,2005-07-09 18:00:00,291.0,53.0,167.0,66.0,634.0,132.0,262.0
             Dennis,2005,7,10,0,26.1,-85.0,hurricane,3.0,110,942,350,50,1,DENNIS,AL042005,2005-07-10 00:00:00,2005-07-10 00:00:00,291.0,48.0,133.0,68.0,630.0,137.0,276.0
             Dennis,2005,7,10,60,27.2,-85.8,hurricane,4.0,125,935,350,50,1,DENNIS,AL042005,2005-07-10 06:00:00,2005-07-10 06:00:00,291.0,54.0,198.0,66.0,612.0,124.0,283.0
             Dennis,2005,7,10,12,28.5,-86.3,hurricane,4.0,120,930,315,50,1,DENNIS,AL042005,2005-07-10 12:00:00,2005-07-10 12:00:00,290.0,37.0,299.0,63.0,613.0,117.0,166.0
             Dennis,2005,7,10,18,29.9,-86.9,hurricane,3.0,110,942,250,40,1,DENNIS,AL042005,2005-07-10 18:00:00,2005-07-10 18:00:00,290.0,31.0,246.0,61.0,611.0,80.0,54.0
              Emily,2005,7,14,0,11.6,-60.2,hurricane,1.0,70,999,190,20,0,EMILY,AL052005,2005-07-14 00:00:00,2005-07-14 00:00:00,280.0,40.0,111.0,69.0,553.0,139.0,119.0
              Emily,2005,7,14,60,11.9,-61.5,hurricane,1.0,75,991,190,25,0,EMILY,AL052005,2005-07-14 06:00:00,2005-07-14 06:00:00,279.0,25.0,91.0,70.0,570.0,132.0,130.0
              Emily,2005,7,14,12,12.4,-63.2,hurricane,2.0,85,980,180,40,0,EMILY,AL052005,2005-07-14 12:00:00,2005-07-14 12:00:00,278.0,20.0,142.0,69.0,562.0,130.0,187.0
              Emily,2005,7,14,18,12.9,-64.9,hurricane,3.0,100,971,165,40,1,EMILY,AL052005,2005-07-14 18:00:00,2005-07-14 18:00:00,278.0,24.0,175.0,67.0,580.0,129.0,259.0
              Emily,2005,7,15,0,13.3,-66.7,hurricane,3.0,110,959,185,40,1,EMILY,AL052005,2005-07-15 00:00:00,2005-07-15 00:00:00,281.0,34.0,222.0,69.0,587.0,131.0,298.0
              Emily,2005,7,15,60,13.7,-68.4,hurricane,4.0,115,952,190,50,1,EMILY,AL052005,2005-07-15 06:00:00,2005-07-15 06:00:00,280.0,33.0,160.0,76.0,589.0,120.0,238.0
              Emily,2005,7,15,12,14.1,-70.1,hurricane,4.0,115,964,200,50,1,EMILY,AL052005,2005-07-15 12:00:00,2005-07-15 12:00:00,280.0,32.0,168.0,75.0,577.0,123.0,212.0
              Emily,2005,7,15,18,14.5,-71.8,hurricane,2.0,95,969,200,40,0,EMILY,AL052005,2005-07-15 18:00:00,2005-07-15 18:00:00,279.0,34.0,156.0,70.0,594.0,127.0,227.0
              Emily,2005,7,16,0,14.9,-73.4,hurricane,3.0,110,958,180,50,1,EMILY,AL052005,2005-07-16 00:00:00,2005-07-16 00:00:00,278.0,50.0,162.0,69.0,601.0,130.0,325.0
              Emily,2005,7,16,60,15.4,-75.0,hurricane,4.0,120,953,180,70,1,EMILY,AL052005,2005-07-16 06:00:00,2005-07-16 06:00:00,281.0,68.0,152.0,67.0,590.0,123.0,307.0
              Emily,2005,7,16,12,15.9,-76.5,hurricane,4.0,130,944,180,75,1,EMILY,AL052005,2005-07-16 12:00:00,2005-07-16 12:00:00,281.0,74.0,170.0,67.0,592.0,123.0,215.0
              Emily,2005,7,16,18,16.4,-78.0,hurricane,4.0,135,937,190,65,1,EMILY,AL052005,2005-07-16 18:00:00,2005-07-16 18:00:00,283.0,71.0,172.0,68.0,601.0,128.0,167.0
              Emily,2005,7,17,0,17.1,-79.5,hurricane,5.0,140,929,190,65,1,EMILY,AL052005,2005-07-17 00:00:00,2005-07-17 00:00:00,286.0,70.0,126.0,68.0,599.0,138.0,176.0
              Emily,2005,7,17,60,17.7,-81.2,hurricane,4.0,135,940,190,65,1,EMILY,AL052005,2005-07-17 06:00:00,2005-07-17 06:00:00,285.0,65.0,153.0,65.0,601.0,131.0,306.0
              Emily,2005,7,17,12,18.3,-82.8,hurricane,4.0,130,946,190,65,1,EMILY,AL052005,2005-07-17 12:00:00,2005-07-17 12:00:00,287.0,69.0,184.0,64.0,600.0,122.0,316.0
              Emily,2005,7,17,18,18.9,-84.3,hurricane,4.0,125,948,190,65,1,EMILY,AL052005,2005-07-17 18:00:00,2005-07-17 18:00:00,289.0,74.0,132.0,70.0,601.0,119.0,313.0
              Emily,2005,7,18,0,19.5,-85.8,hurricane,4.0,120,951,210,65,1,EMILY,AL052005,2005-07-18 00:00:00,2005-07-18 00:00:00,289.0,73.0,132.0,67.0,600.0,119.0,169.0
              Emily,2005,7,18,60,20.3,-87.3,hurricane,4.0,115,955,235,65,1,EMILY,AL052005,2005-07-18 06:00:00,2005-07-18 06:00:00,284.0,56.0,104.0,72.0,630.0,119.0,6.0
              Emily,2005,7,18,18,22.0,-90.3,hurricane,1.0,65,984,150,30,0,EMILY,AL052005,2005-07-18 18:00:00,2005-07-18 18:00:00,286.0,18.0,78.0,65.0,625.0,144.0,95.0
              Emily,2005,7,19,0,22.6,-91.5,hurricane,1.0,75,981,175,30,0,EMILY,AL052005,2005-07-19 00:00:00,2005-07-19 00:00:00,289.0,34.0,84.0,65.0,601.0,154.0,212.0
              Emily,2005,7,19,60,23.2,-92.8,hurricane,1.0,80,980,180,50,0,EMILY,AL052005,2005-07-19 06:00:00,2005-07-19 06:00:00,294.0,44.0,96.0,66.0,602.0,140.0,350.0
              Emily,2005,7,19,12,23.7,-94.0,hurricane,1.0,80,977,205,55,0,EMILY,AL052005,2005-07-19 12:00:00,2005-07-19 12:00:00,294.0,46.0,88.0,66.0,599.0,129.0,378.0
              Emily,2005,7,19,18,24.1,-95.1,hurricane,2.0,85,959,220,70,0,EMILY,AL052005,2005-07-19 18:00:00,2005-07-19 18:00:00,291.0,49.0,135.0,60.0,597.0,131.0,262.0
              Emily,2005,7,20,0,24.4,-96.1,hurricane,3.0,110,948,230,85,1,EMILY,AL052005,2005-07-20 00:00:00,2005-07-20 00:00:00,289.0,50.0,116.0,68.0,603.0,136.0,155.0
              Emily,2005,7,20,60,24.6,-96.9,hurricane,3.0,110,944,230,85,1,EMILY,AL052005,2005-07-20 06:00:00,2005-07-20 06:00:00,289.0,43.0,83.0,73.0,601.0,120.0,71.0
              Irene,2005,8,15,0,34.9,-69.5,hurricane,1.0,70,989,150,20,0,IRENE,AL092005,2005-08-15 00:00:00,2005-08-15 00:00:00,271.0,20.0,126.0,55.0,517.0,137.0,571.0
              Irene,2005,8,15,60,35.7,-68.7,hurricane,1.0,75,985,150,20,0,IRENE,AL092005,2005-08-15 06:00:00,2005-08-15 06:00:00,272.0,21.0,120.0,56.0,521.0,141.0,635.0
              Irene,2005,8,15,12,36.3,-67.7,hurricane,1.0,75,985,170,40,0,IRENE,AL092005,2005-08-15 12:00:00,2005-08-15 12:00:00,273.0,26.0,183.0,55.0,513.0,140.0,630.0
              Irene,2005,8,15,18,36.5,-66.5,hurricane,1.0,80,980,170,40,0,IRENE,AL092005,2005-08-15 18:00:00,2005-08-15 18:00:00,273.0,22.0,235.0,53.0,516.0,134.0,649.0
              Irene,2005,8,16,0,36.6,-65.1,hurricane,1.0,80,980,170,40,0,IRENE,AL092005,2005-08-16 00:00:00,2005-08-16 00:00:00,272.0,21.0,192.0,52.0,522.0,127.0,703.0
              Irene,2005,8,16,60,36.6,-64.0,hurricane,1.0,80,978,170,40,0,IRENE,AL092005,2005-08-16 06:00:00,2005-08-16 06:00:00,269.0,20.0,161.0,51.0,528.0,121.0,764.0
              Irene,2005,8,16,12,36.6,-63.0,hurricane,2.0,85,975,170,40,0,IRENE,AL092005,2005-08-16 12:00:00,2005-08-16 12:00:00,268.0,18.0,201.0,52.0,519.0,121.0,801.0
              Irene,2005,8,16,18,36.5,-62.0,hurricane,2.0,90,970,170,40,0,IRENE,AL092005,2005-08-16 18:00:00,2005-08-16 18:00:00,267.0,14.0,219.0,55.0,509.0,118.0,838.0
              Irene,2005,8,17,0,36.5,-61.3,hurricane,1.0,80,978,170,40,0,IRENE,AL092005,2005-08-17 00:00:00,2005-08-17 00:00:00,267.0,12.0,168.0,57.0,519.0,115.0,860.0
              Irene,2005,8,17,60,36.5,-60.6,hurricane,1.0,75,983,150,35,0,IRENE,AL092005,2005-08-17 06:00:00,2005-08-17 06:00:00,268.0,8.0,198.0,54.0,517.0,115.0,886.0
              Irene,2005,8,17,12,36.9,-59.1,hurricane,1.0,65,987,170,40,0,IRENE,AL092005,2005-08-17 12:00:00,2005-08-17 12:00:00,268.0,7.0,245.0,56.0,503.0,114.0,915.0
              Irene,2005,8,17,18,37.6,-57.3,hurricane,1.0,65,987,170,40,0,IRENE,AL092005,2005-08-17 18:00:00,2005-08-17 18:00:00,267.0,4.0,225.0,55.0,502.0,82.0,907.0
            Katrina,2005,8,26,60,25.4,-81.3,hurricane,1.0,65,987,115,20,0,KATRINA,AL122005,2005-08-26 06:00:00,2005-08-26 06:00:00,298.0,61.0,181.0,68.0,615.0,150.0,11.0
            Katrina,2005,8,26,12,25.1,-82.0,hurricane,1.0,75,979,120,30,0,KATRINA,AL122005,2005-08-26 12:00:00,2005-08-26 12:00:00,298.0,60.0,148.0,66.0,605.0,147.0,86.0
            Katrina,2005,8,26,18,24.9,-82.6,hurricane,2.0,85,968,130,35,0,KATRINA,AL122005,2005-08-26 18:00:00,2005-08-26 18:00:00,298.0,56.0,183.0,66.0,618.0,146.0,150.0
            Katrina,2005,8,27,0,24.6,-83.3,hurricane,2.0,90,959,165,45,0,KATRINA,AL122005,2005-08-27 00:00:00,2005-08-27 00:00:00,298.0,82.0,158.0,63.0,629.0,151.0,178.0
            Katrina,2005,8,27,60,24.4,-84.0,hurricane,2.0,95,950,220,65,0,KATRINA,AL122005,2005-08-27 06:00:00,2005-08-27 06:00:00,298.0,95.0,95.0,62.0,627.0,142.0,174.0
            Katrina,2005,8,27,12,24.4,-84.7,hurricane,3.0,100,942,220,65,1,KATRINA,AL122005,2005-08-27 12:00:00,2005-08-27 12:00:00,298.0,109.0,67.0,66.0,617.0,140.0,200.0
            Katrina,2005,8,27,18,24.5,-85.3,hurricane,3.0,100,948,230,80,1,KATRINA,AL122005,2005-08-27 18:00:00,2005-08-27 18:00:00,297.0,106.0,132.0,62.0,623.0,142.0,241.0
            Katrina,2005,8,28,0,24.8,-85.9,hurricane,3.0,100,941,240,105,1,KATRINA,AL122005,2005-08-28 00:00:00,2005-08-28 00:00:00,297.0,94.0,104.0,65.0,639.0,148.0,303.0
            Katrina,2005,8,28,60,25.2,-86.7,hurricane,4.0,125,930,300,150,1,KATRINA,AL122005,2005-08-28 06:00:00,2005-08-28 06:00:00,296.0,81.0,41.0,69.0,634.0,145.0,389.0
            Katrina,2005,8,28,12,25.7,-87.7,hurricane,5.0,145,909,320,165,1,KATRINA,AL122005,2005-08-28 12:00:00,2005-08-28 12:00:00,296.0,61.0,107.0,68.0,654.0,148.0,398.0
            Katrina,2005,8,28,18,26.3,-88.6,hurricane,5.0,150,902,360,180,1,KATRINA,AL122005,2005-08-28 18:00:00,2005-08-28 18:00:00,297.0,69.0,159.0,71.0,651.0,163.0,310.0
            Katrina,2005,8,29,0,27.2,-89.2,hurricane,5.0,140,905,380,170,1,KATRINA,AL122005,2005-08-29 00:00:00,2005-08-29 00:00:00,296.0,69.0,146.0,70.0,645.0,172.0,205.0
            Katrina,2005,8,29,60,28.2,-89.6,hurricane,4.0,125,913,350,160,1,KATRINA,AL122005,2005-08-29 06:00:00,2005-08-29 06:00:00,295.0,56.0,229.0,71.0,636.0,159.0,103.0
              Maria,2005,9,4,60,27.5,-55.1,hurricane,1.0,65,987,130,20,0,MARIA,AL142005,2005-09-04 06:00:00,2005-09-04 06:00:00,284.0,27.0,116.0,62.0,547.0,131.0,1289.0
              Maria,2005,9,4,12,28.6,-55.5,hurricane,1.0,65,987,150,30,0,MARIA,AL142005,2005-09-04 12:00:00,2005-09-04 12:00:00,282.0,25.0,140.0,63.0,540.0,129.0,1372.0
              Maria,2005,9,4,18,29.6,-56.0,hurricane,1.0,75,980,150,30,0,MARIA,AL142005,2005-09-04 18:00:00,2005-09-04 18:00:00,281.0,20.0,169.0,63.0,560.0,129.0,1443.0
              Maria,2005,9,5,0,30.2,-56.5,hurricane,1.0,75,980,150,30,0,MARIA,AL142005,2005-09-05 00:00:00,2005-09-05 00:00:00,279.0,18.0,146.0,63.0,563.0,128.0,1478.0
              Maria,2005,9,5,60,30.9,-56.8,hurricane,1.0,80,977,155,30,0,MARIA,AL142005,2005-09-05 06:00:00,2005-09-05 06:00:00,279.0,14.0,185.0,63.0,568.0,125.0,1534.0
              Maria,2005,9,5,12,31.5,-56.8,hurricane,2.0,85,975,180,40,0,MARIA,AL142005,2005-09-05 12:00:00,2005-09-05 12:00:00,277.0,13.0,238.0,66.0,563.0,125.0,1542.0
              Maria,2005,9,5,18,32.1,-56.7,hurricane,2.0,90,970,180,40,0,MARIA,AL142005,2005-09-05 18:00:00,2005-09-05 18:00:00,274.0,12.0,257.0,62.0,567.0,124.0,1487.0
              Maria,2005,9,6,0,32.6,-56.6,hurricane,3.0,100,962,180,40,1,MARIA,AL142005,2005-09-06 00:00:00,2005-09-06 00:00:00,274.0,11.0,345.0,62.0,571.0,117.0,1443.0
              Maria,2005,9,6,60,33.0,-56.5,hurricane,2.0,90,970,180,35,0,MARIA,AL142005,2005-09-06 06:00:00,2005-09-06 06:00:00,271.0,9.0,326.0,58.0,563.0,111.0,1409.0
              Maria,2005,9,6,12,33.5,-56.0,hurricane,1.0,80,975,200,35,0,MARIA,AL142005,2005-09-06 12:00:00,2005-09-06 12:00:00,271.0,7.0,373.0,53.0,575.0,106.0,1376.0
              Maria,2005,9,6,18,33.9,-55.4,hurricane,1.0,75,980,200,35,0,MARIA,AL142005,2005-09-06 18:00:00,2005-09-06 18:00:00,271.0,5.0,338.0,49.0,565.0,103.0,1352.0
              Maria,2005,9,7,0,34.4,-54.6,hurricane,1.0,65,987,200,60,0,MARIA,AL142005,2005-09-07 00:00:00,2005-09-07 00:00:00,267.0,1.0,352.0,46.0,537.0,97.0,1329.0
              Maria,2005,9,7,60,34.8,-53.3,hurricane,1.0,70,983,280,90,0,MARIA,AL142005,2005-09-07 06:00:00,2005-09-07 06:00:00,267.0,0.0,347.0,43.0,491.0,91.0,1313.0
              Maria,2005,9,7,12,35.6,-51.8,hurricane,1.0,75,980,375,150,0,MARIA,AL142005,2005-09-07 12:00:00,2005-09-07 12:00:00,264.0,0.0,315.0,46.0,451.0,92.0,1232.0
              Maria,2005,9,7,18,36.5,-50.8,hurricane,1.0,75,980,375,150,0,MARIA,AL142005,2005-09-07 18:00:00,2005-09-07 18:00:00,261.0,0.0,303.0,45.0,435.0,96.0,1143.0
              Maria,2005,9,8,0,37.2,-49.9,hurricane,1.0,70,982,375,135,0,MARIA,AL142005,2005-09-08 00:00:00,2005-09-08 00:00:00,258.0,0.0,286.0,48.0,425.0,95.0,1082.0
              Maria,2005,9,8,60,37.9,-49.0,hurricane,1.0,65,985,375,135,0,MARIA,AL142005,2005-09-08 06:00:00,2005-09-08 06:00:00,257.0,0.0,324.0,47.0,431.0,91.0,1028.0
              Maria,2005,9,8,12,38.7,-48.0,hurricane,1.0,65,985,400,75,0,MARIA,AL142005,2005-09-08 12:00:00,2005-09-08 12:00:00,253.0,0.0,409.0,48.0,453.0,89.0,976.0
              Maria,2005,9,8,18,39.1,-47.2,hurricane,1.0,65,985,400,75,0,MARIA,AL142005,2005-09-08 18:00:00,2005-09-08 18:00:00,248.0,0.0,349.0,48.0,453.0,86.0,966.0
               Nate,2005,9,7,12,28.9,-66.2,hurricane,1.0,65,987,180,40,0,NATE,AL152005,2005-09-07 12:00:00,2005-09-07 12:00:00,286.0,24.0,236.0,56.0,531.0,139.0,1086.0
               Nate,2005,9,7,18,29.3,-66.0,hurricane,1.0,70,985,180,40,0,NATE,AL152005,2005-09-07 18:00:00,2005-09-07 18:00:00,283.0,24.0,263.0,58.0,557.0,141.0,1132.0
               Nate,2005,9,8,0,29.6,-65.7,hurricane,1.0,75,984,180,40,0,NATE,AL152005,2005-09-08 00:00:00,2005-09-08 00:00:00,283.0,24.0,233.0,57.0,559.0,143.0,1154.0
               Nate,2005,9,8,60,30.0,-65.0,hurricane,1.0,75,982,180,40,0,NATE,AL152005,2005-09-08 06:00:00,2005-09-08 06:00:00,280.0,24.0,195.0,53.0,556.0,135.0,1183.0
               Nate,2005,9,8,12,30.5,-63.8,hurricane,1.0,75,982,180,40,0,NATE,AL152005,2005-09-08 12:00:00,2005-09-08 12:00:00,281.0,24.0,225.0,49.0,577.0,122.0,1250.0
               Nate,2005,9,8,18,31.4,-62.7,hurricane,1.0,75,982,180,40,0,NATE,AL152005,2005-09-08 18:00:00,2005-09-08 18:00:00,278.0,20.0,221.0,44.0,541.0,109.0,1296.0
               Nate,2005,9,9,0,32.6,-61.1,hurricane,1.0,80,979,300,45,0,NATE,AL152005,2005-09-09 00:00:00,2005-09-09 00:00:00,274.0,17.0,307.0,43.0,501.0,98.0,1276.0
               Nate,2005,9,9,60,33.4,-59.1,hurricane,1.0,70,985,330,100,0,NATE,AL152005,2005-09-09 06:00:00,2005-09-09 06:00:00,271.0,9.0,299.0,38.0,467.0,93.0,1257.0
               Nate,2005,9,9,12,34.0,-55.8,hurricane,1.0,65,986,330,45,0,NATE,AL152005,2005-09-09 12:00:00,2005-09-09 12:00:00,267.0,4.0,294.0,37.0,449.0,83.0,1330.0
            Ophelia,2005,9,9,0,28.6,-79.3,hurricane,1.0,65,990,120,20,0,OPHELIA,AL162005,2005-09-09 00:00:00,2005-09-09 00:00:00,289.0,69.0,152.0,38.0,542.0,159.0,134.0
            Ophelia,2005,9,9,18,29.8,-78.5,hurricane,1.0,65,983,140,25,0,OPHELIA,AL162005,2005-09-09 18:00:00,2005-09-09 18:00:00,287.0,63.0,215.0,41.0,518.0,154.0,247.0
            Ophelia,2005,9,10,12,31.5,-76.6,hurricane,1.0,65,976,225,25,0,OPHELIA,AL162005,2005-09-10 12:00:00,2005-09-10 12:00:00,283.0,48.0,166.0,41.0,487.0,132.0,299.0
            Ophelia,2005,9,10,18,31.7,-76.2,hurricane,1.0,70,977,240,25,0,OPHELIA,AL162005,2005-09-10 18:00:00,2005-09-10 18:00:00,283.0,42.0,182.0,44.0,490.0,133.0,298.0
            Ophelia,2005,9,11,0,31.8,-75.9,hurricane,1.0,70,977,240,55,0,OPHELIA,AL162005,2005-09-11 00:00:00,2005-09-11 00:00:00,281.0,43.0,169.0,47.0,491.0,124.0,307.0
            Ophelia,2005,9,11,60,31.7,-75.9,hurricane,1.0,75,978,260,55,0,OPHELIA,AL162005,2005-09-11 06:00:00,2005-09-11 06:00:00,281.0,42.0,123.0,42.0,490.0,135.0,315.0
            Ophelia,2005,9,11,12,31.6,-75.7,hurricane,1.0,70,978,260,55,0,OPHELIA,AL162005,2005-09-11 12:00:00,2005-09-11 12:00:00,281.0,36.0,153.0,45.0,498.0,138.0,336.0
            Ophelia,2005,9,11,18,31.4,-75.9,hurricane,1.0,65,978,280,50,0,OPHELIA,AL162005,2005-09-11 18:00:00,2005-09-11 18:00:00,281.0,42.0,158.0,44.0,510.0,140.0,342.0
            Ophelia,2005,9,14,0,32.6,-78.1,hurricane,1.0,65,985,220,75,0,OPHELIA,AL162005,2005-09-14 00:00:00,2005-09-14 00:00:00,280.0,61.0,87.0,39.0,504.0,129.0,128.0
            Ophelia,2005,9,14,60,32.9,-78.0,hurricane,1.0,70,980,220,75,0,OPHELIA,AL162005,2005-09-14 06:00:00,2005-09-14 06:00:00,281.0,51.0,71.0,38.0,500.0,121.0,111.0
            Ophelia,2005,9,14,12,33.4,-77.7,hurricane,1.0,75,980,220,75,0,OPHELIA,AL162005,2005-09-14 12:00:00,2005-09-14 12:00:00,276.0,43.0,104.0,43.0,490.0,114.0,64.0
            Ophelia,2005,9,14,18,33.9,-77.5,hurricane,1.0,75,979,220,75,0,OPHELIA,AL162005,2005-09-14 18:00:00,2005-09-14 18:00:00,276.0,31.0,145.0,47.0,469.0,111.0,40.0
            Ophelia,2005,9,15,0,34.2,-76.9,hurricane,1.0,75,979,220,65,0,OPHELIA,AL162005,2005-09-15 00:00:00,2005-09-15 00:00:00,268.0,41.0,167.0,45.0,477.0,108.0,57.0
            Ophelia,2005,9,15,60,34.5,-76.3,hurricane,1.0,70,982,220,65,0,OPHELIA,AL162005,2005-09-15 06:00:00,2005-09-15 06:00:00,268.0,46.0,120.0,44.0,495.0,104.0,35.0
            Ophelia,2005,9,15,12,34.7,-75.8,hurricane,1.0,65,984,220,65,0,OPHELIA,AL162005,2005-09-15 12:00:00,2005-09-15 12:00:00,270.0,52.0,87.0,45.0,485.0,107.0,56.0
            Ophelia,2005,9,15,18,34.7,-75.6,hurricane,1.0,65,986,220,35,0,OPHELIA,AL162005,2005-09-15 18:00:00,2005-09-15 18:00:00,270.0,47.0,148.0,47.0,477.0,109.0,72.0
           Philippe,2005,9,19,0,16.2,-55.8,hurricane,1.0,65,987,110,15,0,PHILIPPE,AL172005,2005-09-19 00:00:00,2005-09-19 00:00:00,284.0,66.0,285.0,66.0,558.0,155.0,516.0
           Philippe,2005,9,19,60,16.7,-55.9,hurricane,1.0,65,987,100,15,0,PHILIPPE,AL172005,2005-09-19 06:00:00,2005-09-19 06:00:00,284.0,67.0,279.0,67.0,551.0,153.0,546.0
           Philippe,2005,9,19,12,17.2,-56.2,hurricane,1.0,65,987,100,15,0,PHILIPPE,AL172005,2005-09-19 12:00:00,2005-09-19 12:00:00,285.0,67.0,261.0,70.0,574.0,156.0,564.0
           Philippe,2005,9,19,18,17.5,-56.4,hurricane,1.0,65,987,105,15,0,PHILIPPE,AL172005,2005-09-19 18:00:00,2005-09-19 18:00:00,285.0,69.0,310.0,71.0,582.0,155.0,560.0
           Philippe,2005,9,20,0,17.7,-56.6,hurricane,1.0,70,985,105,15,0,PHILIPPE,AL172005,2005-09-20 00:00:00,2005-09-20 00:00:00,285.0,69.0,239.0,70.0,594.0,157.0,541.0
           Philippe,2005,9,20,60,17.9,-56.8,hurricane,1.0,65,987,140,15,0,PHILIPPE,AL172005,2005-09-20 06:00:00,2005-09-20 06:00:00,285.0,69.0,196.0,70.0,587.0,153.0,523.0
               Rita,2005,9,20,12,23.7,-80.3,hurricane,1.0,70,985,180,25,0,RITA,AL182005,2005-09-20 12:00:00,2005-09-20 12:00:00,293.0,115.0,113.0,53.0,610.0,144.0,78.0
               Rita,2005,9,20,18,23.9,-81.6,hurricane,2.0,85,975,205,65,0,RITA,AL182005,2005-09-20 18:00:00,2005-09-20 18:00:00,293.0,101.0,104.0,52.0,604.0,146.0,85.0
               Rita,2005,9,21,0,24.1,-82.7,hurricane,2.0,95,967,205,65,0,RITA,AL182005,2005-09-21 00:00:00,2005-09-21 00:00:00,293.0,95.0,122.0,55.0,600.0,149.0,110.0
               Rita,2005,9,21,60,24.2,-84.0,hurricane,3.0,110,955,205,70,1,RITA,AL182005,2005-09-21 06:00:00,2005-09-21 06:00:00,293.0,117.0,74.0,54.0,581.0,144.0,153.0
               Rita,2005,9,21,12,24.2,-85.2,hurricane,4.0,120,941,240,80,1,RITA,AL182005,2005-09-21 12:00:00,2005-09-21 12:00:00,293.0,122.0,131.0,58.0,594.0,143.0,208.0
               Rita,2005,9,21,18,24.3,-86.2,hurricane,5.0,145,920,275,100,1,RITA,AL182005,2005-09-21 18:00:00,2005-09-21 18:00:00,292.0,84.0,116.0,59.0,602.0,144.0,283.0
               Rita,2005,9,22,0,24.5,-86.9,hurricane,5.0,150,897,300,110,1,RITA,AL182005,2005-09-22 00:00:00,2005-09-22 00:00:00,292.0,53.0,133.0,56.0,614.0,147.0,320.0
               Rita,2005,9,22,60,24.8,-87.6,hurricane,5.0,155,897,300,110,1,RITA,AL182005,2005-09-22 06:00:00,2005-09-22 06:00:00,292.0,52.0,126.0,55.0,620.0,141.0,356.0
               Rita,2005,9,22,12,25.2,-88.3,hurricane,5.0,140,908,300,150,1,RITA,AL182005,2005-09-22 12:00:00,2005-09-22 12:00:00,292.0,50.0,196.0,55.0,622.0,139.0,399.0
               Rita,2005,9,22,18,25.6,-89.1,hurricane,4.0,125,913,280,110,1,RITA,AL182005,2005-09-22 18:00:00,2005-09-22 18:00:00,293.0,56.0,224.0,50.0,632.0,144.0,382.0
               Rita,2005,9,23,0,26.0,-89.9,hurricane,4.0,120,915,290,110,1,RITA,AL182005,2005-09-23 00:00:00,2005-09-23 00:00:00,290.0,59.0,168.0,49.0,619.0,147.0,346.0
               Rita,2005,9,23,60,26.5,-90.7,hurricane,4.0,115,924,300,115,1,RITA,AL182005,2005-09-23 06:00:00,2005-09-23 06:00:00,290.0,54.0,206.0,51.0,609.0,136.0,292.0
               Rita,2005,9,23,12,27.1,-91.5,hurricane,4.0,115,927,310,120,1,RITA,AL182005,2005-09-23 12:00:00,2005-09-23 12:00:00,287.0,46.0,255.0,51.0,614.0,140.0,236.0
               Rita,2005,9,23,18,27.8,-92.3,hurricane,3.0,110,930,310,120,1,RITA,AL182005,2005-09-23 18:00:00,2005-09-23 18:00:00,287.0,39.0,270.0,48.0,621.0,150.0,194.0
               Rita,2005,9,24,0,28.6,-93.0,hurricane,3.0,105,931,300,120,1,RITA,AL182005,2005-09-24 00:00:00,2005-09-24 00:00:00,284.0,38.0,266.0,51.0,612.0,145.0,119.0
               Rita,2005,9,24,60,29.4,-93.6,hurricane,3.0,100,935,300,120,1,RITA,AL182005,2005-09-24 06:00:00,2005-09-24 06:00:00,282.0,29.0,233.0,51.0,583.0,97.0,38.0
               Stan,2005,10,4,60,19.2,-94.1,hurricane,1.0,65,987,165,30,0,STAN,AL202005,2005-10-04 06:00:00,2005-10-04 06:00:00,287.0,34.0,133.0,84.0,660.0,136.0,100.0
               Stan,2005,10,4,12,18.6,-94.9,hurricane,1.0,70,977,165,30,0,STAN,AL202005,2005-10-04 12:00:00,2005-10-04 12:00:00,287.0,35.0,85.0,87.0,665.0,137.0,7.0
              Vince,2005,10,9,18,34.1,-18.9,hurricane,1.0,65,988,140,30,0,VINCE,AL242005,2005-10-09 18:00:00,2005-10-09 18:00:00,228.0,0.0,220.0,48.0,379.0,70.0,890.0
              Wilma,2005,10,18,12,16.2,-80.3,hurricane,1.0,65,979,180,30,0,WILMA,AL252005,2005-10-18 12:00:00,2005-10-18 12:00:00,292.0,66.0,38.0,75.0,634.0,149.0,307.0
              Wilma,2005,10,18,18,16.6,-81.1,hurricane,1.0,75,975,195,30,0,WILMA,AL252005,2005-10-18 18:00:00,2005-10-18 18:00:00,291.0,73.0,43.0,74.0,637.0,152.0,281.0
              Wilma,2005,10,19,0,16.6,-81.8,hurricane,4.0,130,946,225,30,1,WILMA,AL252005,2005-10-19 00:00:00,2005-10-19 00:00:00,291.0,77.0,51.0,71.0,655.0,157.0,226.0
              Wilma,2005,10,19,60,17.0,-82.2,hurricane,5.0,150,892,230,45,1,WILMA,AL252005,2005-10-19 06:00:00,2005-10-19 06:00:00,291.0,79.0,81.0,69.0,659.0,148.0,232.0
              Wilma,2005,10,19,12,17.3,-82.8,hurricane,5.0,160,882,265,65,1,WILMA,AL252005,2005-10-19 12:00:00,2005-10-19 12:00:00,291.0,74.0,92.0,67.0,647.0,151.0,226.0
              Wilma,2005,10,19,18,17.4,-83.4,hurricane,5.0,140,892,350,90,1,WILMA,AL252005,2005-10-19 18:00:00,2005-10-19 18:00:00,290.0,71.0,95.0,65.0,641.0,156.0,197.0
              Wilma,2005,10,20,0,17.9,-84.0,hurricane,4.0,135,892,350,100,1,WILMA,AL252005,2005-10-20 00:00:00,2005-10-20 00:00:00,290.0,71.0,55.0,67.0,633.0,157.0,232.0
              Wilma,2005,10,20,60,18.1,-84.7,hurricane,4.0,130,901,350,100,1,WILMA,AL252005,2005-10-20 06:00:00,2005-10-20 06:00:00,292.0,70.0,70.0,69.0,626.0,148.0,236.0
              Wilma,2005,10,20,12,18.3,-85.2,hurricane,4.0,130,910,325,150,1,WILMA,AL252005,2005-10-20 12:00:00,2005-10-20 12:00:00,292.0,74.0,115.0,66.0,629.0,145.0,257.0
              Wilma,2005,10,20,18,18.6,-85.5,hurricane,4.0,130,917,325,150,1,WILMA,AL252005,2005-10-20 18:00:00,2005-10-20 18:00:00,292.0,72.0,126.0,62.0,630.0,144.0,221.0
              Wilma,2005,10,21,0,19.1,-85.8,hurricane,4.0,130,924,325,150,1,WILMA,AL252005,2005-10-21 00:00:00,2005-10-21 00:00:00,291.0,78.0,106.0,63.0,634.0,146.0,176.0
              Wilma,2005,10,21,60,19.5,-86.1,hurricane,4.0,130,930,325,150,1,WILMA,AL252005,2005-10-21 06:00:00,2005-10-21 06:00:00,288.0,87.0,59.0,61.0,628.0,137.0,138.0
              Wilma,2005,10,21,12,20.1,-86.4,hurricane,4.0,125,929,325,150,1,WILMA,AL252005,2005-10-21 12:00:00,2005-10-21 12:00:00,287.0,88.0,44.0,61.0,640.0,136.0,90.0
              Wilma,2005,10,21,18,20.3,-86.7,hurricane,4.0,120,926,325,150,1,WILMA,AL252005,2005-10-21 18:00:00,2005-10-21 18:00:00,287.0,89.0,82.0,61.0,640.0,140.0,52.0
              Wilma,2005,10,22,0,20.6,-86.8,hurricane,4.0,120,930,325,150,1,WILMA,AL252005,2005-10-22 00:00:00,2005-10-22 00:00:00,286.0,79.0,90.0,62.0,643.0,137.0,23.0
              Wilma,2005,10,23,0,21.6,-87.0,hurricane,2.0,85,960,325,120,0,WILMA,AL252005,2005-10-23 00:00:00,2005-10-23 00:00:00,285.0,58.0,186.0,54.0,638.0,146.0,2.0
              Wilma,2005,10,23,60,21.8,-86.8,hurricane,2.0,85,962,350,100,0,WILMA,AL252005,2005-10-23 06:00:00,2005-10-23 06:00:00,285.0,41.0,195.0,53.0,634.0,137.0,32.0
              Wilma,2005,10,23,12,22.4,-86.1,hurricane,2.0,85,961,375,100,0,WILMA,AL252005,2005-10-23 12:00:00,2005-10-23 12:00:00,283.0,76.0,290.0,55.0,606.0,141.0,130.0
              Wilma,2005,10,23,18,23.1,-85.4,hurricane,2.0,90,963,350,125,0,WILMA,AL252005,2005-10-23 18:00:00,2005-10-23 18:00:00,283.0,94.0,283.0,56.0,600.0,127.0,134.0
              Wilma,2005,10,24,0,24.0,-84.3,hurricane,2.0,95,958,350,125,0,WILMA,AL252005,2005-10-24 00:00:00,2005-10-24 00:00:00,281.0,104.0,330.0,56.0,601.0,112.0,143.0
              Wilma,2005,10,24,60,25.0,-83.1,hurricane,3.0,110,953,375,150,1,WILMA,AL252005,2005-10-24 06:00:00,2005-10-24 06:00:00,276.0,38.0,388.0,50.0,588.0,105.0,178.0
              Wilma,2005,10,24,18,28.0,-78.8,hurricane,3.0,105,955,400,150,1,WILMA,AL252005,2005-10-24 18:00:00,2005-10-24 18:00:00,274.0,40.0,489.0,55.0,499.0,81.0,161.0
              Wilma,2005,10,25,0,30.1,-76.0,hurricane,3.0,110,955,450,150,1,WILMA,AL252005,2005-10-25 00:00:00,2005-10-25 00:00:00,261.0,5.0,557.0,57.0,504.0,64.0,457.0
              Wilma,2005,10,25,60,33.3,-72.0,hurricane,3.0,100,963,575,135,1,WILMA,AL252005,2005-10-25 06:00:00,2005-10-25 06:00:00,249.0,0.0,650.0,60.0,547.0,29.0,429.0
               Beta,2005,10,29,60,13.6,-81.4,hurricane,1.0,70,985,90,30,0,BETA,AL272005,2005-10-29 06:00:00,2005-10-29 06:00:00,289.0,46.0,100.0,73.0,625.0,154.0,208.0
               Beta,2005,10,29,12,13.7,-81.6,hurricane,1.0,75,982,100,30,0,BETA,AL272005,2005-10-29 12:00:00,2005-10-29 12:00:00,289.0,46.0,131.0,70.0,620.0,156.0,184.0
               Beta,2005,10,29,18,13.7,-82.1,hurricane,1.0,75,980,100,30,0,BETA,AL272005,2005-10-29 18:00:00,2005-10-29 18:00:00,288.0,49.0,151.0,73.0,623.0,160.0,135.0
               Beta,2005,10,30,0,13.6,-82.6,hurricane,2.0,90,970,100,30,0,BETA,AL272005,2005-10-30 00:00:00,2005-10-30 00:00:00,288.0,51.0,131.0,73.0,625.0,165.0,97.0
               Beta,2005,10,30,60,13.3,-83.1,hurricane,3.0,100,962,100,30,1,BETA,AL272005,2005-10-30 06:00:00,2005-10-30 06:00:00,288.0,50.0,110.0,74.0,613.0,156.0,50.0
               Beta,2005,10,30,12,12.9,-83.5,hurricane,2.0,90,970,100,30,0,BETA,AL272005,2005-10-30 12:00:00,2005-10-30 12:00:00,288.0,46.0,129.0,73.0,603.0,150.0,0.0
            Epsilon,2005,12,2,18,33.9,-47.9,hurricane,1.0,65,987,180,30,0,EPSILON,AL302005,2005-12-02 18:00:00,2005-12-02 18:00:00,221.0,0.0,254.0,52.0,382.0,70.0,1483.0
            Epsilon,2005,12,3,0,34.3,-47.1,hurricane,1.0,65,987,200,30,0,EPSILON,AL302005,2005-12-03 00:00:00,2005-12-03 00:00:00,217.0,0.0,262.0,51.0,388.0,67.0,1462.0
            Epsilon,2005,12,3,60,34.5,-46.2,hurricane,1.0,65,987,200,30,0,EPSILON,AL302005,2005-12-03 06:00:00,2005-12-03 06:00:00,216.0,0.0,262.0,48.0,377.0,69.0,1469.0
            Epsilon,2005,12,3,12,34.5,-45.0,hurricane,1.0,65,987,200,30,0,EPSILON,AL302005,2005-12-03 12:00:00,2005-12-03 12:00:00,216.0,0.0,311.0,48.0,372.0,73.0,1512.0
            Epsilon,2005,12,3,18,34.5,-43.7,hurricane,1.0,65,987,200,40,0,EPSILON,AL302005,2005-12-03 18:00:00,2005-12-03 18:00:00,215.0,0.0,331.0,48.0,365.0,72.0,1565.0
            Epsilon,2005,12,4,0,34.3,-42.3,hurricane,1.0,65,987,190,25,0,EPSILON,AL302005,2005-12-04 00:00:00,2005-12-04 00:00:00,213.0,0.0,299.0,49.0,366.0,71.0,1647.0
            Epsilon,2005,12,4,60,34.4,-41.1,hurricane,1.0,65,987,175,20,0,EPSILON,AL302005,2005-12-04 06:00:00,2005-12-04 06:00:00,213.0,0.0,303.0,45.0,357.0,67.0,1696.0
            Epsilon,2005,12,4,12,34.3,-39.8,hurricane,1.0,70,984,175,20,0,EPSILON,AL302005,2005-12-04 12:00:00,2005-12-04 12:00:00,211.0,0.0,362.0,46.0,366.0,68.0,1773.0
            Epsilon,2005,12,4,18,34.3,-38.8,hurricane,1.0,70,985,175,20,0,EPSILON,AL302005,2005-12-04 18:00:00,2005-12-04 18:00:00,211.0,0.0,350.0,43.0,351.0,68.0,1828.0
            Epsilon,2005,12,5,0,34.2,-37.8,hurricane,1.0,70,985,175,20,0,EPSILON,AL302005,2005-12-05 00:00:00,2005-12-05 00:00:00,210.0,0.0,311.0,44.0,356.0,72.0,1893.0
            Epsilon,2005,12,5,60,34.0,-36.7,hurricane,1.0,75,981,175,20,0,EPSILON,AL302005,2005-12-05 06:00:00,2005-12-05 06:00:00,210.0,0.0,307.0,41.0,348.0,72.0,1975.0
            Epsilon,2005,12,5,12,33.8,-35.5,hurricane,1.0,75,981,175,20,0,EPSILON,AL302005,2005-12-05 12:00:00,2005-12-05 12:00:00,214.0,0.0,319.0,37.0,354.0,74.0,2065.0
            Epsilon,2005,12,5,18,33.7,-34.6,hurricane,1.0,70,985,175,20,0,EPSILON,AL302005,2005-12-05 18:00:00,2005-12-05 18:00:00,213.0,0.0,259.0,34.0,345.0,77.0,2110.0
            Epsilon,2005,12,6,0,33.4,-33.8,hurricane,1.0,65,986,175,20,0,EPSILON,AL302005,2005-12-06 00:00:00,2005-12-06 00:00:00,213.0,0.0,274.0,32.0,339.0,81.0,2029.0
            Epsilon,2005,12,6,60,33.1,-33.7,hurricane,1.0,65,986,210,45,0,EPSILON,AL302005,2005-12-06 06:00:00,2005-12-06 06:00:00,213.0,0.0,270.0,32.0,328.0,85.0,2010.0
            Epsilon,2005,12,6,12,32.3,-33.7,hurricane,1.0,65,987,220,25,0,EPSILON,AL302005,2005-12-06 12:00:00,2005-12-06 12:00:00,217.0,0.0,317.0,27.0,331.0,87.0,1984.0
            Epsilon,2005,12,6,18,31.6,-34.2,hurricane,1.0,65,987,215,30,0,EPSILON,AL302005,2005-12-06 18:00:00,2005-12-06 18:00:00,221.0,0.0,304.0,29.0,321.0,96.0,2010.0
            Epsilon,2005,12,7,0,30.8,-34.9,hurricane,1.0,65,987,205,55,0,EPSILON,AL302005,2005-12-07 00:00:00,2005-12-07 00:00:00,225.0,0.0,267.0,26.0,314.0,86.0,2041.0
            Epsilon,2005,12,7,60,30.1,-36.0,hurricane,1.0,65,987,230,50,0,EPSILON,AL302005,2005-12-07 06:00:00,2005-12-07 06:00:00,226.0,0.0,350.0,25.0,321.0,85.0,2111.0
            Epsilon,2005,12,7,12,29.4,-37.1,hurricane,1.0,65,987,240,25,0,EPSILON,AL302005,2005-12-07 12:00:00,2005-12-07 12:00:00,231.0,0.0,358.0,25.0,323.0,84.0,2187.0
            Ernesto,2006,8,27,60,16.9,-72.7,hurricane,1.0,65,992,120,10,0,ERNESTO,AL062006,2006-08-27 06:00:00,2006-08-27 06:00:00,287.0,76.0,104.0,70.0,617.0,139.0,140.0
           Florence,2006,9,10,60,27.1,-65.3,hurricane,1.0,70,980,345,40,0,FLORENCE,AL072006,2006-09-10 06:00:00,2006-09-10 06:00:00,286.0,31.0,120.0,61.0,590.0,135.0,932.0
           Florence,2006,9,10,12,28.1,-65.9,hurricane,1.0,75,978,360,40,0,FLORENCE,AL072006,2006-09-10 12:00:00,2006-09-10 12:00:00,285.0,26.0,129.0,60.0,594.0,134.0,1025.0
           Florence,2006,9,10,18,29.3,-66.1,hurricane,1.0,80,976,380,55,0,FLORENCE,AL072006,2006-09-10 18:00:00,2006-09-10 18:00:00,283.0,24.0,191.0,60.0,594.0,131.0,1126.0
           Florence,2006,9,11,0,30.4,-66.2,hurricane,1.0,80,975,400,75,0,FLORENCE,AL072006,2006-09-11 00:00:00,2006-09-11 00:00:00,280.0,22.0,229.0,59.0,587.0,121.0,1062.0
           Florence,2006,9,11,60,31.3,-66.2,hurricane,1.0,70,977,350,85,0,FLORENCE,AL072006,2006-09-11 06:00:00,2006-09-11 06:00:00,277.0,17.0,224.0,52.0,583.0,107.0,1007.0
           Florence,2006,9,11,12,32.4,-65.7,hurricane,1.0,75,974,350,90,0,FLORENCE,AL072006,2006-09-11 12:00:00,2006-09-11 12:00:00,274.0,15.0,340.0,49.0,572.0,92.0,992.0
           Florence,2006,9,11,18,33.6,-65.0,hurricane,1.0,75,974,475,90,0,FLORENCE,AL072006,2006-09-11 18:00:00,2006-09-11 18:00:00,272.0,14.0,350.0,47.0,554.0,90.0,999.0
           Florence,2006,9,12,0,34.9,-64.1,hurricane,1.0,70,975,600,90,0,FLORENCE,AL072006,2006-09-12 00:00:00,2006-09-12 00:00:00,268.0,13.0,358.0,46.0,521.0,89.0,911.0
           Florence,2006,9,12,60,36.3,-63.2,hurricane,1.0,65,976,630,90,0,FLORENCE,AL072006,2006-09-12 06:00:00,2006-09-12 06:00:00,265.0,15.0,361.0,40.0,478.0,88.0,829.0
             Gordon,2006,9,13,0,24.0,-58.1,hurricane,1.0,65,987,100,20,0,GORDON,AL082006,2006-09-13 00:00:00,2006-09-13 00:00:00,286.0,40.0,128.0,64.0,531.0,150.0,799.0
             Gordon,2006,9,13,60,24.7,-58.0,hurricane,1.0,70,984,125,20,0,GORDON,AL082006,2006-09-13 06:00:00,2006-09-13 06:00:00,285.0,39.0,136.0,62.0,516.0,149.0,872.0
             Gordon,2006,9,13,12,25.6,-57.9,hurricane,1.0,80,980,160,40,0,GORDON,AL082006,2006-09-13 12:00:00,2006-09-13 12:00:00,285.0,39.0,193.0,60.0,513.0,144.0,966.0
             Gordon,2006,9,13,18,26.5,-57.7,hurricane,2.0,95,965,175,50,0,GORDON,AL082006,2006-09-13 18:00:00,2006-09-13 18:00:00,285.0,35.0,213.0,58.0,518.0,143.0,1062.0
             Gordon,2006,9,14,0,27.3,-57.4,hurricane,3.0,105,955,205,50,1,GORDON,AL082006,2006-09-14 00:00:00,2006-09-14 00:00:00,284.0,31.0,238.0,56.0,527.0,140.0,1153.0
             Gordon,2006,9,14,60,28.2,-56.8,hurricane,3.0,105,956,205,50,1,GORDON,AL082006,2006-09-14 06:00:00,2006-09-14 06:00:00,283.0,28.0,236.0,53.0,531.0,133.0,1269.0
             Gordon,2006,9,14,12,29.1,-56.2,hurricane,3.0,105,956,210,50,1,GORDON,AL082006,2006-09-14 12:00:00,2006-09-14 12:00:00,281.0,23.0,236.0,50.0,543.0,129.0,1386.0
             Gordon,2006,9,14,18,29.8,-55.4,hurricane,3.0,105,958,210,50,1,GORDON,AL082006,2006-09-14 18:00:00,2006-09-14 18:00:00,280.0,17.0,206.0,50.0,529.0,124.0,1493.0
             Gordon,2006,9,15,0,30.3,-54.6,hurricane,3.0,100,960,210,50,1,GORDON,AL082006,2006-09-15 00:00:00,2006-09-15 00:00:00,278.0,15.0,229.0,48.0,521.0,112.0,1580.0
             Gordon,2006,9,15,60,30.8,-53.8,hurricane,2.0,95,965,195,50,0,GORDON,AL082006,2006-09-15 06:00:00,2006-09-15 06:00:00,278.0,12.0,168.0,47.0,496.0,120.0,1666.0
             Gordon,2006,9,15,12,31.1,-53.5,hurricane,2.0,85,973,180,50,0,GORDON,AL082006,2006-09-15 12:00:00,2006-09-15 12:00:00,275.0,13.0,165.0,47.0,476.0,121.0,1708.0
             Gordon,2006,9,15,18,31.1,-53.5,hurricane,1.0,80,976,180,50,0,GORDON,AL082006,2006-09-15 18:00:00,2006-09-15 18:00:00,275.0,13.0,177.0,46.0,480.0,122.0,1708.0
             Gordon,2006,9,16,0,31.1,-53.5,hurricane,1.0,75,980,180,40,0,GORDON,AL082006,2006-09-16 00:00:00,2006-09-16 00:00:00,275.0,13.0,139.0,47.0,484.0,108.0,1708.0
             Gordon,2006,9,16,60,31.2,-53.6,hurricane,1.0,70,983,180,40,0,GORDON,AL082006,2006-09-16 06:00:00,2006-09-16 06:00:00,275.0,13.0,107.0,45.0,463.0,121.0,1694.0
             Gordon,2006,9,16,12,31.3,-53.8,hurricane,1.0,65,987,180,40,0,GORDON,AL082006,2006-09-16 12:00:00,2006-09-16 12:00:00,275.0,9.0,132.0,50.0,466.0,118.0,1677.0
             Gordon,2006,9,16,18,31.5,-53.9,hurricane,1.0,65,987,180,40,0,GORDON,AL082006,2006-09-16 18:00:00,2006-09-16 18:00:00,275.0,9.0,139.0,51.0,466.0,115.0,1652.0
             Gordon,2006,9,17,0,31.9,-53.8,hurricane,1.0,65,987,190,40,0,GORDON,AL082006,2006-09-17 00:00:00,2006-09-17 00:00:00,274.0,6.0,107.0,54.0,474.0,110.0,1614.0
             Gordon,2006,9,17,60,32.4,-53.7,hurricane,1.0,65,987,190,40,0,GORDON,AL082006,2006-09-17 06:00:00,2006-09-17 06:00:00,271.0,4.0,130.0,56.0,463.0,102.0,1566.0
             Gordon,2006,9,17,12,33.3,-53.3,hurricane,1.0,70,983,180,40,0,GORDON,AL082006,2006-09-17 12:00:00,2006-09-17 12:00:00,268.0,2.0,137.0,59.0,454.0,97.0,1480.0
             Gordon,2006,9,17,18,34.1,-52.9,hurricane,1.0,70,983,180,40,0,GORDON,AL082006,2006-09-17 18:00:00,2006-09-17 18:00:00,265.0,1.0,170.0,56.0,473.0,94.0,1392.0
             Gordon,2006,9,18,0,35.0,-52.1,hurricane,1.0,75,981,160,40,0,GORDON,AL082006,2006-09-18 00:00:00,2006-09-18 00:00:00,261.0,0.0,160.0,56.0,485.0,92.0,1296.0
             Gordon,2006,9,18,60,36.1,-50.6,hurricane,1.0,75,979,160,40,0,GORDON,AL082006,2006-09-18 06:00:00,2006-09-18 06:00:00,257.0,0.0,246.0,49.0,477.0,79.0,1190.0
             Gordon,2006,9,18,12,36.9,-48.7,hurricane,1.0,80,976,160,50,0,GORDON,AL082006,2006-09-18 12:00:00,2006-09-18 12:00:00,256.0,0.0,263.0,47.0,472.0,79.0,1142.0
             Gordon,2006,9,18,18,37.5,-46.3,hurricane,2.0,85,972,160,55,0,GORDON,AL082006,2006-09-18 18:00:00,2006-09-18 18:00:00,252.0,0.0,272.0,44.0,482.0,74.0,1160.0
             Gordon,2006,9,19,0,38.0,-43.3,hurricane,2.0,85,972,160,60,0,GORDON,AL082006,2006-09-19 00:00:00,2006-09-19 00:00:00,245.0,0.0,240.0,49.0,462.0,71.0,1253.0
             Gordon,2006,9,19,60,38.1,-40.2,hurricane,2.0,90,970,210,60,0,GORDON,AL082006,2006-09-19 06:00:00,2006-09-19 06:00:00,243.0,0.0,222.0,47.0,427.0,65.0,1422.0
             Gordon,2006,9,19,12,38.0,-37.0,hurricane,1.0,80,977,250,60,0,GORDON,AL082006,2006-09-19 12:00:00,2006-09-19 12:00:00,239.0,0.0,324.0,50.0,410.0,61.0,1632.0
             Gordon,2006,9,19,18,37.8,-33.5,hurricane,1.0,75,979,250,60,0,GORDON,AL082006,2006-09-19 18:00:00,2006-09-19 18:00:00,240.0,0.0,342.0,50.0,399.0,61.0,1884.0
             Gordon,2006,9,20,0,37.7,-29.9,hurricane,1.0,70,980,225,60,0,GORDON,AL082006,2006-09-20 00:00:00,2006-09-20 00:00:00,233.0,0.0,309.0,52.0,406.0,67.0,1787.0
             Gordon,2006,9,20,60,37.6,-26.1,hurricane,1.0,70,980,270,55,0,GORDON,AL082006,2006-09-20 06:00:00,2006-09-20 06:00:00,230.0,0.0,339.0,54.0,393.0,64.0,1458.0
             Helene,2006,9,16,12,18.4,-45.3,hurricane,1.0,65,987,250,25,0,HELENE,AL092006,2006-09-16 12:00:00,2006-09-16 12:00:00,274.0,34.0,95.0,53.0,574.0,120.0,1619.0
             Helene,2006,9,16,18,18.9,-46.2,hurricane,1.0,65,986,250,25,0,HELENE,AL092006,2006-09-16 18:00:00,2006-09-16 18:00:00,275.0,35.0,143.0,52.0,563.0,123.0,1550.0
             Helene,2006,9,17,0,19.4,-47.1,hurricane,1.0,70,983,250,40,0,HELENE,AL092006,2006-09-17 00:00:00,2006-09-17 00:00:00,276.0,36.0,125.0,54.0,567.0,123.0,1487.0
             Helene,2006,9,17,60,19.9,-47.9,hurricane,1.0,75,979,250,40,0,HELENE,AL092006,2006-09-17 06:00:00,2006-09-17 06:00:00,276.0,38.0,126.0,56.0,558.0,119.0,1439.0
             Helene,2006,9,17,12,20.3,-48.4,hurricane,1.0,80,976,250,60,0,HELENE,AL092006,2006-09-17 12:00:00,2006-09-17 12:00:00,277.0,39.0,111.0,57.0,568.0,121.0,1417.0
             Helene,2006,9,17,18,20.8,-48.8,hurricane,2.0,90,970,250,65,0,HELENE,AL092006,2006-09-17 18:00:00,2006-09-17 18:00:00,277.0,39.0,120.0,57.0,575.0,124.0,1403.0
             Helene,2006,9,18,0,21.4,-49.1,hurricane,3.0,100,962,275,75,1,HELENE,AL092006,2006-09-18 00:00:00,2006-09-18 00:00:00,278.0,38.0,99.0,60.0,576.0,128.0,1389.0
             Helene,2006,9,18,60,22.0,-49.4,hurricane,3.0,105,955,275,75,1,HELENE,AL092006,2006-09-18 06:00:00,2006-09-18 06:00:00,278.0,38.0,82.0,55.0,568.0,130.0,1378.0
             Helene,2006,9,18,12,22.7,-49.7,hurricane,3.0,105,958,275,75,1,HELENE,AL092006,2006-09-18 12:00:00,2006-09-18 12:00:00,278.0,37.0,63.0,58.0,571.0,129.0,1376.0
             Helene,2006,9,18,18,23.6,-50.4,hurricane,2.0,95,962,300,90,0,HELENE,AL092006,2006-09-18 18:00:00,2006-09-18 18:00:00,280.0,40.0,68.0,54.0,568.0,134.0,1353.0
             Helene,2006,9,19,0,24.0,-51.0,hurricane,2.0,95,962,300,100,0,HELENE,AL092006,2006-09-19 00:00:00,2006-09-19 00:00:00,279.0,39.0,53.0,52.0,595.0,134.0,1321.0
             Helene,2006,9,19,60,24.3,-51.7,hurricane,2.0,95,960,350,100,0,HELENE,AL092006,2006-09-19 06:00:00,2006-09-19 06:00:00,280.0,36.0,84.0,52.0,562.0,130.0,1278.0
             Helene,2006,9,19,12,24.4,-52.5,hurricane,2.0,95,958,350,100,0,HELENE,AL092006,2006-09-19 12:00:00,2006-09-19 12:00:00,281.0,37.0,42.0,51.0,566.0,128.0,1217.0
             Helene,2006,9,19,18,24.4,-53.5,hurricane,2.0,90,956,350,80,0,HELENE,AL092006,2006-09-19 18:00:00,2006-09-19 18:00:00,282.0,37.0,77.0,52.0,577.0,130.0,1137.0
             Helene,2006,9,20,0,24.5,-54.4,hurricane,2.0,90,958,350,70,0,HELENE,AL092006,2006-09-20 00:00:00,2006-09-20 00:00:00,283.0,36.0,179.0,56.0,577.0,134.0,1076.0
             Helene,2006,9,20,60,24.9,-55.2,hurricane,2.0,90,958,350,70,0,HELENE,AL092006,2006-09-20 06:00:00,2006-09-20 06:00:00,283.0,33.0,96.0,52.0,573.0,131.0,1052.0
             Helene,2006,9,20,12,25.4,-56.0,hurricane,2.0,90,959,350,70,0,HELENE,AL092006,2006-09-20 12:00:00,2006-09-20 12:00:00,283.0,31.0,69.0,52.0,585.0,128.0,1045.0
             Helene,2006,9,20,18,25.9,-56.7,hurricane,1.0,80,960,350,70,0,HELENE,AL092006,2006-09-20 18:00:00,2006-09-20 18:00:00,284.0,31.0,50.0,53.0,562.0,126.0,1053.0
             Helene,2006,9,21,0,26.8,-57.0,hurricane,1.0,80,962,350,70,0,HELENE,AL092006,2006-09-21 00:00:00,2006-09-21 00:00:00,283.0,30.0,53.0,54.0,570.0,121.0,1125.0
             Helene,2006,9,21,60,27.8,-57.0,hurricane,1.0,75,964,355,70,0,HELENE,AL092006,2006-09-21 06:00:00,2006-09-21 06:00:00,282.0,27.0,68.0,55.0,578.0,116.0,1221.0
             Helene,2006,9,21,12,29.0,-57.0,hurricane,1.0,75,968,360,55,0,HELENE,AL092006,2006-09-21 12:00:00,2006-09-21 12:00:00,278.0,22.0,133.0,55.0,578.0,107.0,1337.0
             Helene,2006,9,21,18,30.2,-57.0,hurricane,1.0,75,970,380,55,0,HELENE,AL092006,2006-09-21 18:00:00,2006-09-21 18:00:00,275.0,16.0,208.0,53.0,582.0,103.0,1456.0
             Helene,2006,9,22,0,31.4,-56.6,hurricane,1.0,75,970,380,65,0,HELENE,AL092006,2006-09-22 00:00:00,2006-09-22 00:00:00,272.0,9.0,193.0,53.0,577.0,95.0,1560.0
             Helene,2006,9,22,60,32.5,-55.9,hurricane,1.0,70,970,380,65,0,HELENE,AL092006,2006-09-22 06:00:00,2006-09-22 06:00:00,268.0,4.0,236.0,46.0,550.0,87.0,1485.0
             Helene,2006,9,22,12,33.6,-55.1,hurricane,1.0,70,970,425,75,0,HELENE,AL092006,2006-09-22 12:00:00,2006-09-22 12:00:00,265.0,0.0,218.0,46.0,531.0,86.0,1394.0
             Helene,2006,9,22,18,34.9,-53.7,hurricane,1.0,70,968,425,80,0,HELENE,AL092006,2006-09-22 18:00:00,2006-09-22 18:00:00,262.0,0.0,185.0,40.0,496.0,87.0,1302.0
             Helene,2006,9,23,0,35.7,-51.7,hurricane,1.0,75,964,475,105,0,HELENE,AL092006,2006-09-23 00:00:00,2006-09-23 00:00:00,259.0,0.0,254.0,43.0,492.0,80.0,1222.0
             Helene,2006,9,23,60,36.4,-49.6,hurricane,1.0,80,962,525,135,0,HELENE,AL092006,2006-09-23 06:00:00,2006-09-23 06:00:00,254.0,0.0,263.0,42.0,462.0,76.0,1175.0
             Helene,2006,9,23,12,37.1,-47.5,hurricane,1.0,80,962,525,190,0,HELENE,AL092006,2006-09-23 12:00:00,2006-09-23 12:00:00,251.0,0.0,237.0,42.0,459.0,76.0,1157.0
             Helene,2006,9,23,18,37.7,-45.4,hurricane,1.0,75,963,525,190,0,HELENE,AL092006,2006-09-23 18:00:00,2006-09-23 18:00:00,249.0,0.0,231.0,41.0,450.0,69.0,1178.0
             Helene,2006,9,24,0,38.6,-43.2,hurricane,1.0,70,964,575,180,0,HELENE,AL092006,2006-09-24 00:00:00,2006-09-24 00:00:00,242.0,0.0,313.0,48.0,445.0,63.0,1205.0
              Isaac,2006,9,30,12,30.6,-58.5,hurricane,1.0,65,992,180,60,0,ISAAC,AL102006,2006-09-30 12:00:00,2006-09-30 12:00:00,272.0,12.0,215.0,57.0,470.0,114.0,1442.0
              Isaac,2006,9,30,18,31.3,-59.2,hurricane,1.0,70,989,180,60,0,ISAAC,AL102006,2006-09-30 18:00:00,2006-09-30 18:00:00,269.0,8.0,213.0,55.0,470.0,112.0,1470.0
              Isaac,2006,10,1,0,32.0,-59.8,hurricane,1.0,75,987,190,50,0,ISAAC,AL102006,2006-10-01 00:00:00,2006-10-01 00:00:00,265.0,7.0,233.0,57.0,484.0,104.0,1377.0
              Isaac,2006,10,1,60,32.8,-60.2,hurricane,1.0,75,985,190,40,0,ISAAC,AL102006,2006-10-01 06:00:00,2006-10-01 06:00:00,265.0,3.0,251.0,58.0,461.0,97.0,1280.0
              Isaac,2006,10,1,12,33.8,-60.3,hurricane,1.0,70,986,210,40,0,ISAAC,AL102006,2006-10-01 12:00:00,2006-10-01 12:00:00,262.0,0.0,353.0,63.0,449.0,86.0,1173.0
              Isaac,2006,10,1,18,35.2,-60.3,hurricane,1.0,70,987,210,40,0,ISAAC,AL102006,2006-10-01 18:00:00,2006-10-01 18:00:00,258.0,0.0,291.0,58.0,449.0,80.0,1029.0
              Isaac,2006,10,2,0,37.2,-59.6,hurricane,1.0,65,988,250,40,0,ISAAC,AL102006,2006-10-02 00:00:00,2006-10-02 00:00:00,255.0,0.0,363.0,64.0,466.0,4.0,863.0
              Isaac,2006,10,2,60,39.8,-58.0,hurricane,1.0,65,989,275,20,0,ISAAC,AL102006,2006-10-02 06:00:00,2006-10-02 06:00:00,250.0,0.0,399.0,65.0,434.0,0.0,657.0
               Dean,2007,8,16,60,13.2,-51.3,hurricane,1.0,70,984,105,20,0,DEAN,AL042007,2007-08-16 06:00:00,2007-08-16 06:00:00,279.0,48.0,163.0,56.0,569.0,132.0,873.0
               Dean,2007,8,16,12,13.5,-53.3,hurricane,1.0,80,972,150,30,0,DEAN,AL042007,2007-08-16 12:00:00,2007-08-16 12:00:00,281.0,57.0,144.0,56.0,586.0,136.0,663.0
               Dean,2007,8,16,18,13.8,-55.5,hurricane,1.0,80,972,195,40,0,DEAN,AL042007,2007-08-16 18:00:00,2007-08-16 18:00:00,283.0,62.0,173.0,57.0,584.0,135.0,430.0
               Dean,2007,8,17,0,14.0,-57.7,hurricane,1.0,80,976,195,40,0,DEAN,AL042007,2007-08-17 00:00:00,2007-08-17 00:00:00,284.0,67.0,165.0,59.0,573.0,135.0,209.0
               Dean,2007,8,17,60,14.2,-59.8,hurricane,1.0,80,975,210,40,0,DEAN,AL042007,2007-08-17 06:00:00,2007-08-17 06:00:00,285.0,63.0,87.0,63.0,573.0,129.0,99.0
               Dean,2007,8,17,12,14.4,-61.7,hurricane,2.0,90,967,260,40,0,DEAN,AL042007,2007-08-17 12:00:00,2007-08-17 12:00:00,287.0,63.0,96.0,62.0,568.0,132.0,66.0
               Dean,2007,8,17,18,14.8,-63.5,hurricane,3.0,110,961,280,45,1,DEAN,AL042007,2007-08-17 18:00:00,2007-08-17 18:00:00,287.0,64.0,110.0,62.0,579.0,136.0,232.0
               Dean,2007,8,18,0,14.9,-65.1,hurricane,4.0,125,944,300,80,1,DEAN,AL042007,2007-08-18 00:00:00,2007-08-18 00:00:00,287.0,65.0,138.0,61.0,570.0,142.0,311.0
               Dean,2007,8,18,60,15.0,-66.6,hurricane,5.0,145,929,300,80,1,DEAN,AL042007,2007-08-18 06:00:00,2007-08-18 06:00:00,287.0,63.0,63.0,67.0,576.0,141.0,329.0
               Dean,2007,8,18,12,15.4,-68.0,hurricane,5.0,145,923,300,85,1,DEAN,AL042007,2007-08-18 12:00:00,2007-08-18 12:00:00,287.0,65.0,52.0,63.0,576.0,136.0,295.0
               Dean,2007,8,18,18,15.9,-69.5,hurricane,4.0,130,930,300,90,1,DEAN,AL042007,2007-08-18 18:00:00,2007-08-18 18:00:00,287.0,68.0,98.0,62.0,610.0,137.0,269.0
               Dean,2007,8,19,0,16.1,-71.0,hurricane,4.0,120,920,280,90,1,DEAN,AL042007,2007-08-19 00:00:00,2007-08-19 00:00:00,287.0,72.0,70.0,60.0,585.0,140.0,176.0
               Dean,2007,8,19,60,16.4,-72.6,hurricane,4.0,120,921,280,90,1,DEAN,AL042007,2007-08-19 06:00:00,2007-08-19 06:00:00,286.0,72.0,31.0,62.0,581.0,132.0,188.0
               Dean,2007,8,19,12,16.8,-74.3,hurricane,4.0,125,923,300,90,1,DEAN,AL042007,2007-08-19 12:00:00,2007-08-19 12:00:00,286.0,76.0,88.0,59.0,564.0,132.0,143.0
               Dean,2007,8,19,18,17.1,-76.0,hurricane,4.0,125,930,270,100,1,DEAN,AL042007,2007-08-19 18:00:00,2007-08-19 18:00:00,290.0,84.0,74.0,55.0,576.0,134.0,92.0
               Dean,2007,8,20,0,17.5,-77.8,hurricane,4.0,125,926,270,100,1,DEAN,AL042007,2007-08-20 00:00:00,2007-08-20 00:00:00,290.0,99.0,58.0,61.0,585.0,139.0,43.0
               Dean,2007,8,20,60,17.6,-79.8,hurricane,4.0,130,926,270,90,1,DEAN,AL042007,2007-08-20 06:00:00,2007-08-20 06:00:00,290.0,90.0,52.0,62.0,561.0,131.0,168.0
               Dean,2007,8,20,12,17.8,-81.5,hurricane,4.0,130,926,270,90,1,DEAN,AL042007,2007-08-20 12:00:00,2007-08-20 12:00:00,289.0,82.0,74.0,61.0,593.0,138.0,336.0
               Dean,2007,8,20,18,18.0,-83.3,hurricane,4.0,135,924,270,90,1,DEAN,AL042007,2007-08-20 18:00:00,2007-08-20 18:00:00,292.0,74.0,133.0,61.0,607.0,138.0,262.0
               Dean,2007,8,21,0,18.2,-85.1,hurricane,5.0,145,914,275,90,1,DEAN,AL042007,2007-08-21 00:00:00,2007-08-21 00:00:00,293.0,76.0,93.0,63.0,606.0,142.0,246.0
               Dean,2007,8,21,60,18.6,-86.9,hurricane,5.0,150,907,305,90,1,DEAN,AL042007,2007-08-21 06:00:00,2007-08-21 06:00:00,291.0,77.0,106.0,63.0,604.0,128.0,83.0
               Dean,2007,8,22,0,19.7,-92.2,hurricane,1.0,65,979,250,60,0,DEAN,AL042007,2007-08-22 00:00:00,2007-08-22 00:00:00,291.0,29.0,167.0,67.0,615.0,147.0,111.0
               Dean,2007,8,22,60,20.1,-94.0,hurricane,1.0,70,979,275,60,0,DEAN,AL042007,2007-08-22 06:00:00,2007-08-22 06:00:00,293.0,34.0,177.0,70.0,610.0,131.0,192.0
               Dean,2007,8,22,12,20.5,-95.5,hurricane,1.0,80,976,290,60,0,DEAN,AL042007,2007-08-22 12:00:00,2007-08-22 12:00:00,294.0,38.0,182.0,73.0,606.0,121.0,122.0
              Felix,2007,9,2,0,12.6,-66.1,hurricane,1.0,65,992,140,15,0,FELIX,AL062007,2007-09-02 00:00:00,2007-09-02 00:00:00,285.0,36.0,84.0,61.0,574.0,148.0,218.0
              Felix,2007,9,2,60,12.7,-67.8,hurricane,2.0,85,985,165,25,0,FELIX,AL062007,2007-09-02 06:00:00,2007-09-02 06:00:00,285.0,48.0,96.0,65.0,535.0,133.0,177.0
              Felix,2007,9,2,12,13.0,-69.4,hurricane,2.0,90,980,165,35,0,FELIX,AL062007,2007-09-02 12:00:00,2007-09-02 12:00:00,287.0,50.0,15.0,64.0,547.0,137.0,110.0
              Felix,2007,9,2,18,13.4,-71.1,hurricane,4.0,115,962,175,45,1,FELIX,AL062007,2007-09-02 18:00:00,2007-09-02 18:00:00,283.0,52.0,74.0,59.0,552.0,140.0,118.0
              Felix,2007,9,3,0,13.8,-73.0,hurricane,5.0,150,935,175,45,1,FELIX,AL062007,2007-09-03 00:00:00,2007-09-03 00:00:00,283.0,52.0,56.0,59.0,570.0,144.0,196.0
              Felix,2007,9,3,60,14.0,-75.0,hurricane,5.0,150,930,160,40,1,FELIX,AL062007,2007-09-03 06:00:00,2007-09-03 06:00:00,286.0,53.0,51.0,63.0,553.0,133.0,312.0
              Felix,2007,9,3,12,14.2,-76.9,hurricane,5.0,140,937,140,40,1,FELIX,AL062007,2007-09-03 12:00:00,2007-09-03 12:00:00,286.0,49.0,73.0,64.0,576.0,132.0,394.0
              Felix,2007,9,3,18,14.3,-78.7,hurricane,4.0,115,951,140,40,1,FELIX,AL062007,2007-09-03 18:00:00,2007-09-03 18:00:00,287.0,59.0,116.0,67.0,554.0,139.0,410.0
              Felix,2007,9,4,0,14.4,-80.4,hurricane,4.0,115,950,135,50,1,FELIX,AL062007,2007-09-04 00:00:00,2007-09-04 00:00:00,289.0,64.0,115.0,68.0,548.0,145.0,301.0
              Felix,2007,9,4,60,14.3,-81.9,hurricane,4.0,135,939,150,60,1,FELIX,AL062007,2007-09-04 06:00:00,2007-09-04 06:00:00,289.0,67.0,98.0,72.0,557.0,140.0,139.0
              Karen,2007,9,26,12,11.7,-42.4,hurricane,1.0,65,988,130,45,0,KAREN,AL122007,2007-09-26 12:00:00,2007-09-26 12:00:00,283.0,35.0,174.0,51.0,541.0,127.0,1286.0
              Karen,2007,9,26,18,12.3,-43.3,hurricane,1.0,65,990,180,50,0,KAREN,AL122007,2007-09-26 18:00:00,2007-09-26 18:00:00,282.0,33.0,223.0,54.0,550.0,129.0,1259.0
            Lorenzo,2007,9,28,0,20.5,-96.3,hurricane,1.0,70,990,100,30,0,LORENZO,AL132007,2007-09-28 00:00:00,2007-09-28 00:00:00,290.0,37.0,164.0,69.0,617.0,142.0,55.0
               Noel,2007,11,2,0,26.4,-76.5,hurricane,1.0,70,981,275,40,0,NOEL,AL162007,2007-11-02 00:00:00,2007-11-02 00:00:00,272.0,30.0,387.0,61.0,577.0,106.0,204.0
               Noel,2007,11,2,60,27.7,-75.6,hurricane,1.0,70,981,370,65,0,NOEL,AL162007,2007-11-02 06:00:00,2007-11-02 06:00:00,267.0,19.0,439.0,59.0,546.0,90.0,370.0
             Bertha,2008,7,7,60,19.1,-49.4,hurricane,1.0,65,987,160,20,0,BERTHA,AL022008,2008-07-07 06:00:00,2008-07-07 06:00:00,268.0,20.0,206.0,46.0,526.0,115.0,1258.0
             Bertha,2008,7,7,12,19.4,-50.7,hurricane,1.0,80,975,160,20,0,BERTHA,AL022008,2008-07-07 12:00:00,2008-07-07 12:00:00,269.0,22.0,241.0,46.0,516.0,113.0,1161.0
             Bertha,2008,7,7,18,19.9,-51.6,hurricane,3.0,100,960,160,20,1,BERTHA,AL022008,2008-07-07 18:00:00,2008-07-07 18:00:00,271.0,24.0,256.0,45.0,503.0,117.0,1096.0
             Bertha,2008,7,8,0,20.6,-52.2,hurricane,3.0,105,955,160,20,1,BERTHA,AL022008,2008-07-08 00:00:00,2008-07-08 00:00:00,271.0,23.0,238.0,47.0,487.0,118.0,1054.0
             Bertha,2008,7,8,60,21.1,-52.9,hurricane,3.0,105,955,160,40,1,BERTHA,AL022008,2008-07-08 06:00:00,2008-07-08 06:00:00,271.0,24.0,157.0,49.0,473.0,124.0,1003.0
             Bertha,2008,7,8,12,21.8,-53.5,hurricane,2.0,90,970,160,40,0,BERTHA,AL022008,2008-07-08 12:00:00,2008-07-08 12:00:00,272.0,20.0,183.0,45.0,501.0,123.0,978.0
             Bertha,2008,7,8,18,22.4,-54.4,hurricane,1.0,75,980,135,40,0,BERTHA,AL022008,2008-07-08 18:00:00,2008-07-08 18:00:00,273.0,20.0,202.0,44.0,491.0,125.0,931.0
             Bertha,2008,7,9,0,22.7,-55.2,hurricane,1.0,70,985,135,40,0,BERTHA,AL022008,2008-07-09 00:00:00,2008-07-09 00:00:00,274.0,21.0,181.0,46.0,494.0,128.0,884.0
             Bertha,2008,7,9,60,23.2,-56.1,hurricane,1.0,65,987,135,40,0,BERTHA,AL022008,2008-07-09 06:00:00,2008-07-09 06:00:00,275.0,20.0,169.0,44.0,482.0,127.0,852.0
             Bertha,2008,7,9,12,23.8,-57.0,hurricane,1.0,65,987,165,40,0,BERTHA,AL022008,2008-07-09 12:00:00,2008-07-09 12:00:00,275.0,17.0,184.0,43.0,492.0,127.0,842.0
             Bertha,2008,7,9,18,24.5,-57.8,hurricane,2.0,85,974,180,40,0,BERTHA,AL022008,2008-07-09 18:00:00,2008-07-09 18:00:00,276.0,17.0,190.0,39.0,488.0,129.0,862.0
             Bertha,2008,7,10,0,25.2,-58.6,hurricane,2.0,90,970,180,40,0,BERTHA,AL022008,2008-07-10 00:00:00,2008-07-10 00:00:00,277.0,18.0,153.0,42.0,470.0,132.0,891.0
             Bertha,2008,7,10,60,25.7,-59.1,hurricane,2.0,90,970,195,40,0,BERTHA,AL022008,2008-07-10 06:00:00,2008-07-10 06:00:00,278.0,18.0,103.0,40.0,466.0,132.0,916.0
             Bertha,2008,7,10,12,26.3,-59.8,hurricane,1.0,80,977,195,40,0,BERTHA,AL022008,2008-07-10 12:00:00,2008-07-10 12:00:00,277.0,17.0,59.0,35.0,485.0,131.0,949.0
             Bertha,2008,7,10,18,26.9,-60.5,hurricane,1.0,75,980,195,40,0,BERTHA,AL022008,2008-07-10 18:00:00,2008-07-10 18:00:00,278.0,15.0,43.0,35.0,470.0,132.0,986.0
             Bertha,2008,7,11,0,27.4,-61.0,hurricane,1.0,75,980,210,40,0,BERTHA,AL022008,2008-07-11 00:00:00,2008-07-11 00:00:00,277.0,14.0,27.0,39.0,464.0,135.0,1019.0
             Bertha,2008,7,11,60,27.8,-61.5,hurricane,1.0,75,980,210,40,0,BERTHA,AL022008,2008-07-11 06:00:00,2008-07-11 06:00:00,277.0,13.0,30.0,36.0,465.0,130.0,1046.0
             Bertha,2008,7,11,12,28.3,-61.8,hurricane,1.0,75,980,210,40,0,BERTHA,AL022008,2008-07-11 12:00:00,2008-07-11 12:00:00,276.0,13.0,3.0,34.0,481.0,128.0,1091.0
             Bertha,2008,7,11,18,28.8,-62.1,hurricane,1.0,80,976,240,75,0,BERTHA,AL022008,2008-07-11 18:00:00,2008-07-11 18:00:00,276.0,12.0,29.0,33.0,479.0,127.0,1139.0
             Bertha,2008,7,12,0,29.3,-62.3,hurricane,1.0,80,976,240,60,0,BERTHA,AL022008,2008-07-12 00:00:00,2008-07-12 00:00:00,273.0,11.0,40.0,35.0,473.0,130.0,1190.0
             Bertha,2008,7,12,60,29.5,-62.5,hurricane,1.0,80,976,220,60,0,BERTHA,AL022008,2008-07-12 06:00:00,2008-07-12 06:00:00,273.0,11.0,68.0,36.0,465.0,131.0,1208.0
             Bertha,2008,7,12,12,29.7,-62.5,hurricane,1.0,75,976,300,60,0,BERTHA,AL022008,2008-07-12 12:00:00,2008-07-12 12:00:00,273.0,11.0,99.0,34.0,473.0,131.0,1230.0
             Bertha,2008,7,12,18,29.9,-62.5,hurricane,1.0,65,983,330,30,0,BERTHA,AL022008,2008-07-12 18:00:00,2008-07-12 18:00:00,273.0,10.0,76.0,35.0,476.0,132.0,1252.0
             Bertha,2008,7,13,0,29.9,-62.4,hurricane,1.0,65,984,270,30,0,BERTHA,AL022008,2008-07-13 00:00:00,2008-07-13 00:00:00,274.0,11.0,85.0,34.0,467.0,133.0,1254.0
             Bertha,2008,7,13,60,29.8,-62.5,hurricane,1.0,65,985,270,30,0,BERTHA,AL022008,2008-07-13 06:00:00,2008-07-13 06:00:00,274.0,11.0,129.0,35.0,467.0,133.0,1241.0
             Bertha,2008,7,18,18,36.9,-51.5,hurricane,1.0,65,989,225,40,0,BERTHA,AL022008,2008-07-18 18:00:00,2008-07-18 18:00:00,248.0,0.0,159.0,53.0,486.0,59.0,1091.0
             Bertha,2008,7,19,0,38.6,-49.7,hurricane,1.0,65,989,225,40,0,BERTHA,AL022008,2008-07-19 00:00:00,2008-07-19 00:00:00,245.0,0.0,259.0,49.0,477.0,24.0,936.0
             Bertha,2008,7,19,60,40.4,-48.0,hurricane,1.0,65,989,225,40,0,BERTHA,AL022008,2008-07-19 06:00:00,2008-07-19 06:00:00,227.0,0.0,232.0,51.0,471.0,5.0,806.0
             Bertha,2008,7,19,12,42.1,-46.3,hurricane,1.0,65,989,285,40,0,BERTHA,AL022008,2008-07-19 12:00:00,2008-07-19 12:00:00,201.0,0.0,217.0,52.0,431.0,0.0,739.0
             Bertha,2008,7,19,18,43.7,-44.3,hurricane,1.0,65,989,285,40,0,BERTHA,AL022008,2008-07-19 18:00:00,2008-07-19 18:00:00,201.0,0.0,234.0,56.0,435.0,0.0,758.0
              Dolly,2008,7,23,0,24.9,-95.7,hurricane,1.0,65,982,220,40,0,DOLLY,AL042008,2008-07-23 00:00:00,2008-07-23 00:00:00,292.0,51.0,115.0,68.0,575.0,122.0,171.0
              Dolly,2008,7,23,60,25.4,-96.2,hurricane,1.0,70,982,220,40,0,DOLLY,AL042008,2008-07-23 06:00:00,2008-07-23 06:00:00,288.0,48.0,58.0,69.0,581.0,101.0,103.0
              Dolly,2008,7,23,12,25.9,-96.7,hurricane,2.0,85,967,220,40,0,DOLLY,AL042008,2008-07-23 12:00:00,2008-07-23 12:00:00,288.0,42.0,77.0,64.0,587.0,86.0,46.0
              Dolly,2008,7,23,18,26.4,-97.2,hurricane,1.0,75,967,165,50,0,DOLLY,AL042008,2008-07-23 18:00:00,2008-07-23 18:00:00,286.0,32.0,132.0,63.0,599.0,98.0,15.0
              Dolly,2008,7,23,18,26.4,-97.2,hurricane,1.0,75,967,165,50,0,DOLLY,AL042008,2008-07-23 18:00:00,2008-07-23 18:00:00,286.0,32.0,132.0,63.0,599.0,98.0,15.0
             Gustav,2008,8,26,60,16.9,-71.7,hurricane,1.0,75,986,90,25,0,GUSTAV,AL072008,2008-08-26 06:00:00,2008-08-26 06:00:00,287.0,71.0,114.0,66.0,576.0,141.0,88.0
             Gustav,2008,8,26,12,17.5,-72.1,hurricane,1.0,80,981,90,25,0,GUSTAV,AL072008,2008-08-26 12:00:00,2008-08-26 12:00:00,288.0,74.0,82.0,62.0,580.0,141.0,66.0
             Gustav,2008,8,26,18,18.1,-72.8,hurricane,1.0,70,992,75,15,0,GUSTAV,AL072008,2008-08-26 18:00:00,2008-08-26 18:00:00,290.0,81.0,114.0,65.0,590.0,145.0,6.0
             Gustav,2008,8,29,18,18.8,-79.2,hurricane,1.0,65,984,220,25,0,GUSTAV,AL072008,2008-08-29 18:00:00,2008-08-29 18:00:00,295.0,113.0,151.0,67.0,599.0,139.0,107.0
             Gustav,2008,8,30,0,19.2,-80.0,hurricane,1.0,75,975,240,50,0,GUSTAV,AL072008,2008-08-30 00:00:00,2008-08-30 00:00:00,298.0,110.0,162.0,66.0,592.0,149.0,202.0
             Gustav,2008,8,30,60,19.7,-80.8,hurricane,2.0,85,968,240,60,0,GUSTAV,AL072008,2008-08-30 06:00:00,2008-08-30 06:00:00,297.0,113.0,179.0,68.0,610.0,146.0,241.0
             Gustav,2008,8,30,12,20.7,-81.6,hurricane,3.0,110,955,240,75,1,GUSTAV,AL072008,2008-08-30 12:00:00,2008-08-30 12:00:00,299.0,116.0,177.0,67.0,608.0,146.0,142.0
             Gustav,2008,8,30,18,21.6,-82.5,hurricane,4.0,125,943,240,85,1,GUSTAV,AL072008,2008-08-30 18:00:00,2008-08-30 18:00:00,299.0,117.0,162.0,64.0,610.0,145.0,7.0
             Gustav,2008,8,31,60,23.6,-84.4,hurricane,3.0,105,960,295,75,1,GUSTAV,AL072008,2008-08-31 06:00:00,2008-08-31 06:00:00,298.0,141.0,215.0,62.0,610.0,137.0,108.0
             Gustav,2008,8,31,12,24.8,-85.5,hurricane,3.0,100,961,310,70,1,GUSTAV,AL072008,2008-08-31 12:00:00,2008-08-31 12:00:00,297.0,97.0,214.0,57.0,625.0,133.0,280.0
             Gustav,2008,8,31,18,25.9,-86.7,hurricane,2.0,95,960,340,85,0,GUSTAV,AL072008,2008-08-31 18:00:00,2008-08-31 18:00:00,296.0,87.0,165.0,51.0,622.0,140.0,425.0
             Gustav,2008,9,1,0,26.9,-87.7,hurricane,2.0,95,953,360,100,0,GUSTAV,AL072008,2008-09-01 00:00:00,2008-09-01 00:00:00,295.0,72.0,165.0,54.0,627.0,146.0,278.0
             Gustav,2008,9,1,60,27.9,-89.0,hurricane,2.0,95,954,360,100,0,GUSTAV,AL072008,2008-09-01 06:00:00,2008-09-01 06:00:00,295.0,56.0,199.0,53.0,612.0,139.0,128.0
             Gustav,2008,9,1,12,28.8,-90.3,hurricane,2.0,95,955,350,110,0,GUSTAV,AL072008,2008-09-01 12:00:00,2008-09-01 12:00:00,294.0,45.0,248.0,50.0,623.0,128.0,35.0
              Hanna,2008,9,1,18,22.3,-72.4,hurricane,1.0,70,985,240,40,0,HANNA,AL082008,2008-09-01 18:00:00,2008-09-01 18:00:00,289.0,69.0,356.0,64.0,620.0,134.0,126.0
              Hanna,2008,9,2,0,21.8,-72.3,hurricane,1.0,75,977,250,40,0,HANNA,AL082008,2008-09-02 00:00:00,2008-09-02 00:00:00,289.0,69.0,309.0,64.0,608.0,136.0,90.0
              Hanna,2008,9,2,60,21.4,-72.7,hurricane,1.0,65,980,250,60,0,HANNA,AL082008,2008-09-02 06:00:00,2008-09-02 06:00:00,289.0,74.0,283.0,66.0,588.0,132.0,33.0
                Ike,2008,9,3,18,21.1,-51.9,hurricane,1.0,75,979,220,30,0,IKE,AL092008,2008-09-03 18:00:00,2008-09-03 18:00:00,278.0,40.0,181.0,50.0,558.0,127.0,1101.0
                Ike,2008,9,4,0,21.8,-53.5,hurricane,3.0,105,956,220,50,1,IKE,AL092008,2008-09-04 00:00:00,2008-09-04 00:00:00,281.0,42.0,210.0,49.0,555.0,127.0,978.0
                Ike,2008,9,4,60,22.4,-55.0,hurricane,4.0,125,935,220,50,1,IKE,AL092008,2008-09-04 06:00:00,2008-09-04 06:00:00,282.0,43.0,266.0,48.0,551.0,124.0,880.0
                Ike,2008,9,4,12,23.0,-56.4,hurricane,4.0,120,937,200,65,1,IKE,AL092008,2008-09-04 12:00:00,2008-09-04 12:00:00,284.0,41.0,263.0,51.0,557.0,125.0,814.0
                Ike,2008,9,4,18,23.4,-57.7,hurricane,4.0,115,940,195,65,1,IKE,AL092008,2008-09-04 18:00:00,2008-09-04 18:00:00,284.0,39.0,281.0,56.0,554.0,132.0,764.0
                Ike,2008,9,5,0,23.6,-59.0,hurricane,4.0,115,944,195,65,1,IKE,AL092008,2008-09-05 00:00:00,2008-09-05 00:00:00,285.0,40.0,273.0,59.0,573.0,137.0,717.0
                Ike,2008,9,5,60,23.6,-60.4,hurricane,4.0,115,949,195,70,1,IKE,AL092008,2008-09-05 06:00:00,2008-09-05 06:00:00,286.0,45.0,304.0,61.0,572.0,138.0,648.0
                Ike,2008,9,5,12,23.5,-61.9,hurricane,3.0,105,954,195,70,1,IKE,AL092008,2008-09-05 12:00:00,2008-09-05 12:00:00,287.0,52.0,273.0,62.0,577.0,136.0,584.0
                Ike,2008,9,5,18,23.2,-63.4,hurricane,3.0,100,959,195,70,1,IKE,AL092008,2008-09-05 18:00:00,2008-09-05 18:00:00,288.0,56.0,299.0,62.0,559.0,139.0,503.0
                Ike,2008,9,6,0,22.8,-64.9,hurricane,3.0,100,962,200,70,1,IKE,AL092008,2008-09-06 00:00:00,2008-09-06 00:00:00,288.0,58.0,225.0,63.0,565.0,125.0,453.0
                Ike,2008,9,6,60,22.4,-66.3,hurricane,3.0,100,964,205,70,1,IKE,AL092008,2008-09-06 06:00:00,2008-09-06 06:00:00,289.0,67.0,202.0,67.0,569.0,127.0,437.0
                Ike,2008,9,6,12,21.9,-67.7,hurricane,2.0,95,965,210,70,0,IKE,AL092008,2008-09-06 12:00:00,2008-09-06 12:00:00,288.0,69.0,187.0,64.0,574.0,127.0,323.0
                Ike,2008,9,6,18,21.5,-69.0,hurricane,4.0,115,950,220,70,1,IKE,AL092008,2008-09-06 18:00:00,2008-09-06 18:00:00,288.0,68.0,172.0,63.0,587.0,132.0,228.0
                Ike,2008,9,7,0,21.2,-70.3,hurricane,4.0,115,947,225,75,1,IKE,AL092008,2008-09-07 00:00:00,2008-09-07 00:00:00,289.0,69.0,168.0,64.0,580.0,129.0,156.0
                Ike,2008,9,7,60,21.1,-71.6,hurricane,4.0,115,947,235,80,1,IKE,AL092008,2008-09-07 06:00:00,2008-09-07 06:00:00,289.0,76.0,163.0,62.0,560.0,129.0,133.0
                Ike,2008,9,7,12,21.0,-72.8,hurricane,3.0,110,947,245,90,1,IKE,AL092008,2008-09-07 12:00:00,2008-09-07 12:00:00,289.0,87.0,140.0,62.0,567.0,131.0,31.0
                Ike,2008,9,7,18,21.0,-74.0,hurricane,3.0,105,946,250,90,1,IKE,AL092008,2008-09-07 18:00:00,2008-09-07 18:00:00,291.0,81.0,190.0,61.0,546.0,135.0,32.0
                Ike,2008,9,8,0,21.1,-75.2,hurricane,4.0,115,945,265,90,1,IKE,AL092008,2008-09-08 00:00:00,2008-09-08 00:00:00,294.0,82.0,136.0,61.0,550.0,138.0,40.0
                Ike,2008,9,8,18,21.2,-79.1,hurricane,1.0,75,964,305,60,0,IKE,AL092008,2008-09-08 18:00:00,2008-09-08 18:00:00,299.0,101.0,146.0,58.0,597.0,138.0,43.0
                Ike,2008,9,9,0,21.5,-80.3,hurricane,1.0,70,965,330,60,0,IKE,AL092008,2008-09-09 00:00:00,2008-09-09 00:00:00,299.0,102.0,123.0,61.0,601.0,139.0,40.0
                Ike,2008,9,9,60,22.0,-81.4,hurricane,1.0,70,965,330,60,0,IKE,AL092008,2008-09-09 06:00:00,2008-09-09 06:00:00,297.0,109.0,70.0,61.0,627.0,136.0,14.0
                Ike,2008,9,9,12,22.4,-82.4,hurricane,1.0,70,965,325,30,0,IKE,AL092008,2008-09-09 12:00:00,2008-09-09 12:00:00,297.0,120.0,84.0,58.0,620.0,135.0,31.0
                Ike,2008,9,10,0,23.1,-84.0,hurricane,1.0,65,968,330,30,0,IKE,AL092008,2008-09-10 00:00:00,2008-09-10 00:00:00,297.0,136.0,174.0,60.0,617.0,138.0,39.0
                Ike,2008,9,10,60,23.4,-84.6,hurricane,1.0,70,964,330,45,0,IKE,AL092008,2008-09-10 06:00:00,2008-09-10 06:00:00,297.0,139.0,164.0,61.0,642.0,133.0,100.0
                Ike,2008,9,10,12,23.8,-85.2,hurricane,1.0,80,959,335,90,0,IKE,AL092008,2008-09-10 12:00:00,2008-09-10 12:00:00,295.0,125.0,165.0,55.0,644.0,132.0,172.0
                Ike,2008,9,10,18,24.2,-85.8,hurricane,2.0,85,958,340,120,0,IKE,AL092008,2008-09-10 18:00:00,2008-09-10 18:00:00,296.0,83.0,230.0,58.0,641.0,132.0,246.0
                Ike,2008,9,11,0,24.7,-86.4,hurricane,2.0,85,944,350,135,0,IKE,AL092008,2008-09-11 00:00:00,2008-09-11 00:00:00,295.0,71.0,202.0,59.0,609.0,139.0,328.0
                Ike,2008,9,11,60,25.1,-87.1,hurricane,2.0,85,945,370,150,0,IKE,AL092008,2008-09-11 06:00:00,2008-09-11 06:00:00,295.0,65.0,227.0,58.0,628.0,134.0,386.0
                Ike,2008,9,11,12,25.5,-88.0,hurricane,2.0,85,946,420,135,0,IKE,AL092008,2008-09-11 12:00:00,2008-09-11 12:00:00,295.0,61.0,217.0,56.0,645.0,134.0,410.0
                Ike,2008,9,11,18,25.8,-88.9,hurricane,2.0,85,952,420,135,0,IKE,AL092008,2008-09-11 18:00:00,2008-09-11 18:00:00,296.0,66.0,254.0,62.0,629.0,137.0,361.0
                Ike,2008,9,12,0,26.1,-90.0,hurricane,2.0,85,954,410,160,0,IKE,AL092008,2008-09-12 00:00:00,2008-09-12 00:00:00,294.0,62.0,260.0,63.0,628.0,143.0,335.0
                Ike,2008,9,12,60,26.4,-91.1,hurricane,2.0,90,954,395,165,0,IKE,AL092008,2008-09-12 06:00:00,2008-09-12 06:00:00,294.0,58.0,184.0,62.0,641.0,129.0,305.0
                Ike,2008,9,12,12,26.9,-92.2,hurricane,2.0,95,954,390,165,0,IKE,AL092008,2008-09-12 12:00:00,2008-09-12 12:00:00,295.0,50.0,138.0,62.0,632.0,119.0,283.0
                Ike,2008,9,12,18,27.5,-93.2,hurricane,2.0,95,954,390,165,0,IKE,AL092008,2008-09-12 18:00:00,2008-09-12 18:00:00,294.0,45.0,136.0,63.0,639.0,124.0,242.0
                Ike,2008,9,13,0,28.3,-94.0,hurricane,2.0,95,952,390,170,0,IKE,AL092008,2008-09-13 00:00:00,2008-09-13 00:00:00,292.0,45.0,109.0,60.0,627.0,121.0,133.0
                Ike,2008,9,13,60,29.1,-94.6,hurricane,2.0,95,951,350,165,0,IKE,AL092008,2008-09-13 06:00:00,2008-09-13 06:00:00,291.0,43.0,30.0,56.0,651.0,68.0,27.0
               Kyle,2008,9,27,12,31.2,-69.5,hurricane,1.0,65,996,250,60,0,KYLE,AL112008,2008-09-27 12:00:00,2008-09-27 12:00:00,269.0,17.0,284.0,54.0,551.0,98.0,759.0
               Kyle,2008,9,27,18,33.3,-69.7,hurricane,1.0,70,995,250,60,0,KYLE,AL112008,2008-09-27 18:00:00,2008-09-27 18:00:00,262.0,5.0,268.0,55.0,542.0,87.0,611.0
               Kyle,2008,9,28,0,35.3,-69.7,hurricane,1.0,70,995,250,60,0,KYLE,AL112008,2008-09-28 00:00:00,2008-09-28 00:00:00,264.0,0.0,260.0,53.0,499.0,33.0,547.0
               Kyle,2008,9,28,60,37.4,-69.3,hurricane,1.0,70,992,250,60,0,KYLE,AL112008,2008-09-28 06:00:00,2008-09-28 06:00:00,259.0,0.0,272.0,57.0,461.0,0.0,462.0
               Kyle,2008,9,28,12,39.4,-68.2,hurricane,1.0,75,989,290,100,0,KYLE,AL112008,2008-09-28 12:00:00,2008-09-28 12:00:00,219.0,0.0,328.0,58.0,441.0,0.0,294.0
               Omar,2008,10,15,0,14.1,-68.3,hurricane,1.0,65,983,165,30,0,OMAR,AL152008,2008-10-15 00:00:00,2008-10-15 00:00:00,290.0,59.0,220.0,76.0,610.0,157.0,279.0
               Omar,2008,10,15,60,14.4,-68.0,hurricane,1.0,70,985,195,30,0,OMAR,AL152008,2008-10-15 06:00:00,2008-10-15 06:00:00,290.0,60.0,166.0,73.0,606.0,151.0,325.0
               Omar,2008,10,15,12,14.9,-67.4,hurricane,1.0,75,984,195,30,0,OMAR,AL152008,2008-10-15 12:00:00,2008-10-15 12:00:00,290.0,62.0,186.0,65.0,600.0,153.0,338.0
               Omar,2008,10,15,18,15.6,-66.5,hurricane,1.0,80,977,195,40,0,OMAR,AL152008,2008-10-15 18:00:00,2008-10-15 18:00:00,290.0,65.0,268.0,59.0,594.0,154.0,262.0
               Omar,2008,10,16,0,16.7,-65.2,hurricane,2.0,95,970,195,45,0,OMAR,AL152008,2008-10-16 00:00:00,2008-10-16 00:00:00,290.0,73.0,284.0,53.0,590.0,155.0,115.0
               Omar,2008,10,16,60,18.2,-63.9,hurricane,4.0,115,958,195,50,1,OMAR,AL152008,2008-10-16 06:00:00,2008-10-16 06:00:00,288.0,71.0,298.0,48.0,564.0,143.0,56.0
               Omar,2008,10,16,12,19.6,-62.1,hurricane,2.0,90,975,195,50,0,OMAR,AL152008,2008-10-16 12:00:00,2008-10-16 12:00:00,287.0,69.0,257.0,43.0,530.0,139.0,173.0
               Omar,2008,10,16,18,21.1,-60.4,hurricane,1.0,70,985,180,50,0,OMAR,AL152008,2008-10-16 18:00:00,2008-10-16 18:00:00,284.0,64.0,204.0,43.0,485.0,123.0,405.0
               Omar,2008,10,17,0,22.8,-58.8,hurricane,1.0,65,986,180,40,0,OMAR,AL152008,2008-10-17 00:00:00,2008-10-17 00:00:00,283.0,46.0,199.0,43.0,482.0,113.0,648.0
               Omar,2008,10,17,60,25.1,-57.1,hurricane,1.0,70,984,180,40,0,OMAR,AL152008,2008-10-17 06:00:00,2008-10-17 06:00:00,279.0,32.0,223.0,42.0,484.0,99.0,956.0
               Omar,2008,10,17,12,27.9,-55.7,hurricane,1.0,75,982,180,40,0,OMAR,AL152008,2008-10-17 12:00:00,2008-10-17 12:00:00,274.0,19.0,214.0,41.0,451.0,92.0,1295.0
               Omar,2008,10,17,18,30.1,-54.4,hurricane,1.0,65,985,165,20,0,OMAR,AL152008,2008-10-17 18:00:00,2008-10-17 18:00:00,263.0,5.0,205.0,44.0,428.0,88.0,1570.0
             Paloma,2008,11,7,0,16.8,-81.8,hurricane,1.0,65,987,100,25,0,PALOMA,AL172008,2008-11-07 00:00:00,2008-11-07 00:00:00,287.0,65.0,182.0,53.0,585.0,159.0,241.0
             Paloma,2008,11,7,60,17.4,-81.7,hurricane,1.0,65,985,105,25,0,PALOMA,AL172008,2008-11-07 06:00:00,2008-11-07 06:00:00,288.0,67.0,190.0,51.0,582.0,154.0,299.0
             Paloma,2008,11,7,12,18.0,-81.6,hurricane,1.0,75,979,130,35,0,PALOMA,AL172008,2008-11-07 12:00:00,2008-11-07 12:00:00,288.0,70.0,188.0,53.0,581.0,154.0,343.0
             Paloma,2008,11,7,18,18.6,-81.4,hurricane,1.0,80,975,160,45,0,PALOMA,AL172008,2008-11-07 18:00:00,2008-11-07 18:00:00,288.0,75.0,277.0,49.0,572.0,155.0,323.0
             Paloma,2008,11,8,0,19.0,-81.0,hurricane,3.0,100,964,170,50,1,PALOMA,AL172008,2008-11-08 00:00:00,2008-11-08 00:00:00,288.0,79.0,309.0,51.0,563.0,153.0,290.0
             Paloma,2008,11,8,60,19.4,-80.4,hurricane,3.0,110,951,180,50,1,PALOMA,AL172008,2008-11-08 06:00:00,2008-11-08 06:00:00,288.0,81.0,355.0,51.0,534.0,149.0,250.0
             Paloma,2008,11,8,12,19.8,-79.6,hurricane,4.0,125,944,170,50,1,PALOMA,AL172008,2008-11-08 12:00:00,2008-11-08 12:00:00,289.0,79.0,416.0,51.0,511.0,149.0,185.0
             Paloma,2008,11,8,18,20.2,-78.8,hurricane,4.0,125,951,150,50,1,PALOMA,AL172008,2008-11-08 18:00:00,2008-11-08 18:00:00,288.0,79.0,446.0,48.0,521.0,144.0,95.0
             Paloma,2008,11,9,0,20.7,-78.0,hurricane,2.0,90,968,130,30,0,PALOMA,AL172008,2008-11-09 00:00:00,2008-11-09 00:00:00,288.0,78.0,490.0,47.0,530.0,143.0,1.0
               Bill,2009,8,17,60,13.5,-43.2,hurricane,1.0,65,987,245,45,0,BILL,AL032009,2009-08-17 06:00:00,2009-08-17 06:00:00,273.0,27.0,34.0,69.0,617.0,109.0,1364.0
               Bill,2009,8,17,12,13.9,-44.6,hurricane,1.0,75,977,230,50,0,BILL,AL032009,2009-08-17 12:00:00,2009-08-17 12:00:00,274.0,29.0,12.0,70.0,636.0,116.0,1305.0
               Bill,2009,8,17,18,14.4,-46.0,hurricane,1.0,80,970,230,50,0,BILL,AL032009,2009-08-17 18:00:00,2009-08-17 18:00:00,272.0,33.0,47.0,65.0,630.0,120.0,1251.0
               Bill,2009,8,18,0,14.8,-47.5,hurricane,2.0,85,967,255,50,0,BILL,AL032009,2009-08-18 00:00:00,2009-08-18 00:00:00,274.0,35.0,71.0,65.0,626.0,120.0,1197.0
               Bill,2009,8,18,60,15.3,-49.0,hurricane,2.0,90,965,255,50,0,BILL,AL032009,2009-08-18 06:00:00,2009-08-18 06:00:00,274.0,40.0,24.0,65.0,611.0,120.0,1148.0
               Bill,2009,8,18,12,15.7,-50.3,hurricane,2.0,95,963,300,70,0,BILL,AL032009,2009-08-18 12:00:00,2009-08-18 12:00:00,276.0,47.0,96.0,63.0,606.0,118.0,1022.0
               Bill,2009,8,18,18,16.2,-51.7,hurricane,3.0,100,962,300,70,1,BILL,AL032009,2009-08-18 18:00:00,2009-08-18 18:00:00,277.0,49.0,131.0,63.0,616.0,125.0,897.0
               Bill,2009,8,19,0,16.9,-52.9,hurricane,3.0,105,955,300,70,1,BILL,AL032009,2009-08-19 00:00:00,2009-08-19 00:00:00,278.0,52.0,161.0,60.0,638.0,129.0,815.0
               Bill,2009,8,19,60,17.6,-54.2,hurricane,4.0,115,954,300,70,1,BILL,AL032009,2009-08-19 06:00:00,2009-08-19 06:00:00,280.0,54.0,122.0,62.0,635.0,128.0,747.0
               Bill,2009,8,19,12,18.3,-55.6,hurricane,4.0,115,949,300,100,1,BILL,AL032009,2009-08-19 12:00:00,2009-08-19 12:00:00,281.0,56.0,166.0,58.0,617.0,132.0,654.0
               Bill,2009,8,19,18,19.3,-56.9,hurricane,4.0,115,947,350,105,1,BILL,AL032009,2009-08-19 18:00:00,2009-08-19 18:00:00,282.0,56.0,146.0,55.0,621.0,130.0,543.0
               Bill,2009,8,20,0,20.2,-58.2,hurricane,4.0,115,945,350,105,1,BILL,AL032009,2009-08-20 00:00:00,2009-08-20 00:00:00,283.0,57.0,181.0,57.0,609.0,135.0,468.0
               Bill,2009,8,20,60,21.1,-59.6,hurricane,4.0,115,949,350,105,1,BILL,AL032009,2009-08-20 06:00:00,2009-08-20 06:00:00,284.0,54.0,156.0,58.0,615.0,132.0,443.0
               Bill,2009,8,20,12,22.1,-61.0,hurricane,3.0,105,952,400,120,1,BILL,AL032009,2009-08-20 12:00:00,2009-08-20 12:00:00,285.0,50.0,185.0,58.0,607.0,131.0,472.0
               Bill,2009,8,20,18,23.1,-62.4,hurricane,3.0,110,948,400,135,1,BILL,AL032009,2009-08-20 18:00:00,2009-08-20 18:00:00,287.0,48.0,170.0,55.0,599.0,133.0,523.0
               Bill,2009,8,21,0,24.1,-63.7,hurricane,3.0,110,943,400,135,1,BILL,AL032009,2009-08-21 00:00:00,2009-08-21 00:00:00,288.0,45.0,164.0,60.0,588.0,137.0,597.0
               Bill,2009,8,21,60,25.5,-64.9,hurricane,3.0,105,951,400,135,1,BILL,AL032009,2009-08-21 06:00:00,2009-08-21 06:00:00,289.0,39.0,136.0,58.0,578.0,139.0,751.0
               Bill,2009,8,21,12,27.1,-66.0,hurricane,3.0,100,954,400,135,1,BILL,AL032009,2009-08-21 12:00:00,2009-08-21 12:00:00,288.0,34.0,99.0,55.0,618.0,131.0,921.0
               Bill,2009,8,21,18,28.6,-66.9,hurricane,2.0,95,956,375,105,0,BILL,AL032009,2009-08-21 18:00:00,2009-08-21 18:00:00,287.0,29.0,66.0,58.0,609.0,110.0,1016.0
               Bill,2009,8,22,0,30.4,-67.6,hurricane,2.0,90,957,375,105,0,BILL,AL032009,2009-08-22 00:00:00,2009-08-22 00:00:00,282.0,25.0,50.0,59.0,590.0,116.0,955.0
               Bill,2009,8,22,60,32.3,-68.4,hurricane,2.0,90,960,375,105,0,BILL,AL032009,2009-08-22 06:00:00,2009-08-22 06:00:00,275.0,18.0,80.0,64.0,600.0,112.0,771.0
               Bill,2009,8,22,12,34.1,-68.8,hurricane,2.0,85,961,375,105,0,BILL,AL032009,2009-08-22 12:00:00,2009-08-22 12:00:00,270.0,17.0,104.0,64.0,610.0,98.0,655.0
               Bill,2009,8,22,18,36.0,-68.9,hurricane,1.0,80,961,375,105,0,BILL,AL032009,2009-08-22 18:00:00,2009-08-22 18:00:00,274.0,23.0,105.0,65.0,594.0,33.0,609.0
               Bill,2009,8,23,0,38.1,-68.4,hurricane,1.0,80,961,370,105,0,BILL,AL032009,2009-08-23 00:00:00,2009-08-23 00:00:00,258.0,30.0,248.0,67.0,575.0,0.0,420.0
               Bill,2009,8,23,60,40.1,-67.3,hurricane,1.0,75,962,425,105,0,BILL,AL032009,2009-08-23 06:00:00,2009-08-23 06:00:00,218.0,0.0,281.0,66.0,582.0,0.0,284.0
               Bill,2009,8,23,12,42.4,-65.4,hurricane,1.0,70,965,425,105,0,BILL,AL032009,2009-08-23 12:00:00,2009-08-23 12:00:00,173.0,0.0,352.0,59.0,565.0,0.0,129.0
               Bill,2009,8,23,18,44.4,-62.5,hurricane,1.0,65,970,425,80,0,BILL,AL032009,2009-08-23 18:00:00,2009-08-23 18:00:00,173.0,0.0,434.0,53.0,553.0,0.0,41.0
               Fred,2009,9,9,0,12.4,-30.3,hurricane,1.0,70,983,135,30,0,FRED,AL072009,2009-09-09 00:00:00,2009-09-09 00:00:00,279.0,21.0,90.0,58.0,588.0,126.0,1404.0
               Fred,2009,9,9,60,13.0,-31.3,hurricane,2.0,90,970,165,40,0,FRED,AL072009,2009-09-09 06:00:00,2009-09-09 06:00:00,277.0,22.0,128.0,58.0,590.0,123.0,1498.0
               Fred,2009,9,9,12,13.6,-32.1,hurricane,3.0,105,958,165,50,1,FRED,AL072009,2009-09-09 12:00:00,2009-09-09 12:00:00,277.0,21.0,144.0,61.0,593.0,122.0,1575.0
               Fred,2009,9,9,18,14.2,-32.8,hurricane,3.0,100,960,180,50,1,FRED,AL072009,2009-09-09 18:00:00,2009-09-09 18:00:00,274.0,20.0,180.0,63.0,582.0,123.0,1644.0
               Fred,2009,9,10,0,14.8,-33.5,hurricane,2.0,95,965,180,45,0,FRED,AL072009,2009-09-10 00:00:00,2009-09-10 00:00:00,274.0,18.0,219.0,61.0,583.0,108.0,1716.0
               Fred,2009,9,10,60,15.4,-34.2,hurricane,2.0,90,970,180,45,0,FRED,AL072009,2009-09-10 06:00:00,2009-09-10 06:00:00,271.0,17.0,264.0,58.0,578.0,103.0,1790.0
               Fred,2009,9,10,12,16.1,-34.6,hurricane,2.0,85,974,180,45,0,FRED,AL072009,2009-09-10 12:00:00,2009-09-10 12:00:00,268.0,15.0,301.0,59.0,574.0,101.0,1834.0
               Fred,2009,9,10,18,16.7,-34.9,hurricane,1.0,80,975,180,45,0,FRED,AL072009,2009-09-10 18:00:00,2009-09-10 18:00:00,268.0,14.0,286.0,58.0,551.0,99.0,1870.0
               Fred,2009,9,11,0,17.2,-35.1,hurricane,1.0,80,975,180,40,0,FRED,AL072009,2009-09-11 00:00:00,2009-09-11 00:00:00,266.0,12.0,252.0,56.0,565.0,95.0,1896.0
               Fred,2009,9,11,60,17.5,-34.8,hurricane,1.0,75,980,165,40,0,FRED,AL072009,2009-09-11 06:00:00,2009-09-11 06:00:00,266.0,9.0,242.0,55.0,537.0,94.0,1868.0
               Fred,2009,9,11,12,17.6,-34.5,hurricane,1.0,65,987,165,30,0,FRED,AL072009,2009-09-11 12:00:00,2009-09-11 12:00:00,266.0,8.0,241.0,52.0,538.0,94.0,1838.0
                Ida,2009,11,5,60,12.6,-83.3,hurricane,1.0,65,987,80,20,0,IDA,AL112009,2009-11-05 06:00:00,2009-11-05 06:00:00,287.0,38.0,139.0,80.0,613.0,144.0,25.0
                Ida,2009,11,8,0,19.5,-84.5,hurricane,1.0,70,987,165,15,0,IDA,AL112009,2009-11-08 00:00:00,2009-11-08 00:00:00,288.0,82.0,280.0,74.0,571.0,163.0,252.0
                Ida,2009,11,8,60,20.1,-85.3,hurricane,1.0,80,984,165,15,0,IDA,AL112009,2009-11-08 06:00:00,2009-11-08 06:00:00,285.0,84.0,304.0,69.0,572.0,152.0,184.0
                Ida,2009,11,8,12,20.9,-85.8,hurricane,2.0,85,983,165,15,0,IDA,AL112009,2009-11-08 12:00:00,2009-11-08 12:00:00,285.0,81.0,332.0,65.0,568.0,150.0,102.0
                Ida,2009,11,8,18,21.9,-86.2,hurricane,2.0,85,975,180,45,0,IDA,AL112009,2009-11-08 18:00:00,2009-11-08 18:00:00,279.0,71.0,335.0,61.0,572.0,119.0,83.0
                Ida,2009,11,9,0,23.0,-86.5,hurricane,2.0,90,979,195,45,0,IDA,AL112009,2009-11-09 00:00:00,2009-11-09 00:00:00,275.0,35.0,396.0,62.0,566.0,104.0,165.0
                Ida,2009,11,9,60,24.4,-87.5,hurricane,1.0,80,988,220,45,0,IDA,AL112009,2009-11-09 06:00:00,2009-11-09 06:00:00,273.0,17.0,444.0,61.0,551.0,85.0,311.0
                Ida,2009,11,9,18,27.9,-88.6,hurricane,1.0,65,990,250,20,0,IDA,AL112009,2009-11-09 18:00:00,2009-11-09 18:00:00,260.0,2.0,521.0,60.0,483.0,47.0,138.0
               Alex,2010,6,30,0,23.0,-94.4,hurricane,1.0,65,973,280,30,0,ALEX,AL012010,2010-06-30 00:00:00,2010-06-30 00:00:00,287.0,37.0,75.0,80.0,704.0,136.0,340.0
               Alex,2010,6,30,60,23.1,-94.8,hurricane,1.0,70,966,280,35,0,ALEX,AL012010,2010-06-30 06:00:00,2010-06-30 06:00:00,287.0,37.0,54.0,85.0,693.0,114.0,302.0
               Alex,2010,6,30,12,23.5,-95.2,hurricane,1.0,75,958,280,65,0,ALEX,AL012010,2010-06-30 12:00:00,2010-06-30 12:00:00,287.0,39.0,70.0,83.0,694.0,93.0,258.0
               Alex,2010,6,30,18,24.3,-96.2,hurricane,1.0,80,962,310,65,0,ALEX,AL012010,2010-06-30 18:00:00,2010-06-30 18:00:00,284.0,41.0,49.0,84.0,707.0,103.0,148.0
               Alex,2010,7,1,0,24.3,-97.3,hurricane,2.0,90,948,300,65,0,ALEX,AL012010,2010-07-01 00:00:00,2010-07-01 00:00:00,283.0,25.0,114.0,83.0,709.0,109.0,38.0
           Danielle,2010,8,23,18,15.2,-40.9,hurricane,1.0,65,987,105,25,0,DANIELLE,AL062010,2010-08-23 18:00:00,2010-08-23 18:00:00,268.0,20.0,82.0,63.0,584.0,140.0,1672.0
           Danielle,2010,8,24,0,15.4,-42.6,hurricane,1.0,75,982,135,35,0,DANIELLE,AL062010,2010-08-24 00:00:00,2010-08-24 00:00:00,270.0,21.0,150.0,62.0,589.0,138.0,1569.0
           Danielle,2010,8,24,60,15.6,-44.2,hurricane,1.0,80,977,150,40,0,DANIELLE,AL062010,2010-08-24 06:00:00,2010-08-24 06:00:00,272.0,24.0,145.0,60.0,591.0,134.0,1477.0
           Danielle,2010,8,24,12,16.2,-45.8,hurricane,1.0,70,984,180,40,0,DANIELLE,AL062010,2010-08-24 12:00:00,2010-08-24 12:00:00,271.0,33.0,153.0,55.0,590.0,131.0,1426.0
           Danielle,2010,8,24,18,17.0,-47.5,hurricane,1.0,65,987,180,40,0,DANIELLE,AL062010,2010-08-24 18:00:00,2010-08-24 18:00:00,273.0,34.0,162.0,60.0,570.0,133.0,1349.0
           Danielle,2010,8,25,0,17.7,-49.0,hurricane,1.0,70,984,180,40,0,DANIELLE,AL062010,2010-08-25 00:00:00,2010-08-25 00:00:00,274.0,38.0,163.0,54.0,561.0,132.0,1226.0
           Danielle,2010,8,25,60,18.4,-50.4,hurricane,1.0,70,984,180,40,0,DANIELLE,AL062010,2010-08-25 06:00:00,2010-08-25 06:00:00,276.0,40.0,126.0,57.0,584.0,134.0,1127.0
           Danielle,2010,8,25,12,19.4,-51.6,hurricane,1.0,70,984,180,40,0,DANIELLE,AL062010,2010-08-25 12:00:00,2010-08-25 12:00:00,277.0,40.0,174.0,54.0,568.0,136.0,1086.0
           Danielle,2010,8,25,18,20.7,-52.6,hurricane,1.0,75,980,180,40,0,DANIELLE,AL062010,2010-08-25 18:00:00,2010-08-25 18:00:00,278.0,41.0,168.0,55.0,577.0,137.0,1018.0
           Danielle,2010,8,26,0,22.0,-53.6,hurricane,1.0,80,977,240,55,0,DANIELLE,AL062010,2010-08-26 00:00:00,2010-08-26 00:00:00,280.0,40.0,164.0,54.0,577.0,139.0,979.0
           Danielle,2010,8,26,60,23.1,-54.6,hurricane,2.0,85,973,240,55,0,DANIELLE,AL062010,2010-08-26 06:00:00,2010-08-26 06:00:00,281.0,37.0,145.0,57.0,573.0,141.0,960.0
           Danielle,2010,8,26,12,24.0,-55.4,hurricane,2.0,85,973,240,55,0,DANIELLE,AL062010,2010-08-26 12:00:00,2010-08-26 12:00:00,283.0,34.0,152.0,55.0,573.0,139.0,965.0
           Danielle,2010,8,26,18,24.8,-56.4,hurricane,2.0,90,970,240,65,0,DANIELLE,AL062010,2010-08-26 18:00:00,2010-08-26 18:00:00,284.0,33.0,103.0,50.0,603.0,142.0,967.0
           Danielle,2010,8,27,0,25.6,-57.3,hurricane,2.0,95,966,285,75,0,DANIELLE,AL062010,2010-08-27 00:00:00,2010-08-27 00:00:00,285.0,35.0,128.0,46.0,582.0,141.0,994.0
           Danielle,2010,8,27,60,26.2,-58.3,hurricane,3.0,110,953,285,85,1,DANIELLE,AL062010,2010-08-27 06:00:00,2010-08-27 06:00:00,286.0,36.0,117.0,49.0,556.0,141.0,1002.0
           Danielle,2010,8,27,12,26.5,-59.3,hurricane,3.0,110,948,285,85,1,DANIELLE,AL062010,2010-08-27 12:00:00,2010-08-27 12:00:00,286.0,35.0,138.0,44.0,570.0,139.0,988.0
           Danielle,2010,8,27,18,27.1,-60.1,hurricane,4.0,115,942,310,100,1,DANIELLE,AL062010,2010-08-27 18:00:00,2010-08-27 18:00:00,286.0,30.0,91.0,43.0,573.0,139.0,1023.0
           Danielle,2010,8,28,0,27.7,-60.5,hurricane,3.0,105,946,310,100,1,DANIELLE,AL062010,2010-08-28 00:00:00,2010-08-28 00:00:00,286.0,26.0,158.0,47.0,554.0,139.0,1068.0
           Danielle,2010,8,28,60,28.3,-61.0,hurricane,2.0,95,950,330,100,0,DANIELLE,AL062010,2010-08-28 06:00:00,2010-08-28 06:00:00,285.0,24.0,213.0,50.0,572.0,134.0,1113.0
           Danielle,2010,8,28,12,28.9,-60.8,hurricane,2.0,95,952,330,100,0,DANIELLE,AL062010,2010-08-28 12:00:00,2010-08-28 12:00:00,285.0,24.0,285.0,51.0,581.0,130.0,1183.0
           Danielle,2010,8,28,18,29.6,-60.2,hurricane,2.0,90,955,360,115,0,DANIELLE,AL062010,2010-08-28 18:00:00,2010-08-28 18:00:00,283.0,23.0,368.0,49.0,579.0,115.0,1276.0
           Danielle,2010,8,29,0,30.9,-59.2,hurricane,2.0,85,958,390,115,0,DANIELLE,AL062010,2010-08-29 00:00:00,2010-08-29 00:00:00,281.0,19.0,362.0,49.0,555.0,100.0,1445.0
           Danielle,2010,8,29,60,32.4,-57.9,hurricane,1.0,80,964,390,115,0,DANIELLE,AL062010,2010-08-29 06:00:00,2010-08-29 06:00:00,275.0,12.0,386.0,46.0,542.0,80.0,1405.0
           Danielle,2010,8,29,12,34.7,-56.2,hurricane,1.0,75,966,420,100,0,DANIELLE,AL062010,2010-08-29 12:00:00,2010-08-29 12:00:00,269.0,5.0,313.0,43.0,523.0,69.0,1244.0
           Danielle,2010,8,29,18,37.3,-55.0,hurricane,1.0,75,968,480,120,0,DANIELLE,AL062010,2010-08-29 18:00:00,2010-08-29 18:00:00,263.0,0.0,286.0,42.0,481.0,50.0,1023.0
           Danielle,2010,8,30,0,38.7,-53.8,hurricane,1.0,70,969,480,120,0,DANIELLE,AL062010,2010-08-30 00:00:00,2010-08-30 00:00:00,261.0,0.0,230.0,40.0,436.0,38.0,879.0
           Danielle,2010,8,30,60,40.0,-52.8,hurricane,1.0,65,970,510,120,0,DANIELLE,AL062010,2010-08-30 06:00:00,2010-08-30 06:00:00,247.0,0.0,252.0,37.0,446.0,20.0,737.0
               Earl,2010,8,29,12,17.0,-58.0,hurricane,1.0,65,985,210,40,0,EARL,AL072010,2010-08-29 12:00:00,2010-08-29 12:00:00,284.0,68.0,118.0,43.0,557.0,146.0,386.0
               Earl,2010,8,29,18,17.3,-59.3,hurricane,1.0,75,978,240,50,0,EARL,AL072010,2010-08-29 18:00:00,2010-08-29 18:00:00,285.0,70.0,77.0,43.0,568.0,145.0,252.0
               Earl,2010,8,30,0,17.7,-60.6,hurricane,2.0,85,971,250,60,0,EARL,AL072010,2010-08-30 00:00:00,2010-08-30 00:00:00,286.0,71.0,86.0,41.0,553.0,146.0,121.0
               Earl,2010,8,30,60,18.1,-61.9,hurricane,2.0,95,967,250,80,0,EARL,AL072010,2010-08-30 06:00:00,2010-08-30 06:00:00,286.0,69.0,75.0,45.0,571.0,143.0,42.0
               Earl,2010,8,30,12,18.5,-63.1,hurricane,3.0,105,965,290,80,1,EARL,AL072010,2010-08-30 12:00:00,2010-08-30 12:00:00,287.0,68.0,150.0,47.0,558.0,143.0,27.0
               Earl,2010,8,30,18,19.0,-64.2,hurricane,4.0,115,954,300,90,1,EARL,AL072010,2010-08-30 18:00:00,2010-08-30 18:00:00,287.0,68.0,213.0,45.0,572.0,143.0,30.0
               Earl,2010,8,31,0,19.6,-65.3,hurricane,4.0,115,938,300,90,1,EARL,AL072010,2010-08-31 00:00:00,2010-08-31 00:00:00,288.0,70.0,188.0,46.0,558.0,143.0,132.0
               Earl,2010,8,31,60,20.2,-66.4,hurricane,4.0,115,931,320,100,1,EARL,AL072010,2010-08-31 06:00:00,2010-08-31 06:00:00,288.0,69.0,186.0,52.0,579.0,141.0,192.0
               Earl,2010,8,31,12,20.9,-67.5,hurricane,4.0,115,935,320,110,1,EARL,AL072010,2010-08-31 12:00:00,2010-08-31 12:00:00,288.0,68.0,228.0,49.0,594.0,143.0,247.0
               Earl,2010,8,31,18,21.6,-68.4,hurricane,4.0,115,940,380,120,1,EARL,AL072010,2010-08-31 18:00:00,2010-08-31 18:00:00,288.0,67.0,210.0,52.0,574.0,150.0,263.0
               Earl,2010,9,1,0,22.5,-69.4,hurricane,3.0,110,940,380,130,1,EARL,AL072010,2010-09-01 00:00:00,2010-09-01 00:00:00,288.0,62.0,184.0,55.0,550.0,153.0,320.0
               Earl,2010,9,1,60,23.6,-70.5,hurricane,3.0,105,941,400,130,1,EARL,AL072010,2010-09-01 06:00:00,2010-09-01 06:00:00,290.0,56.0,190.0,55.0,550.0,152.0,361.0
               Earl,2010,9,1,12,24.7,-71.6,hurricane,3.0,110,942,400,130,1,EARL,AL072010,2010-09-01 12:00:00,2010-09-01 12:00:00,290.0,51.0,207.0,48.0,564.0,152.0,402.0
               Earl,2010,9,1,18,25.9,-72.7,hurricane,4.0,115,941,400,130,1,EARL,AL072010,2010-09-01 18:00:00,2010-09-01 18:00:00,290.0,47.0,206.0,45.0,587.0,148.0,510.0
               Earl,2010,9,2,0,27.2,-73.5,hurricane,4.0,120,932,380,130,1,EARL,AL072010,2010-09-02 00:00:00,2010-09-02 00:00:00,288.0,44.0,200.0,45.0,589.0,144.0,503.0
               Earl,2010,9,2,60,28.6,-74.3,hurricane,4.0,125,927,360,130,1,EARL,AL072010,2010-09-02 06:00:00,2010-09-02 06:00:00,286.0,43.0,201.0,42.0,586.0,137.0,530.0
               Earl,2010,9,2,12,30.1,-74.8,hurricane,4.0,115,935,360,120,1,EARL,AL072010,2010-09-02 12:00:00,2010-09-02 12:00:00,282.0,37.0,187.0,42.0,578.0,132.0,521.0
               Earl,2010,9,2,18,31.7,-75.1,hurricane,3.0,100,943,330,110,1,EARL,AL072010,2010-09-02 18:00:00,2010-09-02 18:00:00,282.0,35.0,190.0,42.0,571.0,116.0,366.0
               Earl,2010,9,3,0,33.0,-74.9,hurricane,2.0,90,949,330,120,0,EARL,AL072010,2010-09-03 00:00:00,2010-09-03 00:00:00,278.0,35.0,182.0,42.0,566.0,100.0,245.0
               Earl,2010,9,3,60,34.5,-74.2,hurricane,2.0,85,955,330,110,0,EARL,AL072010,2010-09-03 06:00:00,2010-09-03 06:00:00,274.0,27.0,170.0,46.0,537.0,91.0,187.0
               Earl,2010,9,3,12,36.1,-73.4,hurricane,1.0,75,959,330,110,0,EARL,AL072010,2010-09-03 12:00:00,2010-09-03 12:00:00,262.0,34.0,181.0,48.0,524.0,64.0,212.0
               Earl,2010,9,3,18,37.6,-72.2,hurricane,1.0,70,960,330,120,0,EARL,AL072010,2010-09-03 18:00:00,2010-09-03 18:00:00,256.0,27.0,202.0,51.0,536.0,0.0,267.0
               Igor,2010,9,12,0,17.6,-42.0,hurricane,1.0,65,987,160,15,0,IGOR,AL112010,2010-09-12 00:00:00,2010-09-12 00:00:00,270.0,25.0,100.0,63.0,605.0,124.0,1799.0
               Igor,2010,9,12,60,17.7,-43.5,hurricane,1.0,70,985,160,15,0,IGOR,AL112010,2010-09-12 06:00:00,2010-09-12 06:00:00,272.0,28.0,72.0,64.0,593.0,124.0,1705.0
               Igor,2010,9,12,12,17.7,-44.9,hurricane,2.0,90,970,200,45,0,IGOR,AL112010,2010-09-12 12:00:00,2010-09-12 12:00:00,273.0,33.0,46.0,61.0,614.0,128.0,1618.0
               Igor,2010,9,12,18,17.7,-46.1,hurricane,4.0,115,948,240,60,1,IGOR,AL112010,2010-09-12 18:00:00,2010-09-12 18:00:00,275.0,36.0,80.0,62.0,611.0,129.0,1514.0
               Igor,2010,9,13,0,17.7,-47.3,hurricane,4.0,130,935,240,60,1,IGOR,AL112010,2010-09-13 00:00:00,2010-09-13 00:00:00,276.0,41.0,79.0,59.0,607.0,129.0,1393.0
               Igor,2010,9,13,60,17.6,-48.3,hurricane,4.0,130,935,270,60,1,IGOR,AL112010,2010-09-13 06:00:00,2010-09-13 06:00:00,277.0,44.0,40.0,60.0,617.0,129.0,1290.0
               Igor,2010,9,13,12,17.6,-49.3,hurricane,4.0,130,933,270,75,1,IGOR,AL112010,2010-09-13 12:00:00,2010-09-13 12:00:00,278.0,47.0,86.0,55.0,618.0,130.0,1192.0
               Igor,2010,9,13,18,17.6,-50.2,hurricane,4.0,125,937,290,75,1,IGOR,AL112010,2010-09-13 18:00:00,2010-09-13 18:00:00,279.0,48.0,81.0,59.0,615.0,131.0,1105.0
               Igor,2010,9,14,0,17.7,-50.9,hurricane,4.0,125,937,290,75,1,IGOR,AL112010,2010-09-14 00:00:00,2010-09-14 00:00:00,279.0,52.0,49.0,60.0,608.0,131.0,1044.0
               Igor,2010,9,14,60,17.9,-51.5,hurricane,4.0,115,945,290,75,1,IGOR,AL112010,2010-09-14 06:00:00,2010-09-14 06:00:00,280.0,52.0,68.0,62.0,614.0,130.0,999.0
               Igor,2010,9,14,12,18.2,-52.1,hurricane,4.0,115,945,290,75,1,IGOR,AL112010,2010-09-14 12:00:00,2010-09-14 12:00:00,281.0,53.0,74.0,62.0,617.0,132.0,964.0
               Igor,2010,9,14,18,18.6,-52.8,hurricane,4.0,125,933,340,75,1,IGOR,AL112010,2010-09-14 18:00:00,2010-09-14 18:00:00,281.0,54.0,59.0,61.0,623.0,135.0,932.0
               Igor,2010,9,15,0,18.9,-53.5,hurricane,4.0,135,924,340,75,1,IGOR,AL112010,2010-09-15 00:00:00,2010-09-15 00:00:00,282.0,53.0,41.0,59.0,627.0,134.0,881.0
               Igor,2010,9,15,60,19.2,-54.1,hurricane,4.0,125,935,340,75,1,IGOR,AL112010,2010-09-15 06:00:00,2010-09-15 06:00:00,282.0,55.0,88.0,59.0,621.0,135.0,824.0
               Igor,2010,9,15,12,19.5,-54.7,hurricane,4.0,115,945,340,75,1,IGOR,AL112010,2010-09-15 12:00:00,2010-09-15 12:00:00,282.0,54.0,114.0,56.0,628.0,142.0,770.0
               Igor,2010,9,15,18,19.8,-55.3,hurricane,4.0,115,942,350,90,1,IGOR,AL112010,2010-09-15 18:00:00,2010-09-15 18:00:00,283.0,55.0,160.0,59.0,646.0,144.0,719.0
               Igor,2010,9,16,0,20.1,-56.0,hurricane,4.0,120,936,420,105,1,IGOR,AL112010,2010-09-16 00:00:00,2010-09-16 00:00:00,283.0,56.0,182.0,60.0,622.0,144.0,663.0
               Igor,2010,9,16,60,20.4,-56.5,hurricane,4.0,125,929,420,105,1,IGOR,AL112010,2010-09-16 06:00:00,2010-09-16 06:00:00,284.0,55.0,165.0,56.0,637.0,139.0,630.0
               Igor,2010,9,16,12,20.8,-57.1,hurricane,4.0,120,934,420,105,1,IGOR,AL112010,2010-09-16 12:00:00,2010-09-16 12:00:00,285.0,54.0,162.0,53.0,652.0,141.0,600.0
               Igor,2010,9,16,18,21.4,-57.8,hurricane,4.0,115,940,435,135,1,IGOR,AL112010,2010-09-16 18:00:00,2010-09-16 18:00:00,285.0,54.0,170.0,53.0,655.0,143.0,586.0
               Igor,2010,9,17,0,21.8,-58.4,hurricane,4.0,115,935,435,135,1,IGOR,AL112010,2010-09-17 00:00:00,2010-09-17 00:00:00,285.0,51.0,142.0,53.0,635.0,141.0,578.0
               Igor,2010,9,17,60,22.2,-59.1,hurricane,3.0,110,935,450,135,1,IGOR,AL112010,2010-09-17 06:00:00,2010-09-17 06:00:00,286.0,52.0,116.0,53.0,619.0,141.0,575.0
               Igor,2010,9,17,12,22.8,-59.9,hurricane,3.0,100,945,450,135,1,IGOR,AL112010,2010-09-17 12:00:00,2010-09-17 12:00:00,286.0,49.0,165.0,49.0,645.0,140.0,595.0
               Igor,2010,9,17,18,23.5,-60.7,hurricane,2.0,90,947,500,135,0,IGOR,AL112010,2010-09-17 18:00:00,2010-09-17 18:00:00,287.0,47.0,103.0,49.0,664.0,136.0,626.0
               Igor,2010,9,18,0,24.2,-61.6,hurricane,2.0,90,947,500,135,0,IGOR,AL112010,2010-09-18 00:00:00,2010-09-18 00:00:00,287.0,49.0,88.0,50.0,655.0,137.0,668.0
               Igor,2010,9,18,60,24.9,-62.5,hurricane,2.0,85,939,500,135,0,IGOR,AL112010,2010-09-18 06:00:00,2010-09-18 06:00:00,288.0,50.0,215.0,50.0,660.0,129.0,708.0
               Igor,2010,9,18,12,25.7,-63.3,hurricane,2.0,85,939,500,135,0,IGOR,AL112010,2010-09-18 12:00:00,2010-09-18 12:00:00,287.0,47.0,237.0,48.0,649.0,125.0,779.0
               Igor,2010,9,18,18,26.6,-64.0,hurricane,1.0,80,945,500,125,0,IGOR,AL112010,2010-09-18 18:00:00,2010-09-18 18:00:00,286.0,36.0,249.0,47.0,654.0,125.0,872.0
               Igor,2010,9,19,0,27.5,-64.6,hurricane,1.0,80,945,500,125,0,IGOR,AL112010,2010-09-19 00:00:00,2010-09-19 00:00:00,285.0,26.0,251.0,54.0,632.0,119.0,972.0
               Igor,2010,9,19,60,28.4,-65.2,hurricane,1.0,75,949,500,135,0,IGOR,AL112010,2010-09-19 06:00:00,2010-09-19 06:00:00,283.0,23.0,300.0,51.0,616.0,110.0,1075.0
               Igor,2010,9,19,12,29.6,-65.6,hurricane,1.0,75,949,550,135,0,IGOR,AL112010,2010-09-19 12:00:00,2010-09-19 12:00:00,280.0,22.0,290.0,48.0,637.0,108.0,1162.0
               Igor,2010,9,19,18,30.8,-65.9,hurricane,1.0,70,952,550,135,0,IGOR,AL112010,2010-09-19 18:00:00,2010-09-19 18:00:00,278.0,18.0,270.0,53.0,638.0,106.0,1061.0
               Igor,2010,9,20,0,31.9,-65.7,hurricane,1.0,65,953,550,150,0,IGOR,AL112010,2010-09-20 00:00:00,2010-09-20 00:00:00,275.0,14.0,308.0,54.0,591.0,96.0,1016.0
               Igor,2010,9,20,60,33.2,-65.2,hurricane,1.0,65,957,600,150,0,IGOR,AL112010,2010-09-20 06:00:00,2010-09-20 06:00:00,268.0,11.0,409.0,47.0,588.0,90.0,1003.0
               Igor,2010,9,20,12,35.1,-64.2,hurricane,1.0,65,960,600,150,0,IGOR,AL112010,2010-09-20 12:00:00,2010-09-20 12:00:00,265.0,8.0,441.0,42.0,567.0,81.0,887.0
               Igor,2010,9,20,18,37.2,-62.6,hurricane,1.0,65,960,600,135,0,IGOR,AL112010,2010-09-20 18:00:00,2010-09-20 18:00:00,262.0,5.0,475.0,40.0,544.0,54.0,747.0
               Igor,2010,9,21,0,39.0,-60.4,hurricane,1.0,65,960,700,135,0,IGOR,AL112010,2010-09-21 00:00:00,2010-09-21 00:00:00,255.0,0.0,508.0,38.0,493.0,13.0,659.0
              Julia,2010,9,14,12,15.9,-29.2,hurricane,1.0,70,987,120,40,0,JULIA,AL122010,2010-09-14 12:00:00,2010-09-14 12:00:00,273.0,13.0,130.0,53.0,590.0,127.0,1257.0
              Julia,2010,9,14,18,16.1,-29.9,hurricane,1.0,80,979,135,40,0,JULIA,AL122010,2010-09-14 18:00:00,2010-09-14 18:00:00,269.0,14.0,116.0,59.0,575.0,124.0,1333.0
              Julia,2010,9,15,0,16.4,-30.6,hurricane,2.0,90,973,150,40,0,JULIA,AL122010,2010-09-15 00:00:00,2010-09-15 00:00:00,269.0,13.0,105.0,59.0,586.0,116.0,1411.0
              Julia,2010,9,15,60,16.9,-31.4,hurricane,3.0,110,956,165,50,1,JULIA,AL122010,2010-09-15 06:00:00,2010-09-15 06:00:00,269.0,11.0,131.0,56.0,575.0,100.0,1502.0
              Julia,2010,9,15,12,17.7,-32.2,hurricane,4.0,120,948,180,50,1,JULIA,AL122010,2010-09-15 12:00:00,2010-09-15 12:00:00,266.0,9.0,179.0,52.0,561.0,98.0,1599.0
              Julia,2010,9,15,18,18.8,-33.0,hurricane,4.0,115,951,195,50,1,JULIA,AL122010,2010-09-15 18:00:00,2010-09-15 18:00:00,264.0,2.0,228.0,56.0,539.0,101.0,1685.0
              Julia,2010,9,16,0,19.9,-34.1,hurricane,3.0,105,958,195,50,1,JULIA,AL122010,2010-09-16 00:00:00,2010-09-16 00:00:00,264.0,1.0,178.0,56.0,512.0,105.0,1782.0
              Julia,2010,9,16,60,20.9,-35.8,hurricane,3.0,100,962,225,50,1,JULIA,AL122010,2010-09-16 06:00:00,2010-09-16 06:00:00,264.0,3.0,143.0,53.0,531.0,109.0,1949.0
              Julia,2010,9,16,12,21.8,-37.7,hurricane,2.0,90,970,225,50,0,JULIA,AL122010,2010-09-16 12:00:00,2010-09-16 12:00:00,266.0,5.0,187.0,48.0,534.0,112.0,2143.0
              Julia,2010,9,16,18,22.7,-40.0,hurricane,1.0,80,977,225,50,0,JULIA,AL122010,2010-09-16 18:00:00,2010-09-16 18:00:00,268.0,12.0,248.0,47.0,545.0,124.0,2311.0
              Julia,2010,9,17,0,23.1,-42.0,hurricane,1.0,75,981,210,50,0,JULIA,AL122010,2010-09-17 00:00:00,2010-09-17 00:00:00,271.0,17.0,266.0,43.0,521.0,127.0,2144.0
              Julia,2010,9,17,60,23.5,-44.0,hurricane,1.0,75,981,210,50,0,JULIA,AL122010,2010-09-17 06:00:00,2010-09-17 06:00:00,273.0,23.0,279.0,47.0,546.0,133.0,1957.0
              Julia,2010,9,17,12,23.9,-45.8,hurricane,1.0,70,983,210,50,0,JULIA,AL122010,2010-09-17 12:00:00,2010-09-17 12:00:00,275.0,27.0,306.0,47.0,512.0,135.0,1797.0
              Julia,2010,9,17,18,24.6,-47.4,hurricane,1.0,65,986,210,50,0,JULIA,AL122010,2010-09-17 18:00:00,2010-09-17 18:00:00,277.0,31.0,328.0,49.0,522.0,139.0,1676.0
               Karl,2010,9,16,18,19.6,-93.3,hurricane,1.0,70,982,110,10,0,KARL,AL132010,2010-09-16 18:00:00,2010-09-16 18:00:00,293.0,39.0,59.0,79.0,618.0,146.0,126.0
               Karl,2010,9,17,0,19.7,-94.1,hurricane,2.0,85,971,140,15,0,KARL,AL132010,2010-09-17 00:00:00,2010-09-17 00:00:00,292.0,39.0,131.0,77.0,630.0,147.0,150.0
               Karl,2010,9,17,60,19.7,-94.9,hurricane,2.0,95,966,160,35,0,KARL,AL132010,2010-09-17 06:00:00,2010-09-17 06:00:00,292.0,37.0,140.0,81.0,626.0,135.0,115.0
               Karl,2010,9,17,12,19.6,-95.6,hurricane,3.0,110,956,150,35,1,KARL,AL132010,2010-09-17 12:00:00,2010-09-17 12:00:00,292.0,37.0,172.0,81.0,632.0,129.0,69.0
               Lisa,2010,9,25,0,20.4,-27.8,hurricane,1.0,75,982,80,20,0,LISA,AL142010,2010-09-25 00:00:00,2010-09-25 00:00:00,259.0,0.0,209.0,45.0,512.0,70.0,1122.0
               Lisa,2010,9,25,60,21.3,-28.0,hurricane,1.0,70,986,80,20,0,LISA,AL142010,2010-09-25 06:00:00,2010-09-25 06:00:00,257.0,0.0,245.0,45.0,519.0,68.0,1139.0
               Otto,2010,10,8,12,25.2,-64.8,hurricane,1.0,65,983,230,35,0,OTTO,AL172010,2010-10-08 12:00:00,2010-10-08 12:00:00,284.0,42.0,247.0,57.0,599.0,92.0,717.0
               Otto,2010,10,8,18,26.2,-63.3,hurricane,1.0,70,980,230,35,0,OTTO,AL172010,2010-10-08 18:00:00,2010-10-08 18:00:00,281.0,36.0,249.0,53.0,603.0,106.0,834.0
               Otto,2010,10,9,0,27.2,-61.7,hurricane,1.0,75,976,260,35,0,OTTO,AL172010,2010-10-09 00:00:00,2010-10-09 00:00:00,278.0,27.0,271.0,47.0,580.0,102.0,976.0
               Otto,2010,10,9,60,28.5,-59.7,hurricane,1.0,75,978,260,40,0,OTTO,AL172010,2010-10-09 06:00:00,2010-10-09 06:00:00,275.0,17.0,301.0,42.0,550.0,91.0,1181.0
               Otto,2010,10,9,12,30.0,-57.3,hurricane,1.0,70,981,260,40,0,OTTO,AL172010,2010-10-09 12:00:00,2010-10-09 12:00:00,268.0,11.0,294.0,41.0,519.0,84.0,1424.0
              Paula,2010,10,12,0,16.5,-84.4,hurricane,1.0,65,996,90,20,0,PAULA,AL182010,2010-10-12 00:00:00,2010-10-12 00:00:00,292.0,62.0,148.0,46.0,570.0,170.0,73.0
              Paula,2010,10,12,60,17.3,-85.0,hurricane,1.0,65,991,90,20,0,PAULA,AL182010,2010-10-12 06:00:00,2010-10-12 06:00:00,293.0,71.0,193.0,48.0,536.0,161.0,145.0
              Paula,2010,10,12,12,18.1,-85.6,hurricane,1.0,75,986,90,20,0,PAULA,AL182010,2010-10-12 12:00:00,2010-10-12 12:00:00,293.0,72.0,242.0,50.0,533.0,160.0,231.0
              Paula,2010,10,12,18,18.8,-85.9,hurricane,2.0,90,981,95,35,0,PAULA,AL182010,2010-10-12 18:00:00,2010-10-12 18:00:00,293.0,84.0,301.0,48.0,533.0,158.0,174.0
              Paula,2010,10,13,0,19.6,-86.0,hurricane,2.0,90,981,95,35,0,PAULA,AL182010,2010-10-13 00:00:00,2010-10-13 00:00:00,292.0,93.0,340.0,51.0,526.0,160.0,148.0
              Paula,2010,10,13,60,20.3,-86.0,hurricane,2.0,85,984,95,25,0,PAULA,AL182010,2010-10-13 06:00:00,2010-10-13 06:00:00,291.0,105.0,342.0,52.0,521.0,155.0,110.0
              Paula,2010,10,13,12,20.9,-85.9,hurricane,2.0,85,987,95,25,0,PAULA,AL182010,2010-10-13 12:00:00,2010-10-13 12:00:00,291.0,103.0,355.0,54.0,541.0,158.0,92.0
              Paula,2010,10,13,18,21.4,-85.8,hurricane,1.0,75,990,90,20,0,PAULA,AL182010,2010-10-13 18:00:00,2010-10-13 18:00:00,290.0,97.0,397.0,50.0,534.0,157.0,101.0
              Paula,2010,10,14,0,21.8,-85.6,hurricane,1.0,75,993,90,20,0,PAULA,AL182010,2010-10-14 00:00:00,2010-10-14 00:00:00,289.0,107.0,418.0,49.0,531.0,160.0,72.0
              Paula,2010,10,14,60,22.2,-85.2,hurricane,1.0,70,995,90,20,0,PAULA,AL182010,2010-10-14 06:00:00,2010-10-14 06:00:00,288.0,119.0,455.0,46.0,510.0,166.0,45.0
            Richard,2010,10,24,60,16.5,-85.2,hurricane,1.0,65,992,130,10,0,RICHARD,AL192010,2010-10-24 06:00:00,2010-10-24 06:00:00,291.0,54.0,48.0,64.0,565.0,139.0,61.0
            Richard,2010,10,24,12,16.8,-86.3,hurricane,1.0,75,990,140,25,0,RICHARD,AL192010,2010-10-24 12:00:00,2010-10-24 12:00:00,290.0,67.0,102.0,66.0,564.0,150.0,92.0
            Richard,2010,10,24,18,17.0,-87.3,hurricane,1.0,80,984,140,25,0,RICHARD,AL192010,2010-10-24 18:00:00,2010-10-24 18:00:00,290.0,69.0,115.0,61.0,575.0,152.0,97.0
            Richard,2010,10,25,0,17.2,-88.2,hurricane,2.0,85,977,140,25,0,RICHARD,AL192010,2010-10-25 00:00:00,2010-10-25 00:00:00,294.0,70.0,149.0,56.0,590.0,144.0,10.0
              Shary,2010,10,30,0,31.3,-64.0,hurricane,1.0,65,990,130,10,0,SHARY,AL202010,2010-10-30 00:00:00,2010-10-30 00:00:00,252.0,0.0,454.0,39.0,386.0,88.0,1190.0
              Tomas,2010,10,30,12,13.1,-60.1,hurricane,1.0,65,993,170,20,0,TOMAS,AL212010,2010-10-30 12:00:00,2010-10-30 12:00:00,287.0,55.0,185.0,63.0,594.0,147.0,51.0
              Tomas,2010,10,30,18,13.3,-61.0,hurricane,1.0,80,990,170,20,0,TOMAS,AL212010,2010-10-30 18:00:00,2010-10-30 18:00:00,287.0,57.0,205.0,68.0,599.0,152.0,12.0
              Tomas,2010,10,31,0,13.5,-61.7,hurricane,2.0,85,982,170,40,0,TOMAS,AL212010,2010-10-31 00:00:00,2010-10-31 00:00:00,287.0,57.0,209.0,68.0,596.0,151.0,54.0
              Tomas,2010,10,31,60,13.8,-62.4,hurricane,2.0,85,983,170,40,0,TOMAS,AL212010,2010-10-31 06:00:00,2010-10-31 06:00:00,288.0,63.0,194.0,66.0,581.0,148.0,136.0
              Tomas,2010,10,31,12,14.0,-63.3,hurricane,1.0,80,988,170,40,0,TOMAS,AL212010,2010-10-31 12:00:00,2010-10-31 12:00:00,288.0,61.0,217.0,70.0,576.0,148.0,235.0
              Tomas,2010,10,31,18,14.2,-64.4,hurricane,1.0,65,994,170,15,0,TOMAS,AL212010,2010-10-31 18:00:00,2010-10-31 18:00:00,289.0,58.0,229.0,70.0,570.0,154.0,345.0
              Tomas,2010,11,5,60,17.7,-75.2,hurricane,1.0,70,985,150,15,0,TOMAS,AL212010,2010-11-05 06:00:00,2010-11-05 06:00:00,289.0,73.0,151.0,74.0,605.0,158.0,111.0
              Tomas,2010,11,5,12,18.7,-74.7,hurricane,1.0,75,987,170,30,0,TOMAS,AL212010,2010-11-05 12:00:00,2010-11-05 12:00:00,290.0,77.0,186.0,71.0,618.0,157.0,33.0
              Tomas,2010,11,5,18,19.7,-74.0,hurricane,1.0,70,992,170,15,0,TOMAS,AL212010,2010-11-05 18:00:00,2010-11-05 18:00:00,290.0,84.0,137.0,65.0,620.0,155.0,54.0
              Tomas,2010,11,6,18,23.8,-70.3,hurricane,1.0,65,988,175,20,0,TOMAS,AL212010,2010-11-06 18:00:00,2010-11-06 18:00:00,278.0,45.0,303.0,39.0,556.0,104.0,391.0
              Tomas,2010,11,7,0,24.9,-69.8,hurricane,1.0,70,987,175,20,0,TOMAS,AL212010,2010-11-07 00:00:00,2010-11-07 00:00:00,275.0,35.0,374.0,35.0,496.0,103.0,516.0
              Tomas,2010,11,7,60,25.4,-69.6,hurricane,1.0,65,990,175,20,0,TOMAS,AL212010,2010-11-07 06:00:00,2010-11-07 06:00:00,271.0,30.0,506.0,35.0,468.0,102.0,571.0
              Irene,2011,8,22,12,18.9,-67.0,hurricane,1.0,70,989,220,25,0,IRENE,AL092011,2011-08-22 12:00:00,2011-08-22 12:00:00,288.0,73.0,157.0,56.0,599.0,139.0,44.0
              Irene,2011,8,22,18,19.3,-68.0,hurricane,1.0,75,988,200,25,0,IRENE,AL092011,2011-08-22 18:00:00,2011-08-22 18:00:00,288.0,68.0,220.0,54.0,596.0,139.0,80.0
              Irene,2011,8,23,0,19.7,-68.8,hurricane,1.0,80,981,210,35,0,IRENE,AL092011,2011-08-23 00:00:00,2011-08-23 00:00:00,287.0,70.0,189.0,53.0,592.0,143.0,57.0
              Irene,2011,8,23,60,20.1,-69.7,hurricane,1.0,80,978,270,65,0,IRENE,AL092011,2011-08-23 06:00:00,2011-08-23 06:00:00,287.0,70.0,148.0,58.0,574.0,144.0,57.0
              Irene,2011,8,23,12,20.4,-70.6,hurricane,1.0,80,978,270,65,0,IRENE,AL092011,2011-08-23 12:00:00,2011-08-23 12:00:00,288.0,69.0,170.0,55.0,579.0,142.0,63.0
              Irene,2011,8,23,18,20.7,-71.2,hurricane,1.0,80,977,270,65,0,IRENE,AL092011,2011-08-23 18:00:00,2011-08-23 18:00:00,289.0,72.0,225.0,58.0,583.0,142.0,88.0
              Irene,2011,8,24,0,21.0,-71.9,hurricane,1.0,80,969,300,65,0,IRENE,AL092011,2011-08-24 00:00:00,2011-08-24 00:00:00,289.0,77.0,231.0,60.0,576.0,143.0,118.0
              Irene,2011,8,24,60,21.3,-72.5,hurricane,2.0,95,965,300,65,0,IRENE,AL092011,2011-08-24 06:00:00,2011-08-24 06:00:00,289.0,72.0,168.0,61.0,587.0,142.0,52.0
              Irene,2011,8,24,12,21.9,-73.3,hurricane,3.0,105,957,300,80,1,IRENE,AL092011,2011-08-24 12:00:00,2011-08-24 12:00:00,290.0,70.0,173.0,64.0,589.0,145.0,72.0
              Irene,2011,8,24,18,22.7,-74.3,hurricane,3.0,100,954,330,85,1,IRENE,AL092011,2011-08-24 18:00:00,2011-08-24 18:00:00,291.0,70.0,179.0,65.0,615.0,149.0,190.0
              Irene,2011,8,25,0,23.5,-75.1,hurricane,2.0,95,952,330,110,0,IRENE,AL092011,2011-08-25 00:00:00,2011-08-25 00:00:00,292.0,68.0,191.0,65.0,606.0,147.0,249.0
              Irene,2011,8,25,60,24.1,-75.9,hurricane,2.0,95,950,330,110,0,IRENE,AL092011,2011-08-25 06:00:00,2011-08-25 06:00:00,293.0,77.0,155.0,67.0,615.0,140.0,165.0
              Irene,2011,8,25,12,25.4,-76.6,hurricane,2.0,90,950,360,110,0,IRENE,AL092011,2011-08-25 12:00:00,2011-08-25 12:00:00,294.0,82.0,149.0,65.0,617.0,134.0,140.0
              Irene,2011,8,25,18,26.5,-77.2,hurricane,2.0,90,950,375,110,0,IRENE,AL092011,2011-08-25 18:00:00,2011-08-25 18:00:00,293.0,81.0,174.0,64.0,616.0,133.0,169.0
              Irene,2011,8,26,0,27.7,-77.3,hurricane,2.0,90,946,375,110,0,IRENE,AL092011,2011-08-26 00:00:00,2011-08-26 00:00:00,292.0,82.0,168.0,63.0,625.0,135.0,289.0
              Irene,2011,8,26,60,28.8,-77.3,hurricane,2.0,90,942,380,130,0,IRENE,AL092011,2011-08-26 06:00:00,2011-08-26 06:00:00,290.0,64.0,170.0,63.0,625.0,136.0,328.0
              Irene,2011,8,26,12,30.0,-77.4,hurricane,2.0,85,947,380,130,0,IRENE,AL092011,2011-08-26 12:00:00,2011-08-26 12:00:00,287.0,59.0,130.0,59.0,636.0,133.0,354.0
              Irene,2011,8,26,18,31.1,-77.5,hurricane,1.0,80,950,400,130,0,IRENE,AL092011,2011-08-26 18:00:00,2011-08-26 18:00:00,286.0,60.0,185.0,55.0,626.0,133.0,279.0
              Irene,2011,8,27,0,32.1,-77.1,hurricane,1.0,75,952,365,120,0,IRENE,AL092011,2011-08-27 00:00:00,2011-08-27 00:00:00,284.0,59.0,213.0,54.0,615.0,117.0,218.0
              Irene,2011,8,27,60,33.4,-76.8,hurricane,1.0,75,952,365,120,0,IRENE,AL092011,2011-08-27 06:00:00,2011-08-27 06:00:00,280.0,52.0,198.0,55.0,603.0,105.0,125.0
              Irene,2011,8,27,12,34.7,-76.6,hurricane,1.0,75,952,375,120,0,IRENE,AL092011,2011-08-27 12:00:00,2011-08-27 12:00:00,275.0,48.0,251.0,52.0,616.0,94.0,7.0
              Irene,2011,8,28,0,36.7,-75.7,hurricane,1.0,65,951,360,75,0,IRENE,AL092011,2011-08-28 00:00:00,2011-08-28 00:00:00,259.0,1.0,427.0,53.0,562.0,49.0,21.0
              Irene,2011,8,28,60,38.1,-75.0,hurricane,1.0,65,958,390,75,0,IRENE,AL092011,2011-08-28 06:00:00,2011-08-28 06:00:00,239.0,0.0,474.0,53.0,568.0,19.0,24.0
              Katia,2011,9,1,0,14.8,-43.5,hurricane,1.0,65,988,190,20,0,KATIA,AL122011,2011-09-01 00:00:00,2011-09-01 00:00:00,274.0,27.0,132.0,60.0,558.0,128.0,1457.0
              Katia,2011,9,1,60,15.1,-45.2,hurricane,1.0,65,988,200,20,0,KATIA,AL122011,2011-09-01 06:00:00,2011-09-01 06:00:00,274.0,31.0,132.0,61.0,563.0,131.0,1365.0
              Katia,2011,9,1,12,15.3,-46.9,hurricane,1.0,65,988,220,30,0,KATIA,AL122011,2011-09-01 12:00:00,2011-09-01 12:00:00,275.0,37.0,187.0,61.0,525.0,129.0,1278.0
              Katia,2011,9,1,18,15.7,-48.5,hurricane,1.0,65,988,230,30,0,KATIA,AL122011,2011-09-01 18:00:00,2011-09-01 18:00:00,277.0,42.0,188.0,63.0,535.0,134.0,1209.0
              Katia,2011,9,2,0,16.2,-50.0,hurricane,1.0,65,988,240,30,0,KATIA,AL122011,2011-09-02 00:00:00,2011-09-02 00:00:00,277.0,48.0,191.0,64.0,548.0,137.0,1068.0
              Katia,2011,9,2,60,16.8,-51.2,hurricane,1.0,65,988,240,30,0,KATIA,AL122011,2011-09-02 06:00:00,2011-09-02 06:00:00,279.0,50.0,145.0,65.0,548.0,138.0,971.0
              Katia,2011,9,2,12,17.4,-52.1,hurricane,1.0,65,987,240,30,0,KATIA,AL122011,2011-09-02 12:00:00,2011-09-02 12:00:00,279.0,51.0,151.0,60.0,559.0,136.0,916.0
              Katia,2011,9,2,18,18.0,-53.0,hurricane,1.0,65,987,240,30,0,KATIA,AL122011,2011-09-02 18:00:00,2011-09-02 18:00:00,279.0,53.0,216.0,58.0,541.0,141.0,874.0
              Katia,2011,9,3,0,18.4,-53.9,hurricane,1.0,65,987,240,30,0,KATIA,AL122011,2011-09-03 00:00:00,2011-09-03 00:00:00,280.0,54.0,197.0,55.0,518.0,148.0,830.0
              Katia,2011,9,3,60,18.8,-54.7,hurricane,1.0,65,987,240,30,0,KATIA,AL122011,2011-09-03 06:00:00,2011-09-03 06:00:00,281.0,54.0,201.0,55.0,515.0,152.0,755.0
              Katia,2011,9,3,12,19.4,-55.4,hurricane,1.0,65,986,240,30,0,KATIA,AL122011,2011-09-03 12:00:00,2011-09-03 12:00:00,282.0,55.0,198.0,54.0,515.0,151.0,696.0
              Katia,2011,9,3,18,19.9,-56.2,hurricane,1.0,65,982,240,30,0,KATIA,AL122011,2011-09-03 18:00:00,2011-09-03 18:00:00,283.0,54.0,190.0,48.0,501.0,149.0,635.0
              Katia,2011,9,4,0,20.4,-57.1,hurricane,1.0,70,978,240,30,0,KATIA,AL122011,2011-09-04 00:00:00,2011-09-04 00:00:00,284.0,54.0,143.0,48.0,495.0,150.0,576.0
              Katia,2011,9,4,60,21.1,-57.9,hurricane,1.0,75,969,240,50,0,KATIA,AL122011,2011-09-04 06:00:00,2011-09-04 06:00:00,284.0,54.0,165.0,47.0,510.0,148.0,556.0
              Katia,2011,9,4,12,21.7,-58.8,hurricane,2.0,85,961,240,60,0,KATIA,AL122011,2011-09-04 12:00:00,2011-09-04 12:00:00,284.0,53.0,148.0,44.0,523.0,147.0,545.0
              Katia,2011,9,4,18,22.3,-59.7,hurricane,2.0,90,959,240,70,0,KATIA,AL122011,2011-09-04 18:00:00,2011-09-04 18:00:00,285.0,47.0,167.0,43.0,553.0,149.0,556.0
              Katia,2011,9,5,0,23.0,-60.6,hurricane,2.0,90,957,250,70,0,KATIA,AL122011,2011-09-05 00:00:00,2011-09-05 00:00:00,286.0,48.0,96.0,48.0,547.0,151.0,579.0
              Katia,2011,9,5,60,23.6,-61.6,hurricane,2.0,95,954,250,80,0,KATIA,AL122011,2011-09-05 06:00:00,2011-09-05 06:00:00,287.0,50.0,81.0,45.0,559.0,148.0,608.0
              Katia,2011,9,5,12,24.2,-62.6,hurricane,3.0,100,950,270,100,1,KATIA,AL122011,2011-09-05 12:00:00,2011-09-05 12:00:00,288.0,52.0,45.0,43.0,582.0,142.0,631.0
              Katia,2011,9,5,18,24.8,-63.4,hurricane,3.0,110,946,280,100,1,KATIA,AL122011,2011-09-05 18:00:00,2011-09-05 18:00:00,288.0,49.0,167.0,45.0,558.0,143.0,678.0
              Katia,2011,9,6,0,25.6,-64.0,hurricane,4.0,120,942,290,100,1,KATIA,AL122011,2011-09-06 00:00:00,2011-09-06 00:00:00,288.0,45.0,108.0,43.0,557.0,145.0,761.0
              Katia,2011,9,6,60,26.2,-64.8,hurricane,4.0,115,946,290,100,1,KATIA,AL122011,2011-09-06 06:00:00,2011-09-06 06:00:00,288.0,39.0,129.0,46.0,552.0,141.0,828.0
              Katia,2011,9,6,12,26.7,-65.6,hurricane,3.0,105,954,290,105,1,KATIA,AL122011,2011-09-06 12:00:00,2011-09-06 12:00:00,288.0,35.0,123.0,45.0,560.0,140.0,892.0
              Katia,2011,9,6,18,27.3,-66.2,hurricane,2.0,95,959,300,110,0,KATIA,AL122011,2011-09-06 18:00:00,2011-09-06 18:00:00,288.0,29.0,163.0,51.0,544.0,141.0,932.0
              Katia,2011,9,7,0,27.7,-66.9,hurricane,2.0,85,964,300,110,0,KATIA,AL122011,2011-09-07 00:00:00,2011-09-07 00:00:00,288.0,33.0,198.0,53.0,529.0,137.0,940.0
              Katia,2011,9,7,60,28.2,-67.6,hurricane,2.0,85,967,300,110,0,KATIA,AL122011,2011-09-07 06:00:00,2011-09-07 06:00:00,286.0,32.0,174.0,52.0,555.0,131.0,939.0
              Katia,2011,9,7,12,28.8,-68.4,hurricane,1.0,80,969,310,110,0,KATIA,AL122011,2011-09-07 12:00:00,2011-09-07 12:00:00,286.0,34.0,161.0,53.0,548.0,125.0,952.0
              Katia,2011,9,7,18,29.4,-69.3,hurricane,1.0,80,969,330,110,0,KATIA,AL122011,2011-09-07 18:00:00,2011-09-07 18:00:00,283.0,30.0,187.0,62.0,541.0,117.0,902.0
              Katia,2011,9,8,0,30.3,-69.9,hurricane,1.0,80,968,350,120,0,KATIA,AL122011,2011-09-08 00:00:00,2011-09-08 00:00:00,280.0,26.0,142.0,61.0,553.0,110.0,792.0
              Katia,2011,9,8,60,31.5,-70.1,hurricane,1.0,80,967,360,130,0,KATIA,AL122011,2011-09-08 06:00:00,2011-09-08 06:00:00,276.0,22.0,143.0,59.0,556.0,103.0,694.0
              Katia,2011,9,8,12,32.8,-70.2,hurricane,1.0,80,966,360,130,0,KATIA,AL122011,2011-09-08 12:00:00,2011-09-08 12:00:00,272.0,18.0,101.0,57.0,576.0,104.0,599.0
              Katia,2011,9,8,18,34.1,-70.0,hurricane,1.0,80,965,380,120,0,KATIA,AL122011,2011-09-08 18:00:00,2011-09-08 18:00:00,268.0,16.0,139.0,60.0,563.0,103.0,550.0
              Katia,2011,9,9,0,35.6,-69.4,hurricane,1.0,80,964,380,110,0,KATIA,AL122011,2011-09-09 00:00:00,2011-09-09 00:00:00,270.0,17.0,200.0,53.0,568.0,89.0,572.0
              Katia,2011,9,9,60,37.1,-68.4,hurricane,1.0,75,963,370,105,0,KATIA,AL122011,2011-09-09 06:00:00,2011-09-09 06:00:00,267.0,20.0,226.0,51.0,574.0,75.0,527.0
              Katia,2011,9,9,12,38.5,-67.1,hurricane,1.0,75,961,380,105,0,KATIA,AL122011,2011-09-09 12:00:00,2011-09-09 12:00:00,255.0,17.0,279.0,47.0,551.0,38.0,430.0
              Katia,2011,9,9,18,39.8,-64.6,hurricane,1.0,75,960,390,110,0,KATIA,AL122011,2011-09-09 18:00:00,2011-09-09 18:00:00,252.0,0.0,385.0,45.0,506.0,36.0,424.0
              Maria,2011,9,15,18,33.7,-66.9,hurricane,1.0,65,987,240,40,0,MARIA,AL142011,2011-09-15 18:00:00,2011-09-15 18:00:00,270.0,15.0,383.0,51.0,558.0,82.0,836.0
              Maria,2011,9,16,0,36.8,-64.8,hurricane,1.0,70,984,240,40,0,MARIA,AL142011,2011-09-16 00:00:00,2011-09-16 00:00:00,268.0,17.0,397.0,48.0,523.0,13.0,701.0
              Maria,2011,9,16,60,39.8,-62.1,hurricane,1.0,70,983,240,40,0,MARIA,AL142011,2011-09-16 06:00:00,2011-09-16 06:00:00,257.0,0.0,389.0,45.0,470.0,0.0,502.0
               Nate,2011,9,8,18,19.7,-92.3,hurricane,1.0,65,995,195,40,0,NATE,AL152011,2011-09-08 18:00:00,2011-09-08 18:00:00,292.0,35.0,30.0,52.0,516.0,157.0,113.0
               Nate,2011,9,9,0,19.7,-92.1,hurricane,1.0,65,994,195,40,0,NATE,AL152011,2011-09-09 00:00:00,2011-09-09 00:00:00,292.0,36.0,43.0,54.0,516.0,147.0,109.0
            Ophelia,2011,9,29,18,21.0,-61.9,hurricane,1.0,65,987,180,25,0,OPHELIA,AL162011,2011-09-29 18:00:00,2011-09-29 18:00:00,286.0,71.0,276.0,58.0,522.0,139.0,322.0
            Ophelia,2011,9,30,0,21.6,-62.3,hurricane,1.0,70,982,210,40,0,OPHELIA,AL162011,2011-09-30 00:00:00,2011-09-30 00:00:00,287.0,69.0,277.0,57.0,520.0,135.0,375.0
            Ophelia,2011,9,30,60,22.4,-62.7,hurricane,2.0,85,971,240,45,0,OPHELIA,AL162011,2011-09-30 06:00:00,2011-09-30 06:00:00,286.0,61.0,225.0,55.0,521.0,126.0,439.0
            Ophelia,2011,9,30,12,23.4,-63.0,hurricane,2.0,95,966,240,45,0,OPHELIA,AL162011,2011-09-30 12:00:00,2011-09-30 12:00:00,286.0,56.0,196.0,54.0,528.0,119.0,534.0
            Ophelia,2011,9,30,18,24.6,-63.3,hurricane,3.0,100,959,240,45,1,OPHELIA,AL162011,2011-09-30 18:00:00,2011-09-30 18:00:00,286.0,51.0,189.0,57.0,521.0,124.0,658.0
            Ophelia,2011,10,1,0,25.9,-63.3,hurricane,3.0,105,955,270,50,1,OPHELIA,AL162011,2011-10-01 00:00:00,2011-10-01 00:00:00,284.0,38.0,142.0,59.0,512.0,135.0,801.0
            Ophelia,2011,10,1,60,27.3,-63.2,hurricane,3.0,105,951,270,50,1,OPHELIA,AL162011,2011-10-01 06:00:00,2011-10-01 06:00:00,281.0,26.0,140.0,61.0,519.0,138.0,956.0
            Ophelia,2011,10,1,12,28.9,-63.1,hurricane,3.0,105,948,270,50,1,OPHELIA,AL162011,2011-10-01 12:00:00,2011-10-01 12:00:00,278.0,23.0,183.0,64.0,516.0,131.0,1134.0
            Ophelia,2011,10,1,18,30.7,-62.9,hurricane,3.0,110,946,270,50,1,OPHELIA,AL162011,2011-10-01 18:00:00,2011-10-01 18:00:00,272.0,18.0,184.0,63.0,523.0,120.0,1314.0
            Ophelia,2011,10,2,0,32.8,-62.5,hurricane,4.0,120,940,270,50,1,OPHELIA,AL162011,2011-10-02 00:00:00,2011-10-02 00:00:00,265.0,2.0,230.0,64.0,539.0,101.0,1188.0
            Ophelia,2011,10,2,60,35.0,-62.1,hurricane,3.0,110,945,270,50,1,OPHELIA,AL162011,2011-10-02 06:00:00,2011-10-02 06:00:00,257.0,0.0,270.0,63.0,535.0,40.0,994.0
            Ophelia,2011,10,2,12,37.4,-61.6,hurricane,3.0,105,951,270,50,1,OPHELIA,AL162011,2011-10-02 12:00:00,2011-10-02 12:00:00,255.0,0.0,308.0,61.0,500.0,0.0,758.0
            Ophelia,2011,10,2,18,40.1,-60.8,hurricane,2.0,90,960,290,60,0,OPHELIA,AL162011,2011-10-02 18:00:00,2011-10-02 18:00:00,238.0,0.0,377.0,62.0,489.0,0.0,535.0
           Philippe,2011,10,4,0,23.8,-56.6,hurricane,1.0,65,992,135,25,0,PHILIPPE,AL172011,2011-10-04 00:00:00,2011-10-04 00:00:00,283.0,41.0,224.0,38.0,420.0,149.0,867.0
           Philippe,2011,10,4,60,23.7,-57.7,hurricane,1.0,65,992,135,25,0,PHILIPPE,AL172011,2011-10-04 06:00:00,2011-10-04 06:00:00,283.0,44.0,197.0,37.0,443.0,147.0,792.0
           Philippe,2011,10,6,60,26.5,-61.0,hurricane,1.0,65,987,120,20,0,PHILIPPE,AL172011,2011-10-06 06:00:00,2011-10-06 06:00:00,281.0,32.0,317.0,47.0,479.0,155.0,926.0
           Philippe,2011,10,6,12,27.4,-60.4,hurricane,1.0,70,983,120,20,0,PHILIPPE,AL172011,2011-10-06 12:00:00,2011-10-06 12:00:00,279.0,22.0,376.0,49.0,485.0,141.0,1041.0
           Philippe,2011,10,6,18,28.2,-59.7,hurricane,1.0,80,977,135,35,0,PHILIPPE,AL172011,2011-10-06 18:00:00,2011-10-06 18:00:00,276.0,20.0,382.0,48.0,492.0,143.0,1151.0
           Philippe,2011,10,7,0,28.7,-58.8,hurricane,1.0,80,976,150,45,0,PHILIPPE,AL172011,2011-10-07 00:00:00,2011-10-07 00:00:00,275.0,19.0,394.0,47.0,486.0,142.0,1233.0
           Philippe,2011,10,7,60,29.0,-57.7,hurricane,1.0,80,976,150,50,0,PHILIPPE,AL172011,2011-10-07 06:00:00,2011-10-07 06:00:00,272.0,20.0,394.0,47.0,489.0,144.0,1306.0
           Philippe,2011,10,7,12,29.3,-56.5,hurricane,1.0,80,977,165,50,0,PHILIPPE,AL172011,2011-10-07 12:00:00,2011-10-07 12:00:00,272.0,14.0,426.0,46.0,484.0,139.0,1390.0
           Philippe,2011,10,7,18,29.7,-55.1,hurricane,1.0,70,981,165,40,0,PHILIPPE,AL172011,2011-10-07 18:00:00,2011-10-07 18:00:00,271.0,13.0,431.0,47.0,482.0,137.0,1498.0
           Philippe,2011,10,8,0,30.1,-53.5,hurricane,1.0,65,986,165,30,0,PHILIPPE,AL172011,2011-10-08 00:00:00,2011-10-08 00:00:00,268.0,10.0,418.0,47.0,456.0,108.0,1616.0
               Rina,2011,10,24,18,17.1,-83.0,hurricane,1.0,65,991,160,25,0,RINA,AL182011,2011-10-24 18:00:00,2011-10-24 18:00:00,290.0,70.0,221.0,55.0,532.0,181.0,195.0
               Rina,2011,10,25,0,17.2,-83.2,hurricane,1.0,75,982,160,25,0,RINA,AL182011,2011-10-25 00:00:00,2011-10-25 00:00:00,289.0,69.0,188.0,55.0,536.0,183.0,190.0
               Rina,2011,10,25,60,17.3,-83.5,hurricane,2.0,90,976,160,25,0,RINA,AL182011,2011-10-25 06:00:00,2011-10-25 06:00:00,289.0,67.0,150.0,53.0,540.0,178.0,183.0
               Rina,2011,10,25,12,17.3,-83.8,hurricane,2.0,95,972,160,25,0,RINA,AL182011,2011-10-25 12:00:00,2011-10-25 12:00:00,289.0,65.0,215.0,52.0,539.0,179.0,171.0
               Rina,2011,10,25,18,17.3,-84.2,hurricane,3.0,100,971,175,40,1,RINA,AL182011,2011-10-25 18:00:00,2011-10-25 18:00:00,291.0,65.0,214.0,51.0,526.0,181.0,164.0
               Rina,2011,10,26,0,17.4,-84.6,hurricane,3.0,100,966,175,45,1,RINA,AL182011,2011-10-26 00:00:00,2011-10-26 00:00:00,290.0,63.0,201.0,54.0,512.0,182.0,162.0
               Rina,2011,10,26,60,17.5,-85.0,hurricane,3.0,100,969,180,45,1,RINA,AL182011,2011-10-26 06:00:00,2011-10-26 06:00:00,290.0,63.0,161.0,53.0,518.0,172.0,168.0
               Rina,2011,10,26,12,17.7,-85.4,hurricane,2.0,85,973,180,40,0,RINA,AL182011,2011-10-26 12:00:00,2011-10-26 12:00:00,290.0,63.0,161.0,55.0,528.0,170.0,193.0
               Rina,2011,10,26,18,18.0,-85.8,hurricane,1.0,80,976,160,30,0,RINA,AL182011,2011-10-26 18:00:00,2011-10-26 18:00:00,291.0,64.0,174.0,55.0,536.0,170.0,213.0
               Rina,2011,10,27,0,18.3,-86.3,hurricane,1.0,80,978,160,30,0,RINA,AL182011,2011-10-27 00:00:00,2011-10-27 00:00:00,288.0,67.0,229.0,54.0,522.0,170.0,153.0
               Rina,2011,10,27,60,18.6,-86.7,hurricane,1.0,65,987,135,30,0,RINA,AL182011,2011-10-27 06:00:00,2011-10-27 06:00:00,288.0,67.0,230.0,53.0,498.0,158.0,103.0
              Chris,2012,6,21,60,39.5,-45.5,hurricane,1.0,70,982,120,25,0,CHRIS,AL032012,2012-06-21 06:00:00,2012-06-21 06:00:00,208.0,0.0,245.0,57.0,360.0,22.0,1005.0
              Chris,2012,6,21,12,40.5,-43.9,hurricane,1.0,75,974,130,30,0,CHRIS,AL032012,2012-06-21 12:00:00,2012-06-21 12:00:00,202.0,0.0,185.0,61.0,357.0,14.0,1007.0
              Chris,2012,6,21,18,41.9,-42.9,hurricane,1.0,70,975,130,25,0,CHRIS,AL032012,2012-06-21 18:00:00,2012-06-21 18:00:00,195.0,0.0,139.0,63.0,354.0,0.0,965.0
            Ernesto,2012,8,7,12,17.8,-84.4,hurricane,1.0,65,988,160,20,0,ERNESTO,AL052012,2012-08-07 12:00:00,2012-08-07 12:00:00,290.0,71.0,115.0,74.0,622.0,140.0,210.0
            Ernesto,2012,8,7,18,18.4,-85.7,hurricane,1.0,75,983,190,30,0,ERNESTO,AL052012,2012-08-07 18:00:00,2012-08-07 18:00:00,292.0,76.0,113.0,74.0,630.0,147.0,210.0
            Ernesto,2012,8,8,0,18.7,-87.1,hurricane,1.0,80,979,210,30,0,ERNESTO,AL052012,2012-08-08 00:00:00,2012-08-08 00:00:00,289.0,71.0,65.0,72.0,644.0,151.0,59.0
             Gordon,2012,8,18,60,34.0,-41.5,hurricane,1.0,65,987,190,20,0,GORDON,AL082012,2012-08-18 06:00:00,2012-08-18 06:00:00,266.0,3.0,232.0,46.0,473.0,101.0,1714.0
             Gordon,2012,8,18,12,34.0,-39.6,hurricane,1.0,75,979,190,30,0,GORDON,AL082012,2012-08-18 12:00:00,2012-08-18 12:00:00,264.0,2.0,288.0,46.0,476.0,91.0,1811.0
             Gordon,2012,8,18,18,34.0,-37.5,hurricane,2.0,90,969,190,50,0,GORDON,AL082012,2012-08-18 18:00:00,2012-08-18 18:00:00,261.0,0.0,313.0,48.0,470.0,86.0,1928.0
             Gordon,2012,8,19,0,34.3,-35.0,hurricane,2.0,95,965,190,50,0,GORDON,AL082012,2012-08-19 00:00:00,2012-08-19 00:00:00,257.0,0.0,308.0,48.0,462.0,79.0,2054.0
             Gordon,2012,8,19,60,34.7,-32.6,hurricane,2.0,90,969,190,50,0,GORDON,AL082012,2012-08-19 06:00:00,2012-08-19 06:00:00,255.0,0.0,333.0,46.0,450.0,67.0,1978.0
             Gordon,2012,8,19,12,35.2,-30.6,hurricane,2.0,90,969,190,50,0,GORDON,AL082012,2012-08-19 12:00:00,2012-08-19 12:00:00,249.0,0.0,318.0,44.0,434.0,59.0,1839.0
             Gordon,2012,8,19,18,35.7,-28.5,hurricane,1.0,80,977,190,50,0,GORDON,AL082012,2012-08-19 18:00:00,2012-08-19 18:00:00,246.0,0.0,314.0,43.0,418.0,54.0,1703.0
             Gordon,2012,8,20,0,36.4,-26.6,hurricane,1.0,70,981,170,50,0,GORDON,AL082012,2012-08-20 00:00:00,2012-08-20 00:00:00,239.0,0.0,330.0,40.0,398.0,51.0,1530.0
              Isaac,2012,8,28,12,28.0,-88.3,hurricane,1.0,65,975,310,60,0,ISAAC,AL092012,2012-08-28 12:00:00,2012-08-28 12:00:00,295.0,56.0,64.0,55.0,571.0,134.0,143.0
              Isaac,2012,8,28,18,28.6,-88.8,hurricane,1.0,70,972,320,60,0,ISAAC,AL092012,2012-08-28 18:00:00,2012-08-28 18:00:00,295.0,52.0,163.0,55.0,584.0,136.0,60.0
              Isaac,2012,8,29,0,28.9,-89.4,hurricane,1.0,70,967,330,60,0,ISAAC,AL092012,2012-08-29 00:00:00,2012-08-29 00:00:00,295.0,46.0,117.0,54.0,621.0,133.0,26.0
              Isaac,2012,8,29,60,29.1,-90.0,hurricane,1.0,70,966,330,50,0,ISAAC,AL092012,2012-08-29 06:00:00,2012-08-29 06:00:00,294.0,46.0,72.0,55.0,621.0,137.0,14.0
               Kirk,2012,8,30,12,26.8,-49.3,hurricane,1.0,65,989,90,15,0,KIRK,AL112012,2012-08-30 12:00:00,2012-08-30 12:00:00,278.0,21.0,93.0,44.0,457.0,134.0,1635.0
               Kirk,2012,8,30,18,27.6,-50.1,hurricane,1.0,75,985,90,25,0,KIRK,AL112012,2012-08-30 18:00:00,2012-08-30 18:00:00,279.0,20.0,80.0,47.0,450.0,133.0,1627.0
               Kirk,2012,8,31,0,28.5,-50.5,hurricane,1.0,80,981,90,25,0,KIRK,AL112012,2012-08-31 00:00:00,2012-08-31 00:00:00,280.0,19.0,61.0,49.0,447.0,133.0,1665.0
               Kirk,2012,8,31,60,29.6,-50.7,hurricane,2.0,90,970,90,25,0,KIRK,AL112012,2012-08-31 06:00:00,2012-08-31 06:00:00,279.0,17.0,37.0,51.0,459.0,126.0,1739.0
               Kirk,2012,8,31,12,30.6,-50.9,hurricane,2.0,90,972,100,30,0,KIRK,AL112012,2012-08-31 12:00:00,2012-08-31 12:00:00,278.0,17.0,63.0,51.0,469.0,118.0,1793.0
               Kirk,2012,8,31,18,31.7,-50.6,hurricane,1.0,80,980,100,30,0,KIRK,AL112012,2012-08-31 18:00:00,2012-08-31 18:00:00,276.0,13.0,78.0,51.0,469.0,114.0,1674.0
               Kirk,2012,9,1,0,33.1,-50.0,hurricane,1.0,70,988,100,15,0,KIRK,AL112012,2012-09-01 00:00:00,2012-09-01 00:00:00,270.0,6.0,71.0,52.0,476.0,115.0,1528.0
               Kirk,2012,9,1,60,34.6,-48.9,hurricane,1.0,65,990,100,15,0,KIRK,AL112012,2012-09-01 06:00:00,2012-09-01 06:00:00,266.0,2.0,74.0,52.0,485.0,99.0,1384.0
             Leslie,2012,9,5,60,25.4,-62.8,hurricane,1.0,65,985,340,15,0,LESLIE,AL122012,2012-09-05 06:00:00,2012-09-05 06:00:00,287.0,45.0,199.0,55.0,538.0,155.0,755.0
             Leslie,2012,9,5,12,25.6,-62.8,hurricane,1.0,70,982,340,20,0,LESLIE,AL122012,2012-09-05 12:00:00,2012-09-05 12:00:00,287.0,45.0,171.0,52.0,553.0,153.0,777.0
             Leslie,2012,9,5,18,25.8,-62.7,hurricane,1.0,70,982,340,35,0,LESLIE,AL122012,2012-09-05 18:00:00,2012-09-05 18:00:00,287.0,39.0,197.0,54.0,558.0,156.0,800.0
             Leslie,2012,9,6,0,26.0,-62.6,hurricane,1.0,65,984,320,35,0,LESLIE,AL122012,2012-09-06 00:00:00,2012-09-06 00:00:00,287.0,39.0,195.0,52.0,555.0,157.0,824.0
             Leslie,2012,9,6,60,26.2,-62.5,hurricane,1.0,65,984,320,35,0,LESLIE,AL122012,2012-09-06 06:00:00,2012-09-06 06:00:00,287.0,39.0,137.0,54.0,552.0,157.0,848.0
             Leslie,2012,9,6,12,26.3,-62.4,hurricane,1.0,65,983,320,35,0,LESLIE,AL122012,2012-09-06 12:00:00,2012-09-06 12:00:00,287.0,35.0,174.0,50.0,560.0,156.0,861.0
             Leslie,2012,9,6,18,26.4,-62.3,hurricane,1.0,65,982,280,35,0,LESLIE,AL122012,2012-09-06 18:00:00,2012-09-06 18:00:00,287.0,35.0,176.0,52.0,558.0,157.0,875.0
             Leslie,2012,9,7,0,26.5,-62.2,hurricane,1.0,65,982,280,60,0,LESLIE,AL122012,2012-09-07 00:00:00,2012-09-07 00:00:00,287.0,34.0,142.0,52.0,547.0,158.0,888.0
             Leslie,2012,9,7,60,26.6,-62.2,hurricane,1.0,65,982,280,60,0,LESLIE,AL122012,2012-09-07 06:00:00,2012-09-07 06:00:00,287.0,34.0,128.0,51.0,555.0,156.0,899.0
             Leslie,2012,9,10,12,36.4,-60.8,hurricane,1.0,65,980,330,20,0,LESLIE,AL122012,2012-09-10 12:00:00,2012-09-10 12:00:00,265.0,4.0,348.0,41.0,556.0,41.0,889.0
             Leslie,2012,9,10,18,38.5,-59.8,hurricane,1.0,65,975,330,20,0,LESLIE,AL122012,2012-09-10 18:00:00,2012-09-10 18:00:00,263.0,1.0,450.0,42.0,551.0,0.0,733.0
            Michael,2012,9,5,18,28.6,-43.1,hurricane,1.0,65,992,70,10,0,MICHAEL,AL132012,2012-09-05 18:00:00,2012-09-05 18:00:00,273.0,10.0,185.0,43.0,479.0,146.0,2189.0
            Michael,2012,9,6,0,29.0,-42.6,hurricane,1.0,80,981,80,20,0,MICHAEL,AL132012,2012-09-06 00:00:00,2012-09-06 00:00:00,271.0,9.0,102.0,42.0,481.0,146.0,2166.0
            Michael,2012,9,6,60,29.4,-42.0,hurricane,2.0,95,968,100,25,0,MICHAEL,AL132012,2012-09-06 06:00:00,2012-09-06 06:00:00,271.0,9.0,84.0,41.0,471.0,145.0,2148.0
            Michael,2012,9,6,12,29.9,-41.4,hurricane,3.0,100,964,100,25,1,MICHAEL,AL132012,2012-09-06 12:00:00,2012-09-06 12:00:00,271.0,9.0,54.0,39.0,458.0,146.0,2122.0
            Michael,2012,9,6,18,30.3,-41.0,hurricane,2.0,95,968,100,25,0,MICHAEL,AL132012,2012-09-06 18:00:00,2012-09-06 18:00:00,269.0,8.0,70.0,42.0,459.0,146.0,2099.0
            Michael,2012,9,7,0,30.6,-40.8,hurricane,2.0,90,970,110,35,0,MICHAEL,AL132012,2012-09-07 00:00:00,2012-09-07 00:00:00,269.0,8.0,65.0,44.0,444.0,147.0,2078.0
            Michael,2012,9,7,60,30.9,-40.8,hurricane,2.0,90,970,110,35,0,MICHAEL,AL132012,2012-09-07 06:00:00,2012-09-07 06:00:00,269.0,8.0,73.0,45.0,455.0,143.0,2048.0
            Michael,2012,9,7,12,31.1,-41.0,hurricane,2.0,90,970,110,35,0,MICHAEL,AL132012,2012-09-07 12:00:00,2012-09-07 12:00:00,268.0,8.0,88.0,45.0,454.0,139.0,2019.0
            Michael,2012,9,7,18,31.3,-41.2,hurricane,2.0,85,973,110,35,0,MICHAEL,AL132012,2012-09-07 18:00:00,2012-09-07 18:00:00,269.0,7.0,68.0,46.0,453.0,132.0,1990.0
            Michael,2012,9,8,0,31.6,-41.5,hurricane,1.0,80,977,100,35,0,MICHAEL,AL132012,2012-09-08 00:00:00,2012-09-08 00:00:00,269.0,8.0,70.0,43.0,442.0,106.0,1947.0
            Michael,2012,9,8,60,32.0,-41.7,hurricane,1.0,80,978,100,35,0,MICHAEL,AL132012,2012-09-08 06:00:00,2012-09-08 06:00:00,267.0,7.0,65.0,42.0,449.0,104.0,1899.0
            Michael,2012,9,8,12,32.4,-41.9,hurricane,2.0,85,975,100,35,0,MICHAEL,AL132012,2012-09-08 12:00:00,2012-09-08 12:00:00,267.0,6.0,95.0,41.0,443.0,112.0,1851.0
            Michael,2012,9,8,18,32.9,-42.1,hurricane,2.0,90,972,100,35,0,MICHAEL,AL132012,2012-09-08 18:00:00,2012-09-08 18:00:00,268.0,5.0,93.0,40.0,450.0,120.0,1793.0
            Michael,2012,9,9,0,33.3,-42.3,hurricane,2.0,90,973,100,35,0,MICHAEL,AL132012,2012-09-09 00:00:00,2012-09-09 00:00:00,266.0,4.0,81.0,36.0,441.0,122.0,1744.0
            Michael,2012,9,9,60,33.6,-42.6,hurricane,2.0,85,976,100,35,0,MICHAEL,AL132012,2012-09-09 06:00:00,2012-09-09 06:00:00,266.0,4.0,109.0,34.0,434.0,123.0,1702.0
            Michael,2012,9,9,12,33.7,-42.9,hurricane,2.0,85,976,120,40,0,MICHAEL,AL132012,2012-09-09 12:00:00,2012-09-09 12:00:00,266.0,5.0,161.0,30.0,434.0,121.0,1678.0
            Michael,2012,9,9,18,33.7,-43.5,hurricane,1.0,80,979,120,40,0,MICHAEL,AL132012,2012-09-09 18:00:00,2012-09-09 18:00:00,267.0,5.0,206.0,30.0,429.0,121.0,1653.0
            Michael,2012,9,10,0,33.6,-44.1,hurricane,1.0,75,982,130,35,0,MICHAEL,AL132012,2012-09-10 00:00:00,2012-09-10 00:00:00,267.0,5.0,262.0,29.0,418.0,103.0,1638.0
            Michael,2012,9,10,60,33.4,-44.9,hurricane,1.0,70,985,130,35,0,MICHAEL,AL132012,2012-09-10 06:00:00,2012-09-10 06:00:00,267.0,6.0,313.0,28.0,414.0,113.0,1628.0
            Michael,2012,9,10,12,33.6,-45.8,hurricane,1.0,70,986,130,35,0,MICHAEL,AL132012,2012-09-10 12:00:00,2012-09-10 12:00:00,268.0,6.0,321.0,28.0,402.0,105.0,1576.0
            Michael,2012,9,10,18,33.9,-46.9,hurricane,1.0,65,988,130,30,0,MICHAEL,AL132012,2012-09-10 18:00:00,2012-09-10 18:00:00,268.0,2.0,326.0,31.0,378.0,85.0,1510.0
             Nadine,2012,9,14,18,28.3,-53.7,hurricane,1.0,65,984,330,30,0,NADINE,AL142012,2012-09-14 18:00:00,2012-09-14 18:00:00,282.0,25.0,363.0,56.0,552.0,140.0,1441.0
             Nadine,2012,9,15,0,29.6,-53.3,hurricane,1.0,70,981,320,30,0,NADINE,AL142012,2012-09-15 00:00:00,2012-09-15 00:00:00,280.0,21.0,351.0,52.0,544.0,128.0,1581.0
             Nadine,2012,9,15,60,30.5,-52.2,hurricane,1.0,70,980,320,30,0,NADINE,AL142012,2012-09-15 06:00:00,2012-09-15 06:00:00,278.0,19.0,322.0,47.0,520.0,124.0,1724.0
             Nadine,2012,9,15,12,30.8,-50.7,hurricane,1.0,70,980,300,40,0,NADINE,AL142012,2012-09-15 12:00:00,2012-09-15 12:00:00,277.0,16.0,341.0,41.0,506.0,123.0,1773.0
             Nadine,2012,9,15,18,30.8,-49.1,hurricane,1.0,70,980,300,40,0,NADINE,AL142012,2012-09-15 18:00:00,2012-09-15 18:00:00,276.0,15.0,309.0,40.0,500.0,121.0,1794.0
             Nadine,2012,9,16,0,30.7,-47.5,hurricane,1.0,70,981,300,40,0,NADINE,AL142012,2012-09-16 00:00:00,2012-09-16 00:00:00,275.0,16.0,308.0,40.0,493.0,104.0,1837.0
             Nadine,2012,9,16,60,30.6,-45.4,hurricane,1.0,65,984,300,40,0,NADINE,AL142012,2012-09-16 06:00:00,2012-09-16 06:00:00,274.0,16.0,317.0,39.0,484.0,102.0,1904.0
             Nadine,2012,9,16,12,30.6,-43.0,hurricane,1.0,65,985,300,50,0,NADINE,AL142012,2012-09-16 12:00:00,2012-09-16 12:00:00,271.0,12.0,265.0,41.0,485.0,107.0,1986.0
             Nadine,2012,9,16,18,30.8,-40.6,hurricane,1.0,65,985,300,50,0,NADINE,AL142012,2012-09-16 18:00:00,2012-09-16 18:00:00,269.0,9.0,285.0,41.0,476.0,111.0,2067.0
             Nadine,2012,9,28,12,29.2,-34.4,hurricane,1.0,65,988,190,25,0,NADINE,AL142012,2012-09-28 12:00:00,2012-09-28 12:00:00,261.0,0.0,254.0,29.0,419.0,94.0,1931.0
             Nadine,2012,9,28,18,29.7,-34.8,hurricane,1.0,65,988,190,25,0,NADINE,AL142012,2012-09-28 18:00:00,2012-09-28 18:00:00,261.0,0.0,254.0,33.0,429.0,89.0,1986.0
             Nadine,2012,9,29,0,30.5,-35.3,hurricane,1.0,65,988,160,25,0,NADINE,AL142012,2012-09-29 00:00:00,2012-09-29 00:00:00,260.0,0.0,245.0,34.0,430.0,76.0,2064.0
             Nadine,2012,9,29,60,31.4,-35.7,hurricane,1.0,65,988,160,25,0,NADINE,AL142012,2012-09-29 06:00:00,2012-09-29 06:00:00,258.0,0.0,235.0,35.0,430.0,77.0,2137.0
             Nadine,2012,9,29,12,32.6,-36.1,hurricane,1.0,65,988,160,25,0,NADINE,AL142012,2012-09-29 12:00:00,2012-09-29 12:00:00,256.0,0.0,249.0,37.0,421.0,78.0,2133.0
             Nadine,2012,9,29,18,33.8,-36.6,hurricane,1.0,70,986,160,25,0,NADINE,AL142012,2012-09-29 18:00:00,2012-09-29 18:00:00,253.0,0.0,234.0,41.0,415.0,79.0,1999.0
             Nadine,2012,9,30,0,35.0,-37.1,hurricane,1.0,75,983,160,25,0,NADINE,AL142012,2012-09-30 00:00:00,2012-09-30 00:00:00,246.0,0.0,202.0,44.0,390.0,78.0,1866.0
             Nadine,2012,9,30,60,36.0,-37.6,hurricane,1.0,75,982,160,25,0,NADINE,AL142012,2012-09-30 06:00:00,2012-09-30 06:00:00,242.0,0.0,199.0,44.0,373.0,79.0,1752.0
             Nadine,2012,9,30,12,36.8,-38.3,hurricane,1.0,80,978,160,40,0,NADINE,AL142012,2012-09-30 12:00:00,2012-09-30 12:00:00,243.0,0.0,140.0,42.0,347.0,81.0,1644.0
             Nadine,2012,9,30,18,37.2,-38.9,hurricane,1.0,80,978,180,50,0,NADINE,AL142012,2012-09-30 18:00:00,2012-09-30 18:00:00,239.0,0.0,162.0,41.0,353.0,82.0,1574.0
             Nadine,2012,10,1,0,36.9,-39.4,hurricane,1.0,75,980,180,50,0,NADINE,AL142012,2012-10-01 00:00:00,2012-10-01 00:00:00,243.0,0.0,213.0,38.0,343.0,83.0,1568.0
             Nadine,2012,10,1,60,36.4,-39.4,hurricane,1.0,65,988,190,30,0,NADINE,AL142012,2012-10-01 06:00:00,2012-10-01 06:00:00,243.0,0.0,216.0,37.0,343.0,81.0,1610.0
             Rafael,2012,10,15,60,22.0,-65.2,hurricane,1.0,65,986,250,50,0,RAFAEL,AL172012,2012-10-15 06:00:00,2012-10-15 06:00:00,286.0,66.0,314.0,67.0,597.0,149.0,370.0
             Rafael,2012,10,15,12,22.6,-65.6,hurricane,1.0,70,983,270,50,0,RAFAEL,AL172012,2012-10-15 12:00:00,2012-10-15 12:00:00,286.0,64.0,321.0,68.0,592.0,147.0,445.0
             Rafael,2012,10,15,18,23.6,-65.8,hurricane,1.0,75,979,300,50,0,RAFAEL,AL172012,2012-10-15 18:00:00,2012-10-15 18:00:00,285.0,57.0,339.0,69.0,595.0,140.0,558.0
             Rafael,2012,10,16,0,24.6,-65.6,hurricane,1.0,80,974,300,50,0,RAFAEL,AL172012,2012-10-16 00:00:00,2012-10-16 00:00:00,284.0,44.0,318.0,65.0,598.0,125.0,661.0
             Rafael,2012,10,16,60,25.9,-65.3,hurricane,1.0,80,972,310,60,0,RAFAEL,AL172012,2012-10-16 06:00:00,2012-10-16 06:00:00,282.0,33.0,365.0,64.0,591.0,115.0,799.0
             Rafael,2012,10,16,12,27.6,-64.9,hurricane,1.0,80,969,310,60,0,RAFAEL,AL172012,2012-10-16 12:00:00,2012-10-16 12:00:00,276.0,22.0,363.0,56.0,564.0,112.0,984.0
             Rafael,2012,10,16,18,29.5,-64.2,hurricane,1.0,75,970,300,60,0,RAFAEL,AL172012,2012-10-16 18:00:00,2012-10-16 18:00:00,269.0,14.0,328.0,52.0,533.0,98.0,1194.0
             Rafael,2012,10,17,0,31.6,-63.1,hurricane,1.0,75,970,300,70,0,RAFAEL,AL172012,2012-10-17 00:00:00,2012-10-17 00:00:00,261.0,0.0,339.0,46.0,511.0,86.0,1252.0
              Sandy,2012,10,24,12,16.6,-76.9,hurricane,1.0,65,981,230,20,0,SANDY,AL182012,2012-10-24 12:00:00,2012-10-24 12:00:00,290.0,92.0,248.0,85.0,621.0,160.0,129.0
              Sandy,2012,10,24,18,17.7,-76.7,hurricane,1.0,75,972,250,55,0,SANDY,AL182012,2012-10-24 18:00:00,2012-10-24 18:00:00,291.0,86.0,323.0,84.0,619.0,160.0,22.0
              Sandy,2012,10,25,0,18.9,-76.4,hurricane,2.0,85,964,310,55,0,SANDY,AL182012,2012-10-25 00:00:00,2012-10-25 00:00:00,291.0,83.0,379.0,84.0,623.0,157.0,78.0
              Sandy,2012,10,25,12,21.7,-75.5,hurricane,2.0,95,966,480,50,0,SANDY,AL182012,2012-10-25 12:00:00,2012-10-25 12:00:00,286.0,73.0,489.0,74.0,621.0,143.0,68.0
              Sandy,2012,10,25,18,23.3,-75.3,hurricane,2.0,90,963,540,50,0,SANDY,AL182012,2012-10-25 18:00:00,2012-10-25 18:00:00,283.0,57.0,476.0,67.0,609.0,135.0,235.0
              Sandy,2012,10,26,0,24.8,-75.9,hurricane,1.0,75,965,570,60,0,SANDY,AL182012,2012-10-26 00:00:00,2012-10-26 00:00:00,281.0,52.0,444.0,62.0,597.0,133.0,186.0
              Sandy,2012,10,26,60,25.7,-76.4,hurricane,1.0,70,968,540,80,0,SANDY,AL182012,2012-10-26 06:00:00,2012-10-26 06:00:00,279.0,50.0,427.0,58.0,567.0,132.0,172.0
              Sandy,2012,10,26,12,26.4,-76.9,hurricane,1.0,65,970,530,90,0,SANDY,AL182012,2012-10-26 12:00:00,2012-10-26 12:00:00,276.0,44.0,445.0,54.0,544.0,127.0,177.0
              Sandy,2012,10,26,18,27.0,-77.2,hurricane,1.0,65,971,570,90,0,SANDY,AL182012,2012-10-26 18:00:00,2012-10-26 18:00:00,274.0,40.0,470.0,55.0,535.0,123.0,220.0
              Sandy,2012,10,27,12,28.8,-76.5,hurricane,1.0,70,956,660,120,0,SANDY,AL182012,2012-10-27 12:00:00,2012-10-27 12:00:00,270.0,19.0,499.0,50.0,507.0,96.0,401.0
              Sandy,2012,10,27,18,29.7,-75.6,hurricane,1.0,70,960,690,180,0,SANDY,AL182012,2012-10-27 18:00:00,2012-10-27 18:00:00,262.0,6.0,482.0,52.0,534.0,95.0,508.0
              Sandy,2012,10,28,0,30.5,-74.7,hurricane,1.0,65,960,780,180,0,SANDY,AL182012,2012-10-28 00:00:00,2012-10-28 00:00:00,257.0,0.0,451.0,51.0,536.0,97.0,491.0
              Sandy,2012,10,28,60,31.3,-73.9,hurricane,1.0,65,959,750,180,0,SANDY,AL182012,2012-10-28 06:00:00,2012-10-28 06:00:00,254.0,0.0,337.0,50.0,550.0,93.0,455.0
              Sandy,2012,10,28,12,32.0,-73.0,hurricane,1.0,65,954,750,180,0,SANDY,AL182012,2012-10-28 12:00:00,2012-10-28 12:00:00,251.0,0.0,327.0,49.0,544.0,94.0,446.0
              Sandy,2012,10,28,18,32.8,-72.0,hurricane,1.0,65,952,800,180,0,SANDY,AL182012,2012-10-28 18:00:00,2012-10-28 18:00:00,247.0,0.0,362.0,46.0,528.0,103.0,465.0
              Sandy,2012,10,29,0,33.9,-71.0,hurricane,1.0,70,950,850,150,0,SANDY,AL182012,2012-10-29 00:00:00,2012-10-29 00:00:00,243.0,0.0,255.0,46.0,512.0,98.0,474.0
              Sandy,2012,10,29,60,35.3,-70.5,hurricane,1.0,80,947,870,150,0,SANDY,AL182012,2012-10-29 06:00:00,2012-10-29 06:00:00,248.0,0.0,350.0,52.0,474.0,39.0,475.0
           Humberto,2013,9,11,12,16.3,-28.9,hurricane,1.0,70,987,190,30,0,HUMBERTO,AL092013,2013-09-11 12:00:00,2013-09-11 12:00:00,268.0,11.0,134.0,70.0,601.0,85.0,1229.0
           Humberto,2013,9,11,18,17.4,-28.9,hurricane,1.0,80,979,190,40,0,HUMBERTO,AL092013,2013-09-11 18:00:00,2013-09-11 18:00:00,265.0,7.0,194.0,68.0,600.0,82.0,1249.0
           Humberto,2013,9,12,0,18.6,-28.9,hurricane,1.0,80,979,220,60,0,HUMBERTO,AL092013,2013-09-12 00:00:00,2013-09-12 00:00:00,262.0,4.0,275.0,66.0,597.0,73.0,1267.0
           Humberto,2013,9,12,60,19.9,-28.9,hurricane,1.0,80,979,260,60,0,HUMBERTO,AL092013,2013-09-12 06:00:00,2013-09-12 06:00:00,259.0,0.0,282.0,62.0,601.0,63.0,1242.0
           Humberto,2013,9,12,12,21.2,-28.9,hurricane,1.0,75,980,300,60,0,HUMBERTO,AL092013,2013-09-12 12:00:00,2013-09-12 12:00:00,256.0,0.0,299.0,55.0,581.0,63.0,1232.0
           Humberto,2013,9,12,18,22.3,-29.1,hurricane,1.0,75,980,310,60,0,HUMBERTO,AL092013,2013-09-12 18:00:00,2013-09-12 18:00:00,256.0,0.0,282.0,53.0,573.0,64.0,1258.0
           Humberto,2013,9,13,0,23.2,-29.5,hurricane,1.0,70,982,320,60,0,HUMBERTO,AL092013,2013-09-13 00:00:00,2013-09-13 00:00:00,257.0,0.0,328.0,49.0,559.0,64.0,1305.0
             Ingrid,2013,9,14,18,21.0,-94.4,hurricane,1.0,65,986,120,20,0,INGRID,AL102013,2013-09-14 18:00:00,2013-09-14 18:00:00,296.0,39.0,266.0,78.0,633.0,144.0,248.0
             Ingrid,2013,9,15,0,21.6,-94.7,hurricane,1.0,75,983,140,30,0,INGRID,AL102013,2013-09-15 00:00:00,2013-09-15 00:00:00,296.0,42.0,283.0,78.0,639.0,144.0,261.0
             Ingrid,2013,9,15,60,22.0,-95.2,hurricane,1.0,75,985,140,30,0,INGRID,AL102013,2013-09-15 06:00:00,2013-09-15 06:00:00,296.0,48.0,281.0,80.0,639.0,132.0,224.0
             Ingrid,2013,9,15,12,22.4,-95.6,hurricane,1.0,65,989,130,20,0,INGRID,AL102013,2013-09-15 12:00:00,2013-09-15 12:00:00,296.0,53.0,300.0,78.0,639.0,126.0,200.0
             Ingrid,2013,9,15,18,22.7,-95.9,hurricane,1.0,65,987,140,20,0,INGRID,AL102013,2013-09-15 18:00:00,2013-09-15 18:00:00,296.0,52.0,289.0,78.0,652.0,133.0,191.0
             Ingrid,2013,9,16,0,23.0,-96.2,hurricane,1.0,70,989,130,15,0,INGRID,AL102013,2013-09-16 00:00:00,2013-09-16 00:00:00,294.0,56.0,264.0,77.0,645.0,134.0,158.0
             Arthur,2014,7,3,0,30.1,-79.2,hurricane,1.0,65,987,130,15,0,ARTHUR,AL012014,2014-07-03 00:00:00,2014-07-03 00:00:00,277.0,44.0,57.0,52.0,501.0,120.0,198.0
             Arthur,2014,7,3,60,30.9,-79.1,hurricane,1.0,70,984,130,15,0,ARTHUR,AL012014,2014-07-03 06:00:00,2014-07-03 06:00:00,277.0,44.0,101.0,51.0,516.0,115.0,207.0
             Arthur,2014,7,3,12,31.8,-78.8,hurricane,1.0,80,981,160,20,0,ARTHUR,AL012014,2014-07-03 12:00:00,2014-07-03 12:00:00,276.0,45.0,106.0,50.0,504.0,123.0,142.0
             Arthur,2014,7,3,18,32.9,-78.3,hurricane,1.0,80,978,190,50,0,ARTHUR,AL012014,2014-07-03 18:00:00,2014-07-03 18:00:00,275.0,34.0,177.0,50.0,503.0,98.0,93.0
             Arthur,2014,7,4,0,34.0,-77.3,hurricane,2.0,85,975,190,60,0,ARTHUR,AL012014,2014-07-04 00:00:00,2014-07-04 00:00:00,272.0,21.0,228.0,49.0,514.0,69.0,49.0
             Arthur,2014,7,4,60,35.3,-76.0,hurricane,2.0,85,973,190,60,0,ARTHUR,AL012014,2014-07-04 06:00:00,2014-07-04 06:00:00,257.0,17.0,361.0,51.0,522.0,54.0,15.0
             Arthur,2014,7,4,12,36.8,-74.4,hurricane,1.0,80,976,190,55,0,ARTHUR,AL012014,2014-07-04 12:00:00,2014-07-04 12:00:00,248.0,0.0,368.0,52.0,500.0,9.0,138.0
             Arthur,2014,7,4,18,38.4,-72.4,hurricane,1.0,70,978,220,70,0,ARTHUR,AL012014,2014-07-04 18:00:00,2014-07-04 18:00:00,224.0,0.0,409.0,50.0,462.0,0.0,208.0
             Bertha,2014,8,4,12,26.8,-73.6,hurricane,1.0,70,998,170,20,0,BERTHA,AL032014,2014-08-04 12:00:00,2014-08-04 12:00:00,288.0,37.0,167.0,62.0,488.0,135.0,476.0
             Bertha,2014,8,4,18,28.5,-73.6,hurricane,1.0,70,999,150,20,0,BERTHA,AL032014,2014-08-04 18:00:00,2014-08-04 18:00:00,285.0,34.0,225.0,63.0,490.0,129.0,573.0
             Bertha,2014,8,5,0,30.5,-73.4,hurricane,1.0,65,1001,140,20,0,BERTHA,AL032014,2014-08-05 00:00:00,2014-08-05 00:00:00,280.0,28.0,342.0,64.0,518.0,116.0,556.0
          Cristobal,2014,8,26,0,25.1,-72.1,hurricane,1.0,65,989,210,40,0,CRISTOBAL,AL042014,2014-08-26 00:00:00,2014-08-26 00:00:00,290.0,50.0,218.0,48.0,568.0,149.0,430.0
          Cristobal,2014,8,26,60,25.6,-72.0,hurricane,1.0,65,989,210,40,0,CRISTOBAL,AL042014,2014-08-26 06:00:00,2014-08-26 06:00:00,290.0,47.0,103.0,45.0,564.0,143.0,487.0
          Cristobal,2014,8,26,12,26.7,-71.8,hurricane,1.0,65,988,210,40,0,CRISTOBAL,AL042014,2014-08-26 12:00:00,2014-08-26 12:00:00,290.0,40.0,118.0,41.0,559.0,134.0,610.0
          Cristobal,2014,8,26,18,28.1,-71.4,hurricane,1.0,65,987,270,50,0,CRISTOBAL,AL042014,2014-08-26 18:00:00,2014-08-26 18:00:00,287.0,37.0,139.0,41.0,543.0,127.0,733.0
          Cristobal,2014,8,27,0,29.5,-71.5,hurricane,1.0,70,983,310,60,0,CRISTOBAL,AL042014,2014-08-27 00:00:00,2014-08-27 00:00:00,284.0,32.0,67.0,42.0,532.0,126.0,751.0
          Cristobal,2014,8,27,60,30.6,-72.0,hurricane,1.0,70,983,280,60,0,CRISTOBAL,AL042014,2014-08-27 06:00:00,2014-08-27 06:00:00,281.0,28.0,54.0,42.0,534.0,115.0,625.0
          Cristobal,2014,8,27,12,31.6,-72.2,hurricane,1.0,70,983,280,60,0,CRISTOBAL,AL042014,2014-08-27 12:00:00,2014-08-27 12:00:00,279.0,26.0,50.0,41.0,523.0,113.0,532.0
          Cristobal,2014,8,27,18,32.3,-71.8,hurricane,1.0,65,984,250,70,0,CRISTOBAL,AL042014,2014-08-27 18:00:00,2014-08-27 18:00:00,275.0,25.0,79.0,44.0,522.0,115.0,512.0
          Cristobal,2014,8,28,0,33.5,-70.7,hurricane,1.0,65,984,250,70,0,CRISTOBAL,AL042014,2014-08-28 00:00:00,2014-08-28 00:00:00,271.0,19.0,169.0,45.0,523.0,114.0,519.0
          Cristobal,2014,8,28,60,34.8,-69.0,hurricane,1.0,65,982,250,70,0,CRISTOBAL,AL042014,2014-08-28 06:00:00,2014-08-28 06:00:00,269.0,18.0,237.0,40.0,537.0,103.0,618.0
          Cristobal,2014,8,28,12,36.3,-67.1,hurricane,1.0,70,979,250,70,0,CRISTOBAL,AL042014,2014-08-28 12:00:00,2014-08-28 12:00:00,271.0,21.0,319.0,38.0,532.0,97.0,648.0
          Cristobal,2014,8,28,18,37.5,-63.6,hurricane,1.0,75,971,290,70,0,CRISTOBAL,AL042014,2014-08-28 18:00:00,2014-08-28 18:00:00,267.0,20.0,387.0,43.0,498.0,62.0,691.0
            Edouard,2014,9,14,12,24.4,-50.3,hurricane,1.0,70,985,220,30,0,EDOUARD,AL062014,2014-09-14 12:00:00,2014-09-14 12:00:00,280.0,35.0,165.0,40.0,504.0,156.0,1404.0
            Edouard,2014,9,14,18,25.1,-51.5,hurricane,1.0,75,980,220,30,0,EDOUARD,AL062014,2014-09-14 18:00:00,2014-09-14 18:00:00,282.0,33.0,182.0,41.0,493.0,158.0,1345.0
            Edouard,2014,9,15,0,25.8,-52.7,hurricane,1.0,80,975,220,30,0,EDOUARD,AL062014,2014-09-15 00:00:00,2014-09-15 00:00:00,282.0,31.0,165.0,41.0,476.0,157.0,1300.0
            Edouard,2014,9,15,60,26.5,-54.0,hurricane,2.0,85,970,250,40,0,EDOUARD,AL062014,2014-09-15 06:00:00,2014-09-15 06:00:00,283.0,29.0,207.0,40.0,483.0,155.0,1266.0
            Edouard,2014,9,15,12,27.0,-55.1,hurricane,2.0,90,966,250,40,0,EDOUARD,AL062014,2014-09-15 12:00:00,2014-09-15 12:00:00,284.0,28.0,198.0,38.0,494.0,153.0,1242.0
            Edouard,2014,9,15,18,27.7,-56.1,hurricane,2.0,95,962,280,60,0,EDOUARD,AL062014,2014-09-15 18:00:00,2014-09-15 18:00:00,284.0,29.0,153.0,37.0,500.0,149.0,1256.0
            Edouard,2014,9,16,0,28.5,-56.7,hurricane,2.0,95,960,280,70,0,EDOUARD,AL062014,2014-09-16 00:00:00,2014-09-16 00:00:00,283.0,27.0,178.0,40.0,501.0,140.0,1303.0
            Edouard,2014,9,16,60,29.5,-57.3,hurricane,3.0,100,956,280,80,1,EDOUARD,AL062014,2014-09-16 06:00:00,2014-09-16 06:00:00,281.0,21.0,167.0,42.0,492.0,128.0,1373.0
            Edouard,2014,9,16,12,30.6,-57.8,hurricane,3.0,105,955,280,90,1,EDOUARD,AL062014,2014-09-16 12:00:00,2014-09-16 12:00:00,279.0,17.0,126.0,47.0,493.0,119.0,1465.0
            Edouard,2014,9,16,18,31.7,-57.7,hurricane,2.0,95,958,290,90,0,EDOUARD,AL062014,2014-09-16 18:00:00,2014-09-16 18:00:00,276.0,12.0,149.0,48.0,460.0,114.0,1484.0
            Edouard,2014,9,17,0,32.9,-57.0,hurricane,2.0,85,959,290,100,0,EDOUARD,AL062014,2014-09-17 00:00:00,2014-09-17 00:00:00,272.0,7.0,187.0,50.0,454.0,99.0,1395.0
            Edouard,2014,9,17,60,34.3,-56.0,hurricane,2.0,85,958,290,100,0,EDOUARD,AL062014,2014-09-17 06:00:00,2014-09-17 06:00:00,265.0,0.0,230.0,45.0,468.0,88.0,1292.0
            Edouard,2014,9,17,12,35.7,-54.5,hurricane,1.0,80,957,290,100,0,EDOUARD,AL062014,2014-09-17 12:00:00,2014-09-17 12:00:00,262.0,0.0,273.0,40.0,486.0,70.0,1202.0
            Edouard,2014,9,17,18,37.2,-52.4,hurricane,1.0,80,955,300,90,0,EDOUARD,AL062014,2014-09-17 18:00:00,2014-09-17 18:00:00,258.0,0.0,292.0,41.0,476.0,57.0,1050.0
            Edouard,2014,9,18,0,38.3,-49.5,hurricane,1.0,75,958,300,90,0,EDOUARD,AL062014,2014-09-18 00:00:00,2014-09-18 00:00:00,254.0,0.0,308.0,43.0,478.0,55.0,973.0
            Edouard,2014,9,18,60,39.3,-46.7,hurricane,1.0,70,964,310,80,0,EDOUARD,AL062014,2014-09-18 06:00:00,2014-09-18 06:00:00,244.0,0.0,278.0,45.0,472.0,44.0,967.0
            Edouard,2014,9,18,12,39.9,-44.1,hurricane,1.0,70,969,290,90,0,EDOUARD,AL062014,2014-09-18 12:00:00,2014-09-18 12:00:00,243.0,0.0,290.0,45.0,457.0,39.0,1044.0
            Edouard,2014,9,18,18,39.9,-42.1,hurricane,1.0,65,973,290,90,0,EDOUARD,AL062014,2014-09-18 18:00:00,2014-09-18 18:00:00,239.0,0.0,296.0,46.0,449.0,39.0,1163.0
                Fay,2014,10,12,60,31.7,-64.9,hurricane,1.0,65,985,270,20,0,FAY,AL072014,2014-10-12 06:00:00,2014-10-12 06:00:00,264.0,7.0,385.0,46.0,472.0,103.0,1094.0
                Fay,2014,10,12,12,33.1,-63.9,hurricane,1.0,70,983,270,20,0,FAY,AL072014,2014-10-12 12:00:00,2014-10-12 12:00:00,257.0,0.0,399.0,36.0,473.0,91.0,1094.0
            Gonzalo,2014,10,13,12,17.0,-61.5,hurricane,1.0,65,992,130,15,0,GONZALO,AL082014,2014-10-13 12:00:00,2014-10-13 12:00:00,288.0,73.0,185.0,50.0,523.0,155.0,19.0
            Gonzalo,2014,10,13,18,17.6,-62.4,hurricane,1.0,70,988,150,25,0,GONZALO,AL082014,2014-10-13 18:00:00,2014-10-13 18:00:00,288.0,73.0,210.0,52.0,512.0,155.0,44.0
            Gonzalo,2014,10,14,0,18.3,-63.2,hurricane,1.0,80,983,150,30,0,GONZALO,AL082014,2014-10-14 00:00:00,2014-10-14 00:00:00,288.0,69.0,164.0,52.0,515.0,155.0,13.0
            Gonzalo,2014,10,14,60,19.1,-64.0,hurricane,2.0,90,976,150,35,0,GONZALO,AL082014,2014-10-14 06:00:00,2014-10-14 06:00:00,287.0,69.0,157.0,53.0,524.0,151.0,51.0
            Gonzalo,2014,10,14,12,19.9,-64.8,hurricane,2.0,95,973,150,35,0,GONZALO,AL082014,2014-10-14 12:00:00,2014-10-14 12:00:00,287.0,69.0,169.0,51.0,520.0,150.0,134.0
            Gonzalo,2014,10,14,18,20.8,-65.5,hurricane,3.0,100,968,150,35,1,GONZALO,AL082014,2014-10-14 18:00:00,2014-10-14 18:00:00,287.0,69.0,163.0,50.0,518.0,152.0,254.0
            Gonzalo,2014,10,15,0,21.7,-66.2,hurricane,4.0,115,956,170,35,1,GONZALO,AL082014,2014-10-15 00:00:00,2014-10-15 00:00:00,287.0,70.0,97.0,52.0,518.0,154.0,360.0
            Gonzalo,2014,10,15,60,22.5,-67.0,hurricane,4.0,115,953,170,40,1,GONZALO,AL082014,2014-10-15 06:00:00,2014-10-15 06:00:00,286.0,72.0,72.0,52.0,513.0,152.0,418.0
            Gonzalo,2014,10,15,12,23.1,-67.7,hurricane,4.0,115,949,190,45,1,GONZALO,AL082014,2014-10-15 12:00:00,2014-10-15 12:00:00,286.0,70.0,93.0,52.0,530.0,151.0,444.0
            Gonzalo,2014,10,15,18,23.8,-68.3,hurricane,3.0,110,953,190,50,1,GONZALO,AL082014,2014-10-15 18:00:00,2014-10-15 18:00:00,286.0,59.0,137.0,54.0,524.0,153.0,491.0
            Gonzalo,2014,10,16,0,24.4,-68.6,hurricane,3.0,110,953,200,60,1,GONZALO,AL082014,2014-10-16 00:00:00,2014-10-16 00:00:00,284.0,55.0,129.0,54.0,522.0,154.0,544.0
            Gonzalo,2014,10,16,60,25.0,-68.7,hurricane,4.0,115,948,220,60,1,GONZALO,AL082014,2014-10-16 06:00:00,2014-10-16 06:00:00,282.0,51.0,100.0,53.0,524.0,152.0,601.0
            Gonzalo,2014,10,16,12,25.6,-68.7,hurricane,4.0,125,940,240,75,1,GONZALO,AL082014,2014-10-16 12:00:00,2014-10-16 12:00:00,282.0,47.0,101.0,48.0,520.0,149.0,647.0
            Gonzalo,2014,10,16,18,26.5,-68.3,hurricane,4.0,125,942,240,75,1,GONZALO,AL082014,2014-10-16 18:00:00,2014-10-16 18:00:00,279.0,40.0,132.0,42.0,517.0,151.0,748.0
            Gonzalo,2014,10,17,0,27.4,-67.8,hurricane,4.0,120,942,260,85,1,GONZALO,AL082014,2014-10-17 00:00:00,2014-10-17 00:00:00,275.0,29.0,116.0,38.0,526.0,143.0,857.0
            Gonzalo,2014,10,17,60,28.6,-67.2,hurricane,4.0,115,945,260,85,1,GONZALO,AL082014,2014-10-17 06:00:00,2014-10-17 06:00:00,272.0,18.0,179.0,35.0,510.0,131.0,998.0
            Gonzalo,2014,10,17,12,29.8,-66.5,hurricane,3.0,110,947,260,100,1,GONZALO,AL082014,2014-10-17 12:00:00,2014-10-17 12:00:00,268.0,10.0,207.0,32.0,513.0,126.0,1080.0
            Gonzalo,2014,10,17,18,31.0,-65.7,hurricane,3.0,105,949,260,100,1,GONZALO,AL082014,2014-10-17 18:00:00,2014-10-17 18:00:00,261.0,5.0,234.0,32.0,507.0,117.0,1065.0
            Gonzalo,2014,10,18,0,32.2,-64.9,hurricane,2.0,95,952,260,100,0,GONZALO,AL082014,2014-10-18 00:00:00,2014-10-18 00:00:00,257.0,0.0,195.0,34.0,498.0,93.0,1070.0
            Gonzalo,2014,10,18,60,33.7,-63.9,hurricane,2.0,90,955,260,100,0,GONZALO,AL082014,2014-10-18 06:00:00,2014-10-18 06:00:00,254.0,0.0,285.0,36.0,477.0,102.0,1035.0
            Gonzalo,2014,10,18,12,35.6,-62.6,hurricane,2.0,85,960,290,110,0,GONZALO,AL082014,2014-10-18 12:00:00,2014-10-18 12:00:00,249.0,0.0,338.0,36.0,458.0,60.0,918.0
            Gonzalo,2014,10,18,18,38.2,-60.9,hurricane,2.0,85,964,340,120,0,GONZALO,AL082014,2014-10-18 18:00:00,2014-10-18 18:00:00,247.0,0.0,423.0,41.0,452.0,0.0,708.0
            Gonzalo,2014,10,19,0,41.2,-58.3,hurricane,2.0,85,965,360,120,0,GONZALO,AL082014,2014-10-19 00:00:00,2014-10-19 00:00:00,211.0,0.0,448.0,49.0,414.0,0.0,506.0
              Danny,2015,8,20,12,12.3,-44.4,hurricane,1.0,65,995,80,20,0,DANNY,AL042015,2015-08-20 12:00:00,2015-08-20 12:00:00,277.0,35.0,96.0,51.0,546.0,117.0,1178.0
              Danny,2015,8,20,18,12.8,-45.3,hurricane,1.0,75,990,80,20,0,DANNY,AL042015,2015-08-20 18:00:00,2015-08-20 18:00:00,278.0,35.0,104.0,52.0,552.0,120.0,1163.0
              Danny,2015,8,21,0,13.2,-46.2,hurricane,2.0,85,981,80,20,0,DANNY,AL042015,2015-08-21 00:00:00,2015-08-21 00:00:00,276.0,36.0,95.0,51.0,550.0,117.0,1134.0
              Danny,2015,8,21,60,13.5,-47.0,hurricane,2.0,95,973,80,20,0,DANNY,AL042015,2015-08-21 06:00:00,2015-08-21 06:00:00,276.0,37.0,127.0,46.0,551.0,113.0,1106.0
              Danny,2015,8,21,12,13.8,-47.8,hurricane,3.0,110,960,80,25,1,DANNY,AL042015,2015-08-21 12:00:00,2015-08-21 12:00:00,277.0,38.0,119.0,43.0,558.0,113.0,1085.0
              Danny,2015,8,21,18,14.3,-48.6,hurricane,3.0,105,966,80,25,1,DANNY,AL042015,2015-08-21 18:00:00,2015-08-21 18:00:00,276.0,40.0,158.0,43.0,554.0,112.0,1093.0
              Danny,2015,8,22,0,14.7,-49.4,hurricane,2.0,95,973,80,25,0,DANNY,AL042015,2015-08-22 00:00:00,2015-08-22 00:00:00,277.0,44.0,181.0,39.0,547.0,118.0,1094.0
              Danny,2015,8,22,60,15.0,-50.3,hurricane,2.0,85,980,80,25,0,DANNY,AL042015,2015-08-22 06:00:00,2015-08-22 06:00:00,277.0,48.0,190.0,39.0,547.0,122.0,1004.0
              Danny,2015,8,22,12,15.3,-51.4,hurricane,1.0,75,985,80,25,0,DANNY,AL042015,2015-08-22 12:00:00,2015-08-22 12:00:00,278.0,52.0,194.0,38.0,527.0,127.0,896.0
              Danny,2015,8,22,18,15.5,-52.7,hurricane,1.0,65,990,80,10,0,DANNY,AL042015,2015-08-22 18:00:00,2015-08-22 18:00:00,279.0,56.0,175.0,39.0,513.0,132.0,769.0
               Fred,2015,8,31,0,14.6,-21.7,hurricane,1.0,65,992,130,20,0,FRED,AL062015,2015-08-31 00:00:00,2015-08-31 00:00:00,275.0,11.0,58.0,65.0,598.0,115.0,448.0
               Fred,2015,8,31,60,15.3,-22.5,hurricane,1.0,70,989,130,25,0,FRED,AL062015,2015-08-31 06:00:00,2015-08-31 06:00:00,270.0,8.0,80.0,65.0,590.0,100.0,537.0
               Fred,2015,8,31,12,16.1,-23.3,hurricane,1.0,75,986,130,25,0,FRED,AL062015,2015-08-31 12:00:00,2015-08-31 12:00:00,264.0,8.0,119.0,61.0,579.0,91.0,636.0
               Fred,2015,8,31,18,16.8,-24.1,hurricane,1.0,70,988,130,25,0,FRED,AL062015,2015-08-31 18:00:00,2015-08-31 18:00:00,265.0,4.0,124.0,59.0,566.0,82.0,738.0
               Fred,2015,9,1,0,17.4,-24.9,hurricane,1.0,65,991,130,20,0,FRED,AL062015,2015-09-01 00:00:00,2015-09-01 00:00:00,260.0,5.0,133.0,56.0,565.0,78.0,840.0
            Joaquin,2015,9,30,60,25.4,-71.8,hurricane,1.0,65,978,130,50,0,JOAQUIN,AL112015,2015-09-30 06:00:00,2015-09-30 06:00:00,286.0,45.0,231.0,59.0,570.0,152.0,470.0
            Joaquin,2015,9,30,12,24.9,-72.2,hurricane,1.0,70,971,170,50,0,JOAQUIN,AL112015,2015-09-30 12:00:00,2015-09-30 12:00:00,288.0,49.0,225.0,61.0,571.0,150.0,407.0
            Joaquin,2015,9,30,18,24.4,-72.5,hurricane,1.0,80,961,200,50,0,JOAQUIN,AL112015,2015-09-30 18:00:00,2015-09-30 18:00:00,288.0,56.0,205.0,58.0,578.0,150.0,346.0
            Joaquin,2015,10,1,0,23.9,-72.9,hurricane,3.0,100,951,220,50,1,JOAQUIN,AL112015,2015-10-01 00:00:00,2015-10-01 00:00:00,288.0,62.0,207.0,61.0,583.0,151.0,287.0
            Joaquin,2015,10,1,60,23.5,-73.3,hurricane,3.0,110,947,240,55,1,JOAQUIN,AL112015,2015-10-01 06:00:00,2015-10-01 06:00:00,288.0,67.0,181.0,63.0,583.0,151.0,245.0
            Joaquin,2015,10,1,12,23.1,-73.7,hurricane,4.0,115,942,260,65,1,JOAQUIN,AL112015,2015-10-01 12:00:00,2015-10-01 12:00:00,288.0,69.0,135.0,62.0,589.0,150.0,211.0
            Joaquin,2015,10,1,18,23.0,-74.2,hurricane,4.0,115,936,270,75,1,JOAQUIN,AL112015,2015-10-01 18:00:00,2015-10-01 18:00:00,289.0,70.0,109.0,62.0,602.0,151.0,216.0
            Joaquin,2015,10,2,0,22.9,-74.4,hurricane,4.0,120,931,290,80,1,JOAQUIN,AL112015,2015-10-02 00:00:00,2015-10-02 00:00:00,290.0,70.0,119.0,63.0,598.0,155.0,215.0
            Joaquin,2015,10,2,60,23.0,-74.7,hurricane,4.0,120,935,300,85,1,JOAQUIN,AL112015,2015-10-02 06:00:00,2015-10-02 06:00:00,289.0,70.0,97.0,61.0,589.0,151.0,233.0
            Joaquin,2015,10,2,12,23.4,-74.8,hurricane,4.0,115,937,300,90,1,JOAQUIN,AL112015,2015-10-02 12:00:00,2015-10-02 12:00:00,289.0,70.0,122.0,61.0,590.0,155.0,270.0
            Joaquin,2015,10,2,18,23.8,-74.7,hurricane,3.0,110,941,300,95,1,JOAQUIN,AL112015,2015-10-02 18:00:00,2015-10-02 18:00:00,289.0,66.0,196.0,62.0,602.0,156.0,286.0
            Joaquin,2015,10,3,0,24.3,-74.3,hurricane,4.0,115,943,300,95,1,JOAQUIN,AL112015,2015-10-03 00:00:00,2015-10-03 00:00:00,289.0,64.0,298.0,64.0,587.0,159.0,329.0
            Joaquin,2015,10,3,60,24.8,-73.6,hurricane,4.0,120,945,300,95,1,JOAQUIN,AL112015,2015-10-03 06:00:00,2015-10-03 06:00:00,288.0,58.0,259.0,66.0,601.0,149.0,392.0
            Joaquin,2015,10,3,12,25.4,-72.6,hurricane,4.0,135,934,290,95,1,JOAQUIN,AL112015,2015-10-03 12:00:00,2015-10-03 12:00:00,286.0,48.0,200.0,71.0,608.0,142.0,456.0
            Joaquin,2015,10,3,18,26.3,-71.0,hurricane,4.0,130,934,290,95,1,JOAQUIN,AL112015,2015-10-03 18:00:00,2015-10-03 18:00:00,284.0,34.0,267.0,70.0,608.0,131.0,590.0
            Joaquin,2015,10,4,0,27.4,-69.5,hurricane,4.0,115,941,290,85,1,JOAQUIN,AL112015,2015-10-04 00:00:00,2015-10-04 00:00:00,280.0,33.0,238.0,69.0,614.0,118.0,763.0
            Joaquin,2015,10,4,60,28.9,-68.3,hurricane,3.0,105,949,290,80,1,JOAQUIN,AL112015,2015-10-04 06:00:00,2015-10-04 06:00:00,278.0,25.0,171.0,68.0,597.0,105.0,966.0
            Joaquin,2015,10,4,12,30.4,-67.2,hurricane,2.0,95,956,280,80,0,JOAQUIN,AL112015,2015-10-04 12:00:00,2015-10-04 12:00:00,270.0,14.0,193.0,62.0,589.0,96.0,985.0
            Joaquin,2015,10,4,18,31.6,-66.5,hurricane,2.0,85,958,290,70,0,JOAQUIN,AL112015,2015-10-04 18:00:00,2015-10-04 18:00:00,268.0,9.0,185.0,57.0,598.0,91.0,966.0
            Joaquin,2015,10,5,0,32.6,-66.0,hurricane,1.0,75,961,300,65,0,JOAQUIN,AL112015,2015-10-05 00:00:00,2015-10-05 00:00:00,264.0,6.0,160.0,56.0,594.0,87.0,957.0
            Joaquin,2015,10,5,60,33.6,-65.6,hurricane,1.0,75,964,300,65,0,JOAQUIN,AL112015,2015-10-05 06:00:00,2015-10-05 06:00:00,261.0,0.0,143.0,51.0,580.0,87.0,954.0
            Joaquin,2015,10,5,12,34.4,-65.2,hurricane,1.0,75,964,310,65,0,JOAQUIN,AL112015,2015-10-05 12:00:00,2015-10-05 12:00:00,258.0,0.0,204.0,52.0,576.0,87.0,911.0
            Joaquin,2015,10,5,18,35.3,-64.5,hurricane,1.0,75,964,320,60,0,JOAQUIN,AL112015,2015-10-05 18:00:00,2015-10-05 18:00:00,257.0,0.0,212.0,53.0,580.0,91.0,854.0
            Joaquin,2015,10,6,0,36.2,-63.6,hurricane,1.0,75,967,320,60,0,JOAQUIN,AL112015,2015-10-06 00:00:00,2015-10-06 00:00:00,256.0,0.0,248.0,56.0,584.0,93.0,821.0
            Joaquin,2015,10,6,60,37.0,-62.3,hurricane,1.0,75,970,330,65,0,JOAQUIN,AL112015,2015-10-06 06:00:00,2015-10-06 06:00:00,255.0,0.0,285.0,56.0,581.0,94.0,776.0
            Joaquin,2015,10,6,12,37.9,-60.4,hurricane,1.0,70,974,350,70,0,JOAQUIN,AL112015,2015-10-06 12:00:00,2015-10-06 12:00:00,254.0,0.0,322.0,52.0,577.0,89.0,759.0
            Joaquin,2015,10,6,18,38.8,-58.0,hurricane,1.0,70,974,360,70,0,JOAQUIN,AL112015,2015-10-06 18:00:00,2015-10-06 18:00:00,251.0,0.0,396.0,50.0,564.0,69.0,760.0
            Joaquin,2015,10,7,0,39.6,-54.9,hurricane,1.0,70,974,380,75,0,JOAQUIN,AL112015,2015-10-07 00:00:00,2015-10-07 00:00:00,246.0,0.0,458.0,45.0,519.0,24.0,787.0
            Joaquin,2015,10,7,60,40.3,-51.5,hurricane,1.0,65,977,390,70,0,JOAQUIN,AL112015,2015-10-07 06:00:00,2015-10-07 06:00:00,228.0,0.0,455.0,41.0,489.0,25.0,716.0
               Kate,2015,11,11,0,33.1,-71.3,hurricane,1.0,65,990,140,20,0,KATE,AL122015,2015-11-11 00:00:00,2015-11-11 00:00:00,237.0,0.0,489.0,62.0,489.0,76.0,495.0
               Kate,2015,11,11,60,35.2,-67.6,hurricane,1.0,70,985,180,20,0,KATE,AL122015,2015-11-11 06:00:00,2015-11-11 06:00:00,236.0,0.0,539.0,63.0,476.0,92.0,738.0
               Alex,2016,1,14,60,29.3,-29.6,hurricane,1.0,65,985,220,20,0,ALEX,AL012016,2016-01-14 06:00:00,2016-01-14 06:00:00,209.0,0.0,176.0,54.0,386.0,45.0,1504.0
               Alex,2016,1,14,12,30.8,-28.7,hurricane,1.0,75,981,220,20,0,ALEX,AL012016,2016-01-14 12:00:00,2016-01-14 12:00:00,204.0,0.0,247.0,51.0,388.0,33.0,1481.0
               Alex,2016,1,14,18,32.5,-28.0,hurricane,1.0,75,981,250,20,0,ALEX,AL012016,2016-01-14 18:00:00,2016-01-14 18:00:00,196.0,0.0,260.0,57.0,395.0,16.0,1487.0
               Alex,2016,1,15,0,33.9,-27.6,hurricane,1.0,70,984,250,20,0,ALEX,AL012016,2016-01-15 00:00:00,2016-01-15 00:00:00,192.0,0.0,178.0,56.0,386.0,7.0,1527.0
               Earl,2016,8,3,18,16.9,-85.4,hurricane,1.0,65,988,160,10,0,EARL,AL052016,2016-08-03 18:00:00,2016-08-03 18:00:00,289.0,61.0,125.0,74.0,631.0,156.0,108.0
               Earl,2016,8,4,0,17.3,-86.9,hurricane,1.0,70,984,160,15,0,EARL,AL052016,2016-08-04 00:00:00,2016-08-04 00:00:00,290.0,68.0,141.0,74.0,646.0,162.0,136.0
             Gaston,2016,8,24,12,15.8,-39.1,hurricane,1.0,65,992,150,20,0,GASTON,AL072016,2016-08-24 12:00:00,2016-08-24 12:00:00,268.0,16.0,185.0,70.0,555.0,102.0,1856.0
             Gaston,2016,8,24,18,16.9,-40.2,hurricane,1.0,65,988,180,40,0,GASTON,AL072016,2016-08-24 18:00:00,2016-08-24 18:00:00,267.0,13.0,228.0,69.0,557.0,111.0,1862.0
             Gaston,2016,8,25,0,18.0,-41.4,hurricane,1.0,65,988,200,40,0,GASTON,AL072016,2016-08-25 00:00:00,2016-08-25 00:00:00,267.0,14.0,212.0,69.0,535.0,118.0,1874.0
             Gaston,2016,8,25,60,18.9,-42.7,hurricane,1.0,65,988,200,40,0,GASTON,AL072016,2016-08-25 06:00:00,2016-08-25 06:00:00,268.0,12.0,225.0,69.0,531.0,120.0,1862.0
             Gaston,2016,8,27,18,28.7,-53.6,hurricane,1.0,65,989,170,20,0,GASTON,AL072016,2016-08-27 18:00:00,2016-08-27 18:00:00,282.0,24.0,123.0,38.0,508.0,151.0,1482.0
             Gaston,2016,8,28,0,29.3,-54.2,hurricane,1.0,75,980,190,40,0,GASTON,AL072016,2016-08-28 00:00:00,2016-08-28 00:00:00,281.0,21.0,128.0,41.0,501.0,153.0,1504.0
             Gaston,2016,8,28,60,29.9,-54.5,hurricane,1.0,80,976,200,40,0,GASTON,AL072016,2016-08-28 06:00:00,2016-08-28 06:00:00,281.0,19.0,105.0,40.0,491.0,150.0,1546.0
             Gaston,2016,8,28,12,30.3,-54.7,hurricane,2.0,90,969,200,40,0,GASTON,AL072016,2016-08-28 12:00:00,2016-08-28 12:00:00,280.0,16.0,101.0,38.0,497.0,148.0,1575.0
             Gaston,2016,8,28,18,30.5,-55.0,hurricane,3.0,100,962,200,40,1,GASTON,AL072016,2016-08-28 18:00:00,2016-08-28 18:00:00,280.0,16.0,103.0,36.0,510.0,149.0,1579.0
             Gaston,2016,8,29,0,30.6,-55.2,hurricane,3.0,105,955,200,50,1,GASTON,AL072016,2016-08-29 00:00:00,2016-08-29 00:00:00,280.0,16.0,106.0,39.0,494.0,151.0,1578.0
             Gaston,2016,8,29,60,30.7,-55.3,hurricane,3.0,100,960,200,50,1,GASTON,AL072016,2016-08-29 06:00:00,2016-08-29 06:00:00,280.0,16.0,86.0,38.0,496.0,149.0,1583.0
             Gaston,2016,8,29,12,30.8,-55.4,hurricane,2.0,95,964,200,50,0,GASTON,AL072016,2016-08-29 12:00:00,2016-08-29 12:00:00,280.0,14.0,79.0,36.0,484.0,147.0,1588.0
             Gaston,2016,8,29,18,31.1,-55.4,hurricane,2.0,90,967,200,50,0,GASTON,AL072016,2016-08-29 18:00:00,2016-08-29 18:00:00,278.0,14.0,101.0,37.0,496.0,146.0,1616.0
             Gaston,2016,8,30,0,31.4,-54.9,hurricane,2.0,85,970,200,55,0,GASTON,AL072016,2016-08-30 00:00:00,2016-08-30 00:00:00,277.0,13.0,130.0,38.0,484.0,147.0,1631.0
             Gaston,2016,8,30,60,31.7,-54.4,hurricane,2.0,85,970,200,60,0,GASTON,AL072016,2016-08-30 06:00:00,2016-08-30 06:00:00,277.0,13.0,132.0,37.0,484.0,144.0,1615.0
             Gaston,2016,8,30,12,32.0,-53.5,hurricane,2.0,85,968,220,60,0,GASTON,AL072016,2016-08-30 12:00:00,2016-08-30 12:00:00,274.0,11.0,157.0,36.0,488.0,141.0,1615.0
             Gaston,2016,8,30,18,32.4,-52.5,hurricane,2.0,95,963,230,70,0,GASTON,AL072016,2016-08-30 18:00:00,2016-08-30 18:00:00,274.0,10.0,187.0,35.0,493.0,138.0,1582.0
             Gaston,2016,8,31,0,32.7,-51.5,hurricane,3.0,105,955,240,70,1,GASTON,AL072016,2016-08-31 00:00:00,2016-08-31 00:00:00,274.0,10.0,176.0,35.0,468.0,130.0,1555.0
             Gaston,2016,8,31,60,33.1,-50.5,hurricane,3.0,105,955,250,80,1,GASTON,AL072016,2016-08-31 06:00:00,2016-08-31 06:00:00,271.0,7.0,190.0,33.0,473.0,122.0,1521.0
             Gaston,2016,8,31,12,33.7,-49.2,hurricane,3.0,100,960,250,80,1,GASTON,AL072016,2016-08-31 12:00:00,2016-08-31 12:00:00,271.0,5.0,239.0,34.0,454.0,107.0,1476.0
             Gaston,2016,8,31,18,34.5,-47.9,hurricane,2.0,95,965,250,80,0,GASTON,AL072016,2016-08-31 18:00:00,2016-08-31 18:00:00,267.0,2.0,224.0,36.0,464.0,101.0,1419.0
             Gaston,2016,9,1,0,35.5,-46.3,hurricane,2.0,90,969,260,90,0,GASTON,AL072016,2016-09-01 00:00:00,2016-09-01 00:00:00,263.0,0.0,226.0,39.0,447.0,91.0,1363.0
             Gaston,2016,9,1,60,36.3,-44.3,hurricane,2.0,85,973,270,100,0,GASTON,AL072016,2016-09-01 06:00:00,2016-09-01 06:00:00,259.0,0.0,229.0,38.0,448.0,73.0,1363.0
             Gaston,2016,9,1,12,37.1,-42.0,hurricane,1.0,80,976,270,100,0,GASTON,AL072016,2016-09-01 12:00:00,2016-09-01 12:00:00,253.0,0.0,266.0,38.0,433.0,70.0,1402.0
             Gaston,2016,9,1,18,37.8,-39.5,hurricane,1.0,75,981,270,90,0,GASTON,AL072016,2016-09-01 18:00:00,2016-09-01 18:00:00,252.0,0.0,268.0,37.0,438.0,68.0,1489.0
             Gaston,2016,9,2,0,38.2,-37.0,hurricane,1.0,70,985,250,80,0,GASTON,AL072016,2016-09-02 00:00:00,2016-09-02 00:00:00,244.0,0.0,249.0,38.0,436.0,60.0,1617.0
            Hermine,2016,9,1,18,27.9,-85.5,hurricane,1.0,65,988,210,40,0,HERMINE,AL092016,2016-09-01 18:00:00,2016-09-01 18:00:00,294.0,40.0,204.0,62.0,607.0,163.0,201.0
            Hermine,2016,9,2,0,29.0,-84.8,hurricane,1.0,70,983,210,70,0,HERMINE,AL092016,2016-09-02 00:00:00,2016-09-02 00:00:00,292.0,33.0,211.0,58.0,598.0,144.0,83.0
            Matthew,2016,9,29,18,14.2,-66.9,hurricane,1.0,65,993,260,60,0,MATTHEW,AL142016,2016-09-29 18:00:00,2016-09-29 18:00:00,291.0,57.0,213.0,59.0,586.0,148.0,370.0
            Matthew,2016,9,30,0,14.2,-68.1,hurricane,1.0,70,987,270,50,0,MATTHEW,AL142016,2016-09-30 00:00:00,2016-09-30 00:00:00,290.0,60.0,218.0,60.0,567.0,145.0,301.0
            Matthew,2016,9,30,60,14.0,-69.3,hurricane,2.0,85,979,260,55,0,MATTHEW,AL142016,2016-09-30 06:00:00,2016-09-30 06:00:00,290.0,65.0,225.0,62.0,561.0,133.0,215.0
            Matthew,2016,9,30,12,13.8,-70.4,hurricane,3.0,100,968,260,50,1,MATTHEW,AL142016,2016-09-30 12:00:00,2016-09-30 12:00:00,287.0,66.0,238.0,63.0,571.0,134.0,183.0
            Matthew,2016,9,30,18,13.5,-71.2,hurricane,4.0,120,955,260,50,1,MATTHEW,AL142016,2016-09-30 18:00:00,2016-09-30 18:00:00,287.0,63.0,262.0,66.0,590.0,139.0,125.0
            Matthew,2016,10,1,0,13.4,-71.9,hurricane,5.0,145,942,260,60,1,MATTHEW,AL142016,2016-10-01 00:00:00,2016-10-01 00:00:00,287.0,60.0,233.0,70.0,596.0,142.0,107.0
            Matthew,2016,10,1,60,13.4,-72.5,hurricane,5.0,140,942,260,60,1,MATTHEW,AL142016,2016-10-01 06:00:00,2016-10-01 06:00:00,287.0,59.0,198.0,74.0,598.0,135.0,134.0
            Matthew,2016,10,1,12,13.4,-73.1,hurricane,4.0,135,944,260,45,1,MATTHEW,AL142016,2016-10-01 12:00:00,2016-10-01 12:00:00,288.0,60.0,166.0,76.0,614.0,139.0,165.0
            Matthew,2016,10,1,18,13.4,-73.3,hurricane,4.0,130,942,260,45,1,MATTHEW,AL142016,2016-10-01 18:00:00,2016-10-01 18:00:00,288.0,61.0,152.0,77.0,622.0,146.0,179.0
            Matthew,2016,10,2,0,13.5,-73.5,hurricane,4.0,130,940,250,45,1,MATTHEW,AL142016,2016-10-02 00:00:00,2016-10-02 00:00:00,288.0,61.0,120.0,77.0,617.0,148.0,203.0
            Matthew,2016,10,2,60,13.7,-73.9,hurricane,4.0,125,941,240,45,1,MATTHEW,AL142016,2016-10-02 06:00:00,2016-10-02 06:00:00,288.0,63.0,91.0,76.0,610.0,145.0,250.0
            Matthew,2016,10,2,12,14.0,-74.3,hurricane,4.0,130,947,240,45,1,MATTHEW,AL142016,2016-10-02 12:00:00,2016-10-02 12:00:00,289.0,69.0,81.0,74.0,611.0,149.0,296.0
            Matthew,2016,10,2,18,14.2,-74.7,hurricane,4.0,135,945,240,45,1,MATTHEW,AL142016,2016-10-02 18:00:00,2016-10-02 18:00:00,289.0,69.0,69.0,74.0,622.0,152.0,325.0
            Matthew,2016,10,3,0,14.5,-75.0,hurricane,4.0,130,944,250,50,1,MATTHEW,AL142016,2016-10-03 00:00:00,2016-10-03 00:00:00,289.0,76.0,89.0,74.0,628.0,153.0,365.0
            Matthew,2016,10,3,60,14.9,-75.0,hurricane,4.0,125,942,250,50,1,MATTHEW,AL142016,2016-10-03 06:00:00,2016-10-03 06:00:00,289.0,82.0,67.0,76.0,624.0,150.0,358.0
            Matthew,2016,10,3,12,15.4,-75.0,hurricane,4.0,125,941,250,50,1,MATTHEW,AL142016,2016-10-03 12:00:00,2016-10-03 12:00:00,290.0,86.0,65.0,75.0,629.0,150.0,307.0
            Matthew,2016,10,3,18,15.9,-74.9,hurricane,4.0,125,938,260,65,1,MATTHEW,AL142016,2016-10-03 18:00:00,2016-10-03 18:00:00,290.0,89.0,95.0,75.0,639.0,153.0,260.0
            Matthew,2016,10,4,0,16.6,-74.6,hurricane,4.0,130,934,260,65,1,MATTHEW,AL142016,2016-10-04 00:00:00,2016-10-04 00:00:00,291.0,86.0,106.0,74.0,633.0,153.0,176.0
            Matthew,2016,10,4,60,17.5,-74.4,hurricane,4.0,130,934,260,65,1,MATTHEW,AL142016,2016-10-04 06:00:00,2016-10-04 06:00:00,292.0,84.0,103.0,73.0,619.0,151.0,79.0
            Matthew,2016,10,4,18,19.3,-74.3,hurricane,4.0,120,947,250,80,1,MATTHEW,AL142016,2016-10-04 18:00:00,2016-10-04 18:00:00,294.0,83.0,123.0,72.0,604.0,150.0,70.0
            Matthew,2016,10,5,60,20.7,-74.4,hurricane,3.0,110,960,250,75,1,MATTHEW,AL142016,2016-10-05 06:00:00,2016-10-05 06:00:00,293.0,80.0,103.0,74.0,595.0,148.0,34.0
            Matthew,2016,10,5,12,21.4,-74.8,hurricane,3.0,105,962,240,70,1,MATTHEW,AL142016,2016-10-05 12:00:00,2016-10-05 12:00:00,291.0,77.0,84.0,74.0,591.0,150.0,83.0
            Matthew,2016,10,5,18,22.2,-75.4,hurricane,3.0,105,963,230,70,1,MATTHEW,AL142016,2016-10-05 18:00:00,2016-10-05 18:00:00,290.0,78.0,82.0,69.0,615.0,151.0,124.0
            Matthew,2016,10,6,0,23.0,-76.0,hurricane,3.0,105,960,230,70,1,MATTHEW,AL142016,2016-10-06 00:00:00,2016-10-06 00:00:00,289.0,73.0,95.0,72.0,616.0,154.0,183.0
            Matthew,2016,10,6,60,23.8,-76.7,hurricane,3.0,110,952,230,70,1,MATTHEW,AL142016,2016-10-06 06:00:00,2016-10-06 06:00:00,289.0,73.0,93.0,72.0,616.0,152.0,83.0
            Matthew,2016,10,6,12,24.7,-77.5,hurricane,4.0,120,937,240,80,1,MATTHEW,AL142016,2016-10-06 12:00:00,2016-10-06 12:00:00,289.0,78.0,142.0,71.0,632.0,152.0,25.0
            Matthew,2016,10,6,18,25.7,-78.3,hurricane,4.0,120,937,250,80,1,MATTHEW,AL142016,2016-10-06 18:00:00,2016-10-06 18:00:00,287.0,78.0,195.0,66.0,638.0,152.0,60.0
            Matthew,2016,10,7,0,26.7,-79.0,hurricane,4.0,115,937,270,80,1,MATTHEW,AL142016,2016-10-07 00:00:00,2016-10-07 00:00:00,285.0,70.0,186.0,66.0,639.0,138.0,105.0
            Matthew,2016,10,7,60,27.7,-79.7,hurricane,3.0,110,939,270,80,1,MATTHEW,AL142016,2016-10-07 06:00:00,2016-10-07 06:00:00,282.0,66.0,188.0,66.0,632.0,128.0,67.0
            Matthew,2016,10,7,12,28.9,-80.3,hurricane,3.0,105,944,270,85,1,MATTHEW,AL142016,2016-10-07 12:00:00,2016-10-07 12:00:00,279.0,22.0,276.0,64.0,618.0,118.0,47.0
            Matthew,2016,10,7,18,29.7,-80.7,hurricane,3.0,100,946,270,85,1,MATTHEW,AL142016,2016-10-07 18:00:00,2016-10-07 18:00:00,275.0,22.0,344.0,58.0,621.0,97.0,47.0
            Matthew,2016,10,8,0,30.7,-80.6,hurricane,2.0,95,949,270,85,0,MATTHEW,AL142016,2016-10-08 00:00:00,2016-10-08 00:00:00,269.0,27.0,353.0,52.0,602.0,80.0,87.0
            Matthew,2016,10,8,60,31.6,-80.6,hurricane,2.0,85,953,290,70,0,MATTHEW,AL142016,2016-10-08 06:00:00,2016-10-08 06:00:00,262.0,21.0,402.0,44.0,586.0,83.0,48.0
            Matthew,2016,10,8,12,32.5,-79.9,hurricane,1.0,80,963,300,50,0,MATTHEW,AL142016,2016-10-08 12:00:00,2016-10-08 12:00:00,263.0,11.0,413.0,39.0,560.0,74.0,21.0
            Matthew,2016,10,8,18,33.5,-79.0,hurricane,1.0,70,973,320,50,0,MATTHEW,AL142016,2016-10-08 18:00:00,2016-10-08 18:00:00,262.0,0.0,456.0,36.0,519.0,63.0,2.0
             Nicole,2016,10,6,18,27.3,-65.1,hurricane,1.0,75,980,120,30,0,NICOLE,AL152016,2016-10-06 18:00:00,2016-10-06 18:00:00,279.0,23.0,335.0,51.0,526.0,148.0,952.0
             Nicole,2016,10,7,0,27.5,-65.2,hurricane,2.0,90,969,130,30,0,NICOLE,AL152016,2016-10-07 00:00:00,2016-10-07 00:00:00,279.0,23.0,368.0,47.0,532.0,152.0,975.0
             Nicole,2016,10,7,60,27.6,-65.2,hurricane,1.0,75,970,130,30,0,NICOLE,AL152016,2016-10-07 06:00:00,2016-10-07 06:00:00,279.0,23.0,344.0,44.0,525.0,156.0,986.0
             Nicole,2016,10,11,18,27.2,-66.2,hurricane,1.0,70,980,180,25,0,NICOLE,AL152016,2016-10-11 18:00:00,2016-10-11 18:00:00,278.0,25.0,167.0,54.0,579.0,150.0,922.0
             Nicole,2016,10,12,0,27.4,-66.6,hurricane,1.0,75,976,180,25,0,NICOLE,AL152016,2016-10-12 00:00:00,2016-10-12 00:00:00,277.0,23.0,153.0,53.0,579.0,152.0,926.0
             Nicole,2016,10,12,60,27.6,-66.8,hurricane,2.0,85,973,180,25,0,NICOLE,AL152016,2016-10-12 06:00:00,2016-10-12 06:00:00,277.0,25.0,178.0,52.0,565.0,146.0,939.0
             Nicole,2016,10,12,12,28.0,-66.9,hurricane,2.0,95,969,210,60,0,NICOLE,AL152016,2016-10-12 12:00:00,2016-10-12 12:00:00,275.0,23.0,284.0,52.0,548.0,140.0,965.0
             Nicole,2016,10,12,18,28.7,-66.8,hurricane,3.0,105,962,250,60,1,NICOLE,AL152016,2016-10-12 18:00:00,2016-10-12 18:00:00,275.0,20.0,312.0,50.0,559.0,133.0,1031.0
             Nicole,2016,10,13,0,29.6,-66.5,hurricane,4.0,115,954,300,110,1,NICOLE,AL152016,2016-10-13 00:00:00,2016-10-13 00:00:00,270.0,15.0,322.0,50.0,559.0,124.0,1094.0
             Nicole,2016,10,13,60,30.6,-66.2,hurricane,4.0,120,950,300,130,1,NICOLE,AL152016,2016-10-13 06:00:00,2016-10-13 06:00:00,266.0,10.0,389.0,45.0,549.0,115.0,1049.0
             Nicole,2016,10,13,12,31.6,-65.3,hurricane,3.0,110,956,330,130,1,NICOLE,AL152016,2016-10-13 12:00:00,2016-10-13 12:00:00,263.0,7.0,438.0,43.0,537.0,99.0,1065.0
             Nicole,2016,10,13,18,33.0,-63.9,hurricane,2.0,95,962,330,160,0,NICOLE,AL152016,2016-10-13 18:00:00,2016-10-13 18:00:00,257.0,0.0,456.0,42.0,534.0,95.0,1104.0
             Nicole,2016,10,14,0,34.0,-62.1,hurricane,2.0,85,967,360,160,0,NICOLE,AL152016,2016-10-14 00:00:00,2016-10-14 00:00:00,253.0,0.0,459.0,42.0,487.0,93.0,1098.0
             Nicole,2016,10,14,60,34.9,-60.5,hurricane,1.0,75,972,360,130,0,NICOLE,AL152016,2016-10-14 06:00:00,2016-10-14 06:00:00,253.0,0.0,490.0,41.0,455.0,88.0,1052.0
             Nicole,2016,10,14,12,35.6,-58.9,hurricane,1.0,70,975,480,130,0,NICOLE,AL152016,2016-10-14 12:00:00,2016-10-14 12:00:00,250.0,0.0,537.0,40.0,429.0,88.0,1047.0
             Nicole,2016,10,14,18,36.4,-56.5,hurricane,1.0,65,977,480,130,0,NICOLE,AL152016,2016-10-14 18:00:00,2016-10-14 18:00:00,247.0,0.0,562.0,40.0,452.0,95.0,1057.0
             Nicole,2016,10,15,0,37.2,-54.2,hurricane,1.0,65,974,510,130,0,NICOLE,AL152016,2016-10-15 00:00:00,2016-10-15 00:00:00,245.0,0.0,520.0,38.0,438.0,95.0,1047.0
             Nicole,2016,10,15,60,38.0,-52.6,hurricane,1.0,75,965,540,130,0,NICOLE,AL152016,2016-10-15 06:00:00,2016-10-15 06:00:00,243.0,0.0,511.0,42.0,410.0,94.0,960.0
             Nicole,2016,10,15,12,38.7,-51.1,hurricane,1.0,75,960,690,160,0,NICOLE,AL152016,2016-10-15 12:00:00,2016-10-15 12:00:00,242.0,0.0,465.0,49.0,378.0,92.0,898.0
             Nicole,2016,10,15,18,39.0,-49.8,hurricane,1.0,75,961,660,160,0,NICOLE,AL152016,2016-10-15 18:00:00,2016-10-15 18:00:00,236.0,0.0,352.0,55.0,351.0,94.0,891.0
             Nicole,2016,10,16,0,39.3,-48.7,hurricane,1.0,75,961,750,160,0,NICOLE,AL152016,2016-10-16 00:00:00,2016-10-16 00:00:00,233.0,0.0,356.0,51.0,366.0,93.0,891.0
             Nicole,2016,10,16,60,39.1,-48.0,hurricane,1.0,70,962,750,160,0,NICOLE,AL152016,2016-10-16 06:00:00,2016-10-16 06:00:00,230.0,0.0,337.0,50.0,385.0,89.0,935.0
             Nicole,2016,10,16,12,38.9,-47.2,hurricane,1.0,70,963,690,160,0,NICOLE,AL152016,2016-10-16 12:00:00,2016-10-16 12:00:00,236.0,0.0,300.0,48.0,383.0,86.0,985.0
             Nicole,2016,10,16,18,39.4,-46.4,hurricane,1.0,65,964,690,150,0,NICOLE,AL152016,2016-10-16 18:00:00,2016-10-16 18:00:00,229.0,0.0,234.0,50.0,400.0,85.0,971.0
             Nicole,2016,10,17,0,40.1,-45.8,hurricane,1.0,65,965,690,150,0,NICOLE,AL152016,2016-10-17 00:00:00,2016-10-17 00:00:00,224.0,0.0,198.0,50.0,416.0,80.0,936.0
             Nicole,2016,10,17,60,40.6,-45.5,hurricane,1.0,65,965,690,150,0,NICOLE,AL152016,2016-10-17 06:00:00,2016-10-17 06:00:00,224.0,0.0,195.0,49.0,419.0,58.0,908.0
             Nicole,2016,10,17,12,40.9,-45.1,hurricane,1.0,65,966,690,150,0,NICOLE,AL152016,2016-10-17 12:00:00,2016-10-17 12:00:00,224.0,0.0,225.0,49.0,419.0,28.0,905.0
             Nicole,2016,10,17,18,41.8,-43.6,hurricane,1.0,65,966,630,150,0,NICOLE,AL152016,2016-10-17 18:00:00,2016-10-17 18:00:00,218.0,0.0,138.0,50.0,408.0,0.0,927.0
               Otto,2016,11,23,18,11.2,-81.1,hurricane,1.0,65,990,100,20,0,OTTO,AL162016,2016-11-23 18:00:00,2016-11-23 18:00:00,285.0,35.0,127.0,68.0,616.0,162.0,240.0
               Otto,2016,11,24,0,11.2,-81.8,hurricane,1.0,80,980,100,20,0,OTTO,AL162016,2016-11-24 00:00:00,2016-11-24 00:00:00,285.0,31.0,96.0,67.0,625.0,163.0,189.0
               Otto,2016,11,24,60,11.1,-82.4,hurricane,2.0,90,978,100,30,0,OTTO,AL162016,2016-11-24 06:00:00,2016-11-24 06:00:00,285.0,28.0,110.0,68.0,605.0,156.0,133.0
               Otto,2016,11,24,12,11.0,-83.0,hurricane,3.0,100,975,100,30,1,OTTO,AL162016,2016-11-24 12:00:00,2016-11-24 12:00:00,285.0,25.0,168.0,68.0,589.0,147.0,68.0
           Franklin,2017,8,9,18,20.2,-94.4,hurricane,1.0,65,984,210,30,0,FRANKLIN,AL072017,2017-08-09 18:00:00,2017-08-09 18:00:00,293.0,33.0,192.0,74.0,610.0,156.0,186.0
           Franklin,2017,8,10,0,20.3,-95.5,hurricane,1.0,75,981,220,30,0,FRANKLIN,AL072017,2017-08-10 00:00:00,2017-08-10 00:00:00,293.0,37.0,185.0,79.0,617.0,156.0,111.0
               Gert,2017,8,15,60,31.5,-72.3,hurricane,1.0,65,986,140,20,0,GERT,AL082017,2017-08-15 06:00:00,2017-08-15 06:00:00,280.0,28.0,136.0,53.0,523.0,117.0,533.0
               Gert,2017,8,15,12,32.3,-72.1,hurricane,1.0,70,982,150,20,0,GERT,AL082017,2017-08-15 12:00:00,2017-08-15 12:00:00,279.0,25.0,136.0,53.0,533.0,114.0,490.0
               Gert,2017,8,15,18,33.2,-71.8,hurricane,1.0,70,980,160,20,0,GERT,AL082017,2017-08-15 18:00:00,2017-08-15 18:00:00,275.0,24.0,153.0,50.0,531.0,122.0,451.0
               Gert,2017,8,16,0,34.2,-71.0,hurricane,1.0,75,976,160,20,0,GERT,AL082017,2017-08-16 00:00:00,2017-08-16 00:00:00,272.0,21.0,132.0,45.0,545.0,122.0,460.0
               Gert,2017,8,16,60,35.4,-69.5,hurricane,1.0,80,973,180,50,0,GERT,AL082017,2017-08-16 06:00:00,2017-08-16 06:00:00,273.0,22.0,240.0,39.0,546.0,119.0,564.0
               Gert,2017,8,16,12,36.8,-67.1,hurricane,2.0,85,969,190,50,0,GERT,AL082017,2017-08-16 12:00:00,2017-08-16 12:00:00,273.0,25.0,336.0,35.0,526.0,102.0,596.0
               Gert,2017,8,16,18,38.2,-64.1,hurricane,2.0,95,962,220,50,0,GERT,AL082017,2017-08-16 18:00:00,2017-08-16 18:00:00,269.0,25.0,399.0,38.0,495.0,87.0,606.0
               Gert,2017,8,17,0,39.4,-60.4,hurricane,2.0,90,964,250,50,0,GERT,AL082017,2017-08-17 00:00:00,2017-08-17 00:00:00,263.0,8.0,431.0,42.0,482.0,28.0,620.0
             Harvey,2017,8,24,18,24.4,-93.6,hurricane,1.0,70,978,110,20,0,HARVEY,AL092017,2017-08-24 18:00:00,2017-08-24 18:00:00,299.0,62.0,142.0,69.0,593.0,157.0,388.0
             Harvey,2017,8,25,0,25.0,-94.4,hurricane,1.0,80,973,130,30,0,HARVEY,AL092017,2017-08-25 00:00:00,2017-08-25 00:00:00,297.0,62.0,117.0,68.0,584.0,157.0,289.0
             Harvey,2017,8,25,60,25.6,-95.1,hurricane,2.0,90,966,160,40,0,HARVEY,AL092017,2017-08-25 06:00:00,2017-08-25 06:00:00,295.0,59.0,134.0,68.0,599.0,147.0,207.0
             Harvey,2017,8,25,12,26.3,-95.8,hurricane,2.0,95,949,200,40,0,HARVEY,AL092017,2017-08-25 12:00:00,2017-08-25 12:00:00,293.0,51.0,192.0,67.0,604.0,138.0,137.0
             Harvey,2017,8,25,18,27.1,-96.3,hurricane,3.0,105,943,200,50,1,HARVEY,AL092017,2017-08-25 18:00:00,2017-08-25 18:00:00,290.0,44.0,205.0,67.0,599.0,145.0,115.0
             Harvey,2017,8,26,0,27.8,-96.8,hurricane,4.0,115,941,200,55,1,HARVEY,AL092017,2017-08-26 00:00:00,2017-08-26 00:00:00,290.0,39.0,184.0,69.0,608.0,152.0,25.0
               Irma,2017,8,31,60,16.4,-32.5,hurricane,1.0,65,994,90,10,0,IRMA,AL112017,2017-08-31 06:00:00,2017-08-31 06:00:00,265.0,8.0,3.0,63.0,603.0,118.0,1613.0
               Irma,2017,8,31,12,16.7,-33.4,hurricane,1.0,80,983,110,25,0,IRMA,AL112017,2017-08-31 12:00:00,2017-08-31 12:00:00,265.0,8.0,11.0,58.0,600.0,115.0,1711.0
               Irma,2017,8,31,18,17.1,-34.2,hurricane,2.0,95,970,110,25,0,IRMA,AL112017,2017-08-31 18:00:00,2017-08-31 18:00:00,263.0,6.0,10.0,57.0,604.0,114.0,1800.0
               Irma,2017,9,1,0,17.5,-35.1,hurricane,3.0,100,967,120,25,1,IRMA,AL112017,2017-09-01 00:00:00,2017-09-01 00:00:00,264.0,5.0,41.0,55.0,583.0,101.0,1900.0
               Irma,2017,9,1,60,17.9,-36.1,hurricane,3.0,100,967,120,25,1,IRMA,AL112017,2017-09-01 06:00:00,2017-09-01 06:00:00,264.0,4.0,43.0,53.0,593.0,99.0,2011.0
               Irma,2017,9,1,12,18.4,-37.3,hurricane,3.0,100,967,120,25,1,IRMA,AL112017,2017-09-01 12:00:00,2017-09-01 12:00:00,264.0,6.0,43.0,51.0,592.0,95.0,2139.0
               Irma,2017,9,1,18,18.8,-38.5,hurricane,3.0,100,967,130,30,1,IRMA,AL112017,2017-09-01 18:00:00,2017-09-01 18:00:00,265.0,8.0,45.0,52.0,595.0,100.0,2140.0
               Irma,2017,9,2,0,19.1,-39.7,hurricane,3.0,100,967,130,30,1,IRMA,AL112017,2017-09-02 00:00:00,2017-09-02 00:00:00,265.0,10.0,76.0,50.0,596.0,118.0,2084.0
               Irma,2017,9,2,60,19.1,-41.1,hurricane,3.0,100,967,130,30,1,IRMA,AL112017,2017-09-02 06:00:00,2017-09-02 06:00:00,268.0,14.0,80.0,50.0,575.0,119.0,1987.0
               Irma,2017,9,2,12,18.9,-42.6,hurricane,2.0,95,973,130,30,0,IRMA,AL112017,2017-09-02 12:00:00,2017-09-02 12:00:00,269.0,16.0,95.0,49.0,571.0,122.0,1869.0
               Irma,2017,9,2,18,18.7,-44.1,hurricane,2.0,95,973,130,30,0,IRMA,AL112017,2017-09-02 18:00:00,2017-09-02 18:00:00,271.0,22.0,102.0,53.0,542.0,129.0,1750.0
               Irma,2017,9,3,0,18.5,-45.5,hurricane,2.0,95,973,140,30,0,IRMA,AL112017,2017-09-03 00:00:00,2017-09-03 00:00:00,272.0,29.0,100.0,53.0,509.0,131.0,1603.0
               Irma,2017,9,3,60,18.2,-46.7,hurricane,2.0,95,973,150,30,0,IRMA,AL112017,2017-09-03 06:00:00,2017-09-03 06:00:00,273.0,33.0,89.0,56.0,489.0,129.0,1472.0
               Irma,2017,9,3,12,17.9,-47.9,hurricane,3.0,100,969,170,40,1,IRMA,AL112017,2017-09-03 12:00:00,2017-09-03 12:00:00,274.0,38.0,63.0,55.0,484.0,133.0,1342.0
               Irma,2017,9,3,18,17.6,-49.2,hurricane,3.0,100,965,180,45,1,IRMA,AL112017,2017-09-03 18:00:00,2017-09-03 18:00:00,276.0,41.0,42.0,56.0,509.0,137.0,1202.0
               Irma,2017,9,4,0,17.3,-50.4,hurricane,3.0,100,959,180,45,1,IRMA,AL112017,2017-09-04 00:00:00,2017-09-04 00:00:00,278.0,47.0,53.0,53.0,516.0,140.0,1072.0
               Irma,2017,9,4,60,17.0,-51.5,hurricane,3.0,105,952,180,45,1,IRMA,AL112017,2017-09-04 06:00:00,2017-09-04 06:00:00,279.0,52.0,44.0,54.0,537.0,142.0,952.0
               Irma,2017,9,4,12,16.8,-52.6,hurricane,3.0,110,945,190,55,1,IRMA,AL112017,2017-09-04 12:00:00,2017-09-04 12:00:00,281.0,56.0,21.0,53.0,553.0,143.0,837.0
               Irma,2017,9,4,18,16.7,-53.9,hurricane,4.0,115,944,210,60,1,IRMA,AL112017,2017-09-04 18:00:00,2017-09-04 18:00:00,282.0,61.0,49.0,55.0,560.0,149.0,712.0
               Irma,2017,9,5,0,16.6,-55.1,hurricane,4.0,125,943,210,75,1,IRMA,AL112017,2017-09-05 00:00:00,2017-09-05 00:00:00,283.0,63.0,93.0,56.0,551.0,149.0,602.0
               Irma,2017,9,5,60,16.6,-56.4,hurricane,4.0,135,933,220,75,1,IRMA,AL112017,2017-09-05 06:00:00,2017-09-05 06:00:00,285.0,66.0,58.0,58.0,562.0,145.0,500.0
               Irma,2017,9,5,12,16.7,-57.8,hurricane,5.0,150,929,240,80,1,IRMA,AL112017,2017-09-05 12:00:00,2017-09-05 12:00:00,285.0,72.0,15.0,58.0,560.0,144.0,393.0
               Irma,2017,9,5,18,16.9,-59.2,hurricane,5.0,155,926,250,85,1,IRMA,AL112017,2017-09-05 18:00:00,2017-09-05 18:00:00,286.0,73.0,60.0,55.0,573.0,144.0,262.0
               Irma,2017,9,6,0,17.3,-60.6,hurricane,5.0,155,915,260,85,1,IRMA,AL112017,2017-09-06 00:00:00,2017-09-06 00:00:00,286.0,73.0,51.0,56.0,569.0,146.0,115.0
               Irma,2017,9,6,60,17.7,-61.9,hurricane,5.0,155,914,260,85,1,IRMA,AL112017,2017-09-06 06:00:00,2017-09-06 06:00:00,287.0,74.0,50.0,57.0,575.0,145.0,3.0
               Irma,2017,9,6,12,18.1,-63.3,hurricane,5.0,155,915,260,90,1,IRMA,AL112017,2017-09-06 12:00:00,2017-09-06 12:00:00,288.0,74.0,94.0,53.0,594.0,142.0,16.0
               Irma,2017,9,6,18,18.6,-64.7,hurricane,5.0,150,916,270,90,1,IRMA,AL112017,2017-09-06 18:00:00,2017-09-06 18:00:00,288.0,73.0,89.0,54.0,601.0,142.0,17.0
               Irma,2017,9,7,0,19.2,-66.2,hurricane,5.0,150,916,270,95,1,IRMA,AL112017,2017-09-07 00:00:00,2017-09-07 00:00:00,288.0,75.0,89.0,54.0,582.0,141.0,83.0
               Irma,2017,9,7,60,19.7,-67.6,hurricane,5.0,145,920,270,95,1,IRMA,AL112017,2017-09-07 06:00:00,2017-09-07 06:00:00,289.0,75.0,105.0,55.0,611.0,139.0,141.0
               Irma,2017,9,7,12,20.2,-69.0,hurricane,5.0,145,921,270,100,1,IRMA,AL112017,2017-09-07 12:00:00,2017-09-07 12:00:00,288.0,73.0,72.0,56.0,603.0,139.0,96.0
               Irma,2017,9,7,18,20.7,-70.4,hurricane,5.0,145,922,270,100,1,IRMA,AL112017,2017-09-07 18:00:00,2017-09-07 18:00:00,289.0,74.0,105.0,55.0,621.0,138.0,102.0
               Irma,2017,9,8,0,21.1,-71.8,hurricane,5.0,140,919,270,105,1,IRMA,AL112017,2017-09-08 00:00:00,2017-09-08 00:00:00,290.0,81.0,93.0,55.0,600.0,143.0,126.0
               Irma,2017,9,8,60,21.5,-73.2,hurricane,4.0,135,925,270,105,1,IRMA,AL112017,2017-09-08 06:00:00,2017-09-08 06:00:00,291.0,77.0,58.0,57.0,609.0,142.0,29.0
               Irma,2017,9,8,12,21.8,-74.7,hurricane,4.0,135,927,270,105,1,IRMA,AL112017,2017-09-08 12:00:00,2017-09-08 12:00:00,293.0,77.0,75.0,57.0,607.0,142.0,126.0
               Irma,2017,9,8,18,22.0,-76.0,hurricane,5.0,140,925,270,120,1,IRMA,AL112017,2017-09-08 18:00:00,2017-09-08 18:00:00,293.0,85.0,106.0,59.0,606.0,147.0,91.0
               Irma,2017,9,9,0,22.1,-77.2,hurricane,5.0,145,924,290,120,1,IRMA,AL112017,2017-09-09 00:00:00,2017-09-09 00:00:00,295.0,96.0,94.0,59.0,616.0,152.0,39.0
               Irma,2017,9,9,60,22.4,-78.3,hurricane,4.0,130,930,330,120,1,IRMA,AL112017,2017-09-09 06:00:00,2017-09-09 06:00:00,296.0,108.0,79.0,59.0,625.0,147.0,23.0
               Irma,2017,9,9,12,22.7,-79.3,hurricane,3.0,110,941,330,120,1,IRMA,AL112017,2017-09-09 12:00:00,2017-09-09 12:00:00,298.0,109.0,115.0,62.0,608.0,152.0,25.0
               Irma,2017,9,9,18,23.1,-80.2,hurricane,2.0,95,938,340,120,0,IRMA,AL112017,2017-09-09 18:00:00,2017-09-09 18:00:00,296.0,113.0,142.0,61.0,608.0,156.0,20.0
               Irma,2017,9,10,0,23.4,-80.9,hurricane,3.0,100,932,350,120,1,IRMA,AL112017,2017-09-10 00:00:00,2017-09-10 00:00:00,296.0,117.0,209.0,61.0,616.0,158.0,35.0
               Irma,2017,9,10,60,23.7,-81.3,hurricane,4.0,115,930,380,110,1,IRMA,AL112017,2017-09-10 06:00:00,2017-09-10 06:00:00,296.0,117.0,253.0,64.0,612.0,162.0,63.0
               Irma,2017,9,10,12,24.5,-81.5,hurricane,4.0,115,931,410,110,1,IRMA,AL112017,2017-09-10 12:00:00,2017-09-10 12:00:00,296.0,84.0,321.0,66.0,594.0,150.0,83.0
               Irma,2017,9,10,18,25.6,-81.7,hurricane,3.0,100,936,440,110,1,IRMA,AL112017,2017-09-10 18:00:00,2017-09-10 18:00:00,296.0,62.0,391.0,64.0,617.0,136.0,38.0
               Jose,2017,9,6,18,13.7,-45.2,hurricane,1.0,65,995,100,15,0,JOSE,AL122017,2017-09-06 18:00:00,2017-09-06 18:00:00,278.0,34.0,117.0,61.0,556.0,142.0,1246.0
               Jose,2017,9,7,0,14.1,-46.7,hurricane,1.0,70,993,120,20,0,JOSE,AL122017,2017-09-07 00:00:00,2017-09-07 00:00:00,277.0,37.0,90.0,62.0,545.0,143.0,1179.0
               Jose,2017,9,7,60,14.4,-48.3,hurricane,1.0,80,986,140,20,0,JOSE,AL122017,2017-09-07 06:00:00,2017-09-07 06:00:00,279.0,43.0,70.0,63.0,539.0,143.0,1117.0
               Jose,2017,9,7,12,14.7,-49.9,hurricane,2.0,90,977,150,25,0,JOSE,AL122017,2017-09-07 12:00:00,2017-09-07 12:00:00,280.0,49.0,118.0,61.0,531.0,145.0,1041.0
               Jose,2017,9,7,18,15.1,-51.5,hurricane,3.0,100,969,160,25,1,JOSE,AL122017,2017-09-07 18:00:00,2017-09-07 18:00:00,280.0,56.0,146.0,60.0,532.0,150.0,881.0
               Jose,2017,9,8,0,15.5,-53.2,hurricane,3.0,105,964,170,45,1,JOSE,AL122017,2017-09-08 00:00:00,2017-09-08 00:00:00,283.0,62.0,162.0,59.0,500.0,153.0,719.0
               Jose,2017,9,8,60,15.9,-54.9,hurricane,4.0,115,955,190,50,1,JOSE,AL122017,2017-09-08 06:00:00,2017-09-08 06:00:00,283.0,64.0,140.0,61.0,511.0,150.0,575.0
               Jose,2017,9,8,12,16.1,-56.4,hurricane,4.0,130,940,200,55,1,JOSE,AL122017,2017-09-08 12:00:00,2017-09-08 12:00:00,285.0,67.0,163.0,58.0,512.0,148.0,461.0
               Jose,2017,9,8,18,16.4,-57.8,hurricane,4.0,135,939,200,60,1,JOSE,AL122017,2017-09-08 18:00:00,2017-09-08 18:00:00,285.0,73.0,158.0,59.0,519.0,146.0,383.0
               Jose,2017,9,9,0,16.7,-58.9,hurricane,4.0,135,938,220,60,1,JOSE,AL122017,2017-09-09 00:00:00,2017-09-09 00:00:00,286.0,75.0,150.0,55.0,508.0,142.0,285.0
               Jose,2017,9,9,60,17.2,-59.9,hurricane,4.0,130,940,220,60,1,JOSE,AL122017,2017-09-09 06:00:00,2017-09-09 06:00:00,286.0,76.0,116.0,57.0,524.0,138.0,187.0
               Jose,2017,9,9,12,17.9,-60.8,hurricane,4.0,125,941,230,60,1,JOSE,AL122017,2017-09-09 12:00:00,2017-09-09 12:00:00,287.0,72.0,86.0,57.0,503.0,136.0,104.0
               Jose,2017,9,9,18,18.6,-61.8,hurricane,4.0,120,942,230,60,1,JOSE,AL122017,2017-09-09 18:00:00,2017-09-09 18:00:00,287.0,69.0,120.0,53.0,530.0,138.0,98.0
               Jose,2017,9,10,0,19.4,-62.9,hurricane,4.0,115,943,230,60,1,JOSE,AL122017,2017-09-10 00:00:00,2017-09-10 00:00:00,287.0,69.0,167.0,51.0,543.0,142.0,124.0
               Jose,2017,9,10,60,20.3,-64.0,hurricane,4.0,115,945,230,60,1,JOSE,AL122017,2017-09-10 06:00:00,2017-09-10 06:00:00,287.0,67.0,213.0,53.0,534.0,143.0,175.0
               Jose,2017,9,10,12,21.2,-65.3,hurricane,4.0,115,948,220,60,1,JOSE,AL122017,2017-09-10 12:00:00,2017-09-10 12:00:00,288.0,68.0,226.0,55.0,519.0,146.0,287.0
               Jose,2017,9,10,18,22.2,-66.5,hurricane,3.0,105,956,220,50,1,JOSE,AL122017,2017-09-10 18:00:00,2017-09-10 18:00:00,289.0,69.0,239.0,54.0,534.0,151.0,414.0
               Jose,2017,9,11,0,23.3,-67.6,hurricane,3.0,100,962,220,50,1,JOSE,AL122017,2017-09-11 00:00:00,2017-09-11 00:00:00,290.0,66.0,243.0,55.0,546.0,153.0,469.0
               Jose,2017,9,11,60,24.3,-68.6,hurricane,2.0,90,968,220,45,0,JOSE,AL122017,2017-09-11 06:00:00,2017-09-11 06:00:00,290.0,58.0,214.0,56.0,542.0,153.0,534.0
               Jose,2017,9,11,12,25.4,-69.4,hurricane,2.0,85,972,210,45,0,JOSE,AL122017,2017-09-11 12:00:00,2017-09-11 12:00:00,289.0,45.0,225.0,56.0,529.0,155.0,584.0
               Jose,2017,9,11,18,26.5,-69.5,hurricane,1.0,80,974,210,35,0,JOSE,AL122017,2017-09-11 18:00:00,2017-09-11 18:00:00,289.0,40.0,237.0,56.0,546.0,155.0,677.0
               Jose,2017,9,12,0,27.2,-69.4,hurricane,1.0,75,977,200,35,0,JOSE,AL122017,2017-09-12 00:00:00,2017-09-12 00:00:00,287.0,38.0,190.0,56.0,544.0,158.0,749.0
               Jose,2017,9,12,60,27.6,-69.1,hurricane,1.0,70,979,200,30,0,JOSE,AL122017,2017-09-12 06:00:00,2017-09-12 06:00:00,287.0,39.0,195.0,58.0,565.0,157.0,802.0
               Jose,2017,9,12,12,27.7,-68.3,hurricane,1.0,70,979,190,30,0,JOSE,AL122017,2017-09-12 12:00:00,2017-09-12 12:00:00,287.0,40.0,193.0,55.0,579.0,157.0,854.0
               Jose,2017,9,12,18,27.4,-67.4,hurricane,1.0,70,980,180,30,0,JOSE,AL122017,2017-09-12 18:00:00,2017-09-12 18:00:00,287.0,36.0,239.0,52.0,591.0,156.0,882.0
               Jose,2017,9,13,0,26.8,-66.7,hurricane,1.0,70,981,180,30,0,JOSE,AL122017,2017-09-13 00:00:00,2017-09-13 00:00:00,288.0,35.0,264.0,50.0,583.0,155.0,860.0
               Jose,2017,9,13,60,26.3,-66.2,hurricane,1.0,70,981,180,30,0,JOSE,AL122017,2017-09-13 06:00:00,2017-09-13 06:00:00,288.0,36.0,256.0,51.0,584.0,154.0,831.0
               Jose,2017,9,13,12,25.8,-65.8,hurricane,1.0,70,981,180,35,0,JOSE,AL122017,2017-09-13 12:00:00,2017-09-13 12:00:00,289.0,39.0,247.0,51.0,557.0,152.0,796.0
               Jose,2017,9,13,18,25.4,-65.6,hurricane,1.0,70,981,180,35,0,JOSE,AL122017,2017-09-13 18:00:00,2017-09-13 18:00:00,289.0,41.0,233.0,49.0,541.0,151.0,749.0
               Jose,2017,9,14,0,25.1,-65.7,hurricane,1.0,70,981,180,35,0,JOSE,AL122017,2017-09-14 00:00:00,2017-09-14 00:00:00,289.0,43.0,237.0,48.0,547.0,150.0,718.0
               Jose,2017,9,14,60,24.9,-65.9,hurricane,1.0,70,981,180,35,0,JOSE,AL122017,2017-09-14 06:00:00,2017-09-14 06:00:00,289.0,43.0,193.0,50.0,552.0,149.0,700.0
               Jose,2017,9,14,12,24.8,-66.3,hurricane,1.0,65,983,180,35,0,JOSE,AL122017,2017-09-14 12:00:00,2017-09-14 12:00:00,289.0,45.0,172.0,48.0,559.0,149.0,675.0
               Jose,2017,9,14,18,25.0,-66.9,hurricane,1.0,65,985,180,35,0,JOSE,AL122017,2017-09-14 18:00:00,2017-09-14 18:00:00,289.0,49.0,212.0,50.0,571.0,152.0,671.0
               Jose,2017,9,15,18,26.8,-69.9,hurricane,1.0,65,983,210,35,0,JOSE,AL122017,2017-09-15 18:00:00,2017-09-15 18:00:00,289.0,36.0,273.0,54.0,602.0,154.0,686.0
               Jose,2017,9,16,0,27.2,-70.7,hurricane,1.0,65,983,210,35,0,JOSE,AL122017,2017-09-16 00:00:00,2017-09-16 00:00:00,287.0,35.0,253.0,55.0,592.0,150.0,694.0
               Jose,2017,9,16,60,27.7,-71.4,hurricane,1.0,65,983,220,35,0,JOSE,AL122017,2017-09-16 06:00:00,2017-09-16 06:00:00,288.0,38.0,231.0,56.0,581.0,150.0,715.0
               Jose,2017,9,16,12,28.2,-71.8,hurricane,1.0,65,980,240,35,0,JOSE,AL122017,2017-09-16 12:00:00,2017-09-16 12:00:00,285.0,38.0,285.0,56.0,590.0,147.0,702.0
               Jose,2017,9,16,18,28.6,-72.0,hurricane,1.0,65,973,240,50,0,JOSE,AL122017,2017-09-16 18:00:00,2017-09-16 18:00:00,285.0,37.0,289.0,56.0,585.0,143.0,707.0
               Jose,2017,9,17,0,29.1,-72.0,hurricane,1.0,70,971,260,55,0,JOSE,AL122017,2017-09-17 00:00:00,2017-09-17 00:00:00,281.0,35.0,294.0,57.0,585.0,137.0,738.0
               Jose,2017,9,17,60,29.8,-72.0,hurricane,1.0,75,969,270,55,0,JOSE,AL122017,2017-09-17 06:00:00,2017-09-17 06:00:00,281.0,29.0,316.0,58.0,577.0,130.0,695.0
               Jose,2017,9,17,12,30.5,-71.9,hurricane,1.0,80,967,280,75,0,JOSE,AL122017,2017-09-17 12:00:00,2017-09-17 12:00:00,278.0,27.0,346.0,60.0,563.0,121.0,640.0
               Jose,2017,9,17,18,31.2,-71.8,hurricane,1.0,80,967,300,85,0,JOSE,AL122017,2017-09-17 18:00:00,2017-09-17 18:00:00,274.0,26.0,343.0,59.0,547.0,112.0,590.0
               Jose,2017,9,18,0,31.9,-71.6,hurricane,1.0,80,972,310,90,0,JOSE,AL122017,2017-09-18 00:00:00,2017-09-18 00:00:00,273.0,21.0,340.0,61.0,527.0,109.0,554.0
               Jose,2017,9,18,60,32.7,-71.4,hurricane,1.0,75,974,320,80,0,JOSE,AL122017,2017-09-18 06:00:00,2017-09-18 06:00:00,270.0,20.0,299.0,55.0,508.0,108.0,514.0
               Jose,2017,9,18,12,33.5,-71.2,hurricane,1.0,70,976,330,50,0,JOSE,AL122017,2017-09-18 12:00:00,2017-09-18 12:00:00,269.0,17.0,322.0,53.0,497.0,106.0,479.0
               Jose,2017,9,18,18,34.2,-71.2,hurricane,1.0,65,975,340,50,0,JOSE,AL122017,2017-09-18 18:00:00,2017-09-18 18:00:00,268.0,15.0,330.0,53.0,492.0,106.0,443.0
               Jose,2017,9,19,0,34.9,-71.4,hurricane,1.0,65,972,350,45,0,JOSE,AL122017,2017-09-19 00:00:00,2017-09-19 00:00:00,267.0,14.0,286.0,53.0,492.0,96.0,402.0
               Jose,2017,9,19,60,35.6,-71.6,hurricane,1.0,65,971,360,40,0,JOSE,AL122017,2017-09-19 06:00:00,2017-09-19 06:00:00,267.0,14.0,257.0,53.0,511.0,86.0,373.0
              Katia,2017,9,6,18,21.8,-95.2,hurricane,1.0,65,992,90,10,0,KATIA,AL132017,2017-09-06 18:00:00,2017-09-06 18:00:00,295.0,48.0,147.0,69.0,621.0,169.0,220.0
              Katia,2017,9,7,0,21.7,-94.9,hurricane,1.0,70,989,90,20,0,KATIA,AL132017,2017-09-07 00:00:00,2017-09-07 00:00:00,296.0,43.0,136.0,70.0,614.0,175.0,250.0
              Katia,2017,9,7,60,21.6,-94.6,hurricane,1.0,70,985,90,20,0,KATIA,AL132017,2017-09-07 06:00:00,2017-09-07 06:00:00,296.0,43.0,103.0,69.0,603.0,167.0,269.0
              Katia,2017,9,7,12,21.6,-94.6,hurricane,1.0,70,982,90,20,0,KATIA,AL132017,2017-09-07 12:00:00,2017-09-07 12:00:00,296.0,43.0,100.0,68.0,605.0,164.0,269.0
              Katia,2017,9,7,18,21.6,-94.6,hurricane,1.0,70,982,90,20,0,KATIA,AL132017,2017-09-07 12:00:00,2017-09-07 12:00:00,296.0,43.0,100.0,68.0,605.0,164.0,269.0
              Katia,2017,9,8,0,21.5,-95.0,hurricane,1.0,75,982,100,20,0,KATIA,AL132017,2017-09-08 00:00:00,2017-09-08 00:00:00,296.0,43.0,89.0,70.0,594.0,173.0,229.0
              Katia,2017,9,8,60,21.4,-95.3,hurricane,1.0,80,977,100,20,0,KATIA,AL132017,2017-09-08 06:00:00,2017-09-08 06:00:00,295.0,44.0,69.0,68.0,589.0,166.0,198.0
              Katia,2017,9,8,12,21.1,-95.7,hurricane,2.0,85,973,110,30,0,KATIA,AL132017,2017-09-08 12:00:00,2017-09-08 12:00:00,295.0,40.0,55.0,71.0,579.0,159.0,145.0
              Katia,2017,9,8,18,21.1,-96.2,hurricane,2.0,90,972,110,35,0,KATIA,AL132017,2017-09-08 18:00:00,2017-09-08 18:00:00,294.0,41.0,54.0,71.0,584.0,162.0,106.0
              Katia,2017,9,9,0,20.8,-96.9,hurricane,1.0,70,988,100,25,0,KATIA,AL132017,2017-09-09 00:00:00,2017-09-09 00:00:00,294.0,39.0,37.0,72.0,598.0,165.0,29.0
                Lee,2017,9,24,60,31.7,-50.2,hurricane,1.0,65,990,60,20,0,LEE,AL142017,2017-09-24 06:00:00,2017-09-24 06:00:00,271.0,8.0,87.0,54.0,425.0,128.0,1679.0
                Lee,2017,9,24,12,31.5,-50.1,hurricane,1.0,75,983,60,20,0,LEE,AL142017,2017-09-24 12:00:00,2017-09-24 12:00:00,271.0,8.0,129.0,53.0,432.0,128.0,1702.0
                Lee,2017,9,24,18,31.3,-49.8,hurricane,1.0,80,980,60,20,0,LEE,AL142017,2017-09-24 18:00:00,2017-09-24 18:00:00,270.0,8.0,93.0,54.0,432.0,132.0,1729.0
                Lee,2017,9,25,0,31.2,-49.6,hurricane,2.0,85,976,60,20,0,LEE,AL142017,2017-09-25 00:00:00,2017-09-25 00:00:00,269.0,10.0,94.0,50.0,437.0,131.0,1742.0
                Lee,2017,9,25,60,31.0,-49.5,hurricane,1.0,80,978,60,20,0,LEE,AL142017,2017-09-25 06:00:00,2017-09-25 06:00:00,269.0,10.0,54.0,48.0,436.0,133.0,1766.0
                Lee,2017,9,25,12,30.8,-49.7,hurricane,1.0,80,980,60,20,0,LEE,AL142017,2017-09-25 12:00:00,2017-09-25 12:00:00,272.0,10.0,40.0,47.0,430.0,133.0,1785.0
                Lee,2017,9,25,18,30.6,-50.2,hurricane,1.0,75,984,60,20,0,LEE,AL142017,2017-09-25 18:00:00,2017-09-25 18:00:00,272.0,13.0,45.0,46.0,434.0,137.0,1800.0
                Lee,2017,9,26,0,30.3,-51.0,hurricane,1.0,80,982,80,30,0,LEE,AL142017,2017-09-26 00:00:00,2017-09-26 00:00:00,272.0,14.0,57.0,45.0,436.0,140.0,1779.0
                Lee,2017,9,26,60,30.1,-52.0,hurricane,2.0,85,979,80,30,0,LEE,AL142017,2017-09-26 06:00:00,2017-09-26 06:00:00,272.0,16.0,39.0,46.0,432.0,140.0,1700.0
                Lee,2017,9,26,12,29.9,-53.2,hurricane,2.0,90,976,80,30,0,LEE,AL142017,2017-09-26 12:00:00,2017-09-26 12:00:00,276.0,16.0,69.0,45.0,424.0,141.0,1614.0
                Lee,2017,9,26,18,29.9,-54.2,hurricane,2.0,95,972,90,35,0,LEE,AL142017,2017-09-26 18:00:00,2017-09-26 18:00:00,276.0,14.0,173.0,45.0,438.0,144.0,1561.0
                Lee,2017,9,27,0,29.9,-55.1,hurricane,2.0,95,970,90,35,0,LEE,AL142017,2017-09-27 00:00:00,2017-09-27 00:00:00,275.0,13.0,193.0,44.0,450.0,144.0,1517.0
                Lee,2017,9,27,60,30.1,-56.0,hurricane,2.0,95,967,130,45,0,LEE,AL142017,2017-09-27 06:00:00,2017-09-27 06:00:00,273.0,13.0,216.0,45.0,446.0,140.0,1491.0
                Lee,2017,9,27,12,30.3,-56.6,hurricane,3.0,100,963,140,55,1,LEE,AL142017,2017-09-27 12:00:00,2017-09-27 12:00:00,273.0,10.0,265.0,45.0,453.0,136.0,1483.0
                Lee,2017,9,27,18,30.8,-57.0,hurricane,3.0,100,962,140,55,1,LEE,AL142017,2017-09-27 18:00:00,2017-09-27 18:00:00,273.0,8.0,284.0,46.0,461.0,131.0,1516.0
                Lee,2017,9,28,0,31.4,-57.2,hurricane,2.0,95,965,140,55,0,LEE,AL142017,2017-09-28 00:00:00,2017-09-28 00:00:00,270.0,6.0,283.0,48.0,458.0,124.0,1535.0
                Lee,2017,9,28,60,32.1,-57.3,hurricane,2.0,90,969,150,55,0,LEE,AL142017,2017-09-28 06:00:00,2017-09-28 06:00:00,266.0,5.0,312.0,46.0,452.0,112.0,1460.0
                Lee,2017,9,28,12,33.0,-57.2,hurricane,2.0,85,973,150,55,0,LEE,AL142017,2017-09-28 12:00:00,2017-09-28 12:00:00,263.0,0.0,393.0,45.0,443.0,100.0,1376.0
                Lee,2017,9,28,18,34.3,-56.6,hurricane,1.0,80,977,150,55,0,LEE,AL142017,2017-09-28 18:00:00,2017-09-28 18:00:00,260.0,0.0,371.0,49.0,444.0,90.0,1275.0
                Lee,2017,9,29,0,35.7,-55.5,hurricane,1.0,75,981,160,45,0,LEE,AL142017,2017-09-29 00:00:00,2017-09-29 00:00:00,256.0,0.0,298.0,53.0,431.0,69.0,1163.0
                Lee,2017,9,29,60,37.3,-53.8,hurricane,1.0,70,983,210,50,0,LEE,AL142017,2017-09-29 06:00:00,2017-09-29 06:00:00,252.0,0.0,268.0,52.0,431.0,17.0,1035.0
                Lee,2017,9,29,12,39.0,-51.2,hurricane,1.0,65,985,210,30,0,LEE,AL142017,2017-09-29 12:00:00,2017-09-29 12:00:00,246.0,0.0,274.0,48.0,437.0,10.0,863.0
              Maria,2017,9,17,18,13.6,-57.0,hurricane,1.0,65,986,120,15,0,MARIA,AL152017,2017-09-17 18:00:00,2017-09-17 18:00:00,288.0,68.0,91.0,63.0,589.0,146.0,267.0
              Maria,2017,9,18,0,14.0,-58.0,hurricane,1.0,75,979,130,25,0,MARIA,AL152017,2017-09-18 00:00:00,2017-09-18 00:00:00,288.0,73.0,56.0,64.0,588.0,147.0,180.0
              Maria,2017,9,18,60,14.3,-59.0,hurricane,1.0,80,977,130,25,0,MARIA,AL152017,2017-09-18 06:00:00,2017-09-18 06:00:00,288.0,74.0,38.0,66.0,585.0,147.0,126.0
              Maria,2017,9,18,12,14.5,-59.7,hurricane,3.0,100,967,180,30,1,MARIA,AL152017,2017-09-18 12:00:00,2017-09-18 12:00:00,289.0,73.0,57.0,62.0,599.0,147.0,120.0
              Maria,2017,9,18,18,14.9,-60.4,hurricane,3.0,110,956,190,35,1,MARIA,AL152017,2017-09-18 18:00:00,2017-09-18 18:00:00,290.0,75.0,45.0,62.0,615.0,150.0,61.0
              Maria,2017,9,19,0,15.3,-61.1,hurricane,5.0,145,924,200,50,1,MARIA,AL152017,2017-09-19 00:00:00,2017-09-19 00:00:00,290.0,76.0,33.0,62.0,594.0,151.0,16.0
              Maria,2017,9,19,60,15.7,-61.9,hurricane,4.0,135,940,210,50,1,MARIA,AL152017,2017-09-19 06:00:00,2017-09-19 06:00:00,290.0,75.0,42.0,61.0,585.0,150.0,48.0
              Maria,2017,9,19,12,16.1,-62.7,hurricane,5.0,140,931,210,55,1,MARIA,AL152017,2017-09-19 12:00:00,2017-09-19 12:00:00,290.0,77.0,37.0,58.0,599.0,148.0,83.0
              Maria,2017,9,19,18,16.6,-63.5,hurricane,5.0,145,920,210,60,1,MARIA,AL152017,2017-09-19 18:00:00,2017-09-19 18:00:00,290.0,79.0,48.0,56.0,601.0,145.0,109.0
              Maria,2017,9,20,0,17.0,-64.3,hurricane,5.0,150,909,230,85,1,MARIA,AL152017,2017-09-20 00:00:00,2017-09-20 00:00:00,290.0,80.0,49.0,53.0,582.0,145.0,89.0
              Maria,2017,9,20,60,17.6,-65.1,hurricane,5.0,140,913,230,85,1,MARIA,AL152017,2017-09-20 06:00:00,2017-09-20 06:00:00,290.0,80.0,27.0,55.0,576.0,143.0,25.0
              Maria,2017,9,20,18,18.6,-67.0,hurricane,2.0,95,959,230,85,0,MARIA,AL152017,2017-09-20 18:00:00,2017-09-20 18:00:00,290.0,79.0,111.0,52.0,579.0,141.0,11.0
              Maria,2017,9,21,0,19.0,-67.6,hurricane,2.0,95,958,240,90,0,MARIA,AL152017,2017-09-21 00:00:00,2017-09-21 00:00:00,290.0,78.0,144.0,52.0,580.0,145.0,74.0
              Maria,2017,9,21,60,19.4,-68.2,hurricane,3.0,100,959,240,90,1,MARIA,AL152017,2017-09-21 06:00:00,2017-09-21 06:00:00,289.0,75.0,156.0,54.0,588.0,144.0,74.0
              Maria,2017,9,21,12,19.9,-68.8,hurricane,3.0,100,959,240,100,1,MARIA,AL152017,2017-09-21 12:00:00,2017-09-21 12:00:00,289.0,75.0,174.0,58.0,588.0,144.0,74.0
              Maria,2017,9,21,18,20.5,-69.5,hurricane,3.0,105,960,250,100,1,MARIA,AL152017,2017-09-21 18:00:00,2017-09-21 18:00:00,289.0,74.0,235.0,59.0,597.0,145.0,106.0
              Maria,2017,9,22,0,20.8,-70.0,hurricane,3.0,110,953,240,100,1,MARIA,AL152017,2017-09-22 00:00:00,2017-09-22 00:00:00,289.0,71.0,239.0,61.0,590.0,147.0,123.0
              Maria,2017,9,22,60,21.2,-70.5,hurricane,3.0,110,959,250,100,1,MARIA,AL152017,2017-09-22 06:00:00,2017-09-22 06:00:00,290.0,72.0,237.0,64.0,578.0,142.0,149.0
              Maria,2017,9,22,12,21.9,-70.9,hurricane,3.0,110,958,250,100,1,MARIA,AL152017,2017-09-22 12:00:00,2017-09-22 12:00:00,290.0,65.0,270.0,65.0,574.0,145.0,221.0
              Maria,2017,9,22,18,22.8,-71.2,hurricane,3.0,110,959,250,85,1,MARIA,AL152017,2017-09-22 18:00:00,2017-09-22 18:00:00,290.0,63.0,257.0,65.0,587.0,149.0,248.0
              Maria,2017,9,23,0,23.7,-71.6,hurricane,3.0,105,953,260,85,1,MARIA,AL152017,2017-09-23 00:00:00,2017-09-23 00:00:00,289.0,61.0,246.0,66.0,563.0,147.0,302.0
              Maria,2017,9,23,60,24.4,-71.9,hurricane,3.0,100,952,290,85,1,MARIA,AL152017,2017-09-23 06:00:00,2017-09-23 06:00:00,288.0,54.0,206.0,66.0,567.0,144.0,361.0
              Maria,2017,9,23,12,25.1,-72.1,hurricane,3.0,100,952,320,85,1,MARIA,AL152017,2017-09-23 12:00:00,2017-09-23 12:00:00,288.0,50.0,186.0,64.0,575.0,143.0,430.0
              Maria,2017,9,23,18,25.9,-72.3,hurricane,3.0,100,952,350,85,1,MARIA,AL152017,2017-09-23 18:00:00,2017-09-23 18:00:00,288.0,48.0,160.0,59.0,602.0,139.0,514.0
              Maria,2017,9,24,0,26.6,-72.4,hurricane,3.0,100,945,350,85,1,MARIA,AL152017,2017-09-24 00:00:00,2017-09-24 00:00:00,286.0,44.0,129.0,61.0,597.0,131.0,577.0
              Maria,2017,9,24,60,27.5,-72.6,hurricane,2.0,95,942,360,85,0,MARIA,AL152017,2017-09-24 06:00:00,2017-09-24 06:00:00,284.0,38.0,103.0,60.0,599.0,121.0,598.0
              Maria,2017,9,24,12,28.4,-72.8,hurricane,2.0,95,947,360,85,0,MARIA,AL152017,2017-09-24 12:00:00,2017-09-24 12:00:00,281.0,35.0,110.0,56.0,601.0,114.0,629.0
              Maria,2017,9,24,18,29.1,-72.9,hurricane,2.0,90,943,360,85,0,MARIA,AL152017,2017-09-24 18:00:00,2017-09-24 18:00:00,278.0,33.0,189.0,54.0,599.0,107.0,668.0
              Maria,2017,9,25,0,29.7,-72.9,hurricane,2.0,85,947,360,85,0,MARIA,AL152017,2017-09-25 00:00:00,2017-09-25 00:00:00,277.0,29.0,160.0,57.0,568.0,105.0,657.0
              Maria,2017,9,25,60,30.3,-72.9,hurricane,1.0,75,954,370,60,0,MARIA,AL152017,2017-09-25 06:00:00,2017-09-25 06:00:00,274.0,23.0,155.0,56.0,574.0,97.0,600.0
              Maria,2017,9,25,12,30.8,-73.0,hurricane,1.0,70,961,360,80,0,MARIA,AL152017,2017-09-25 12:00:00,2017-09-25 12:00:00,274.0,22.0,176.0,58.0,570.0,96.0,549.0
              Maria,2017,9,25,18,31.4,-73.1,hurricane,1.0,70,966,340,90,0,MARIA,AL152017,2017-09-25 18:00:00,2017-09-25 18:00:00,272.0,22.0,190.0,59.0,562.0,95.0,490.0
              Maria,2017,9,26,0,32.0,-73.1,hurricane,1.0,70,966,340,90,0,MARIA,AL152017,2017-09-26 00:00:00,2017-09-26 00:00:00,271.0,20.0,189.0,60.0,568.0,94.0,440.0
              Maria,2017,9,26,60,32.6,-73.1,hurricane,1.0,65,970,370,90,0,MARIA,AL152017,2017-09-26 06:00:00,2017-09-26 06:00:00,271.0,18.0,162.0,61.0,578.0,87.0,395.0
              Maria,2017,9,26,12,33.3,-73.1,hurricane,1.0,65,970,370,90,0,MARIA,AL152017,2017-09-26 12:00:00,2017-09-26 12:00:00,270.0,12.0,213.0,60.0,579.0,85.0,349.0
              Maria,2017,9,26,18,33.9,-73.1,hurricane,1.0,65,975,360,180,0,MARIA,AL152017,2017-09-26 18:00:00,2017-09-26 18:00:00,270.0,9.0,194.0,61.0,597.0,80.0,308.0
              Maria,2017,9,27,0,34.4,-73.0,hurricane,1.0,65,975,360,180,0,MARIA,AL152017,2017-09-27 00:00:00,2017-09-27 00:00:00,266.0,6.0,197.0,60.0,575.0,71.0,285.0
              Maria,2017,9,27,60,34.9,-72.9,hurricane,1.0,65,976,360,90,0,MARIA,AL152017,2017-09-27 06:00:00,2017-09-27 06:00:00,266.0,6.0,171.0,57.0,564.0,61.0,270.0
              Maria,2017,9,27,12,35.4,-72.8,hurricane,1.0,65,977,360,90,0,MARIA,AL152017,2017-09-27 12:00:00,2017-09-27 12:00:00,262.0,5.0,226.0,56.0,569.0,53.0,267.0
              Maria,2017,9,27,18,36.0,-72.6,hurricane,1.0,65,979,360,90,0,MARIA,AL152017,2017-09-27 18:00:00,2017-09-27 18:00:00,255.0,3.0,198.0,57.0,549.0,63.0,283.0
              Maria,2017,9,28,0,36.6,-72.2,hurricane,1.0,65,979,360,90,0,MARIA,AL152017,2017-09-28 00:00:00,2017-09-28 00:00:00,254.0,0.0,132.0,55.0,538.0,74.0,324.0
               Nate,2017,10,7,60,23.5,-86.5,hurricane,1.0,70,987,160,30,0,NATE,AL162017,2017-10-07 06:00:00,2017-10-07 06:00:00,287.0,51.0,132.0,76.0,635.0,135.0,218.0
               Nate,2017,10,7,12,25.7,-87.9,hurricane,1.0,80,986,160,30,0,NATE,AL162017,2017-10-07 12:00:00,2017-10-07 12:00:00,286.0,47.0,196.0,72.0,628.0,119.0,391.0
               Nate,2017,10,7,18,27.6,-88.9,hurricane,1.0,80,981,180,35,0,NATE,AL162017,2017-10-07 18:00:00,2017-10-07 18:00:00,281.0,49.0,212.0,66.0,642.0,83.0,162.0
            Ophelia,2017,10,11,18,29.8,-36.2,hurricane,1.0,65,991,120,20,0,OPHELIA,AL172017,2017-10-11 18:00:00,2017-10-11 18:00:00,259.0,0.0,165.0,48.0,448.0,128.0,2118.0
            Ophelia,2017,10,12,0,29.9,-35.8,hurricane,1.0,70,986,120,35,0,OPHELIA,AL172017,2017-10-12 00:00:00,2017-10-12 00:00:00,257.0,0.0,121.0,47.0,454.0,126.0,2085.0
            Ophelia,2017,10,12,60,30.2,-35.7,hurricane,1.0,75,982,120,40,0,OPHELIA,AL172017,2017-10-12 06:00:00,2017-10-12 06:00:00,255.0,0.0,132.0,47.0,457.0,125.0,2088.0
            Ophelia,2017,10,12,12,30.4,-35.7,hurricane,1.0,80,975,120,40,0,OPHELIA,AL172017,2017-10-12 12:00:00,2017-10-12 12:00:00,255.0,0.0,168.0,49.0,454.0,123.0,2096.0
            Ophelia,2017,10,12,18,30.5,-35.6,hurricane,2.0,85,971,140,40,0,OPHELIA,AL172017,2017-10-12 18:00:00,2017-10-12 18:00:00,255.0,0.0,195.0,50.0,447.0,122.0,2091.0
            Ophelia,2017,10,13,0,30.5,-35.1,hurricane,2.0,90,967,140,40,0,OPHELIA,AL172017,2017-10-13 00:00:00,2017-10-13 00:00:00,254.0,0.0,154.0,50.0,447.0,109.0,2046.0
            Ophelia,2017,10,13,60,30.9,-34.4,hurricane,2.0,90,966,140,40,0,OPHELIA,AL172017,2017-10-13 06:00:00,2017-10-13 06:00:00,254.0,0.0,143.0,52.0,447.0,104.0,2001.0
            Ophelia,2017,10,13,12,31.4,-33.4,hurricane,1.0,80,974,150,40,0,OPHELIA,AL172017,2017-10-13 12:00:00,2017-10-13 12:00:00,250.0,0.0,135.0,54.0,441.0,99.0,1931.0
            Ophelia,2017,10,13,18,32.0,-32.5,hurricane,1.0,80,973,160,40,0,OPHELIA,AL172017,2017-10-13 18:00:00,2017-10-13 18:00:00,246.0,0.0,117.0,55.0,451.0,96.0,1866.0
            Ophelia,2017,10,14,0,32.6,-31.5,hurricane,2.0,85,970,160,40,0,OPHELIA,AL172017,2017-10-14 00:00:00,2017-10-14 00:00:00,245.0,0.0,165.0,52.0,456.0,87.0,1796.0
            Ophelia,2017,10,14,60,33.4,-29.7,hurricane,2.0,95,963,170,40,0,OPHELIA,AL172017,2017-10-14 06:00:00,2017-10-14 06:00:00,240.0,0.0,229.0,48.0,462.0,82.0,1674.0
            Ophelia,2017,10,14,12,34.2,-27.7,hurricane,3.0,100,959,190,50,1,OPHELIA,AL172017,2017-10-14 12:00:00,2017-10-14 12:00:00,236.0,0.0,257.0,43.0,454.0,78.0,1552.0
            Ophelia,2017,10,14,18,35.3,-25.2,hurricane,3.0,100,959,200,70,1,OPHELIA,AL172017,2017-10-14 18:00:00,2017-10-14 18:00:00,230.0,0.0,264.0,47.0,420.0,70.0,1419.0
            Ophelia,2017,10,15,0,36.4,-22.6,hurricane,2.0,95,959,230,70,0,OPHELIA,AL172017,2017-10-15 00:00:00,2017-10-15 00:00:00,222.0,0.0,270.0,51.0,381.0,62.0,1184.0
            Ophelia,2017,10,15,60,37.9,-19.8,hurricane,2.0,90,959,260,70,0,OPHELIA,AL172017,2017-10-15 06:00:00,2017-10-15 06:00:00,215.0,0.0,303.0,53.0,345.0,51.0,905.0
              Beryl,2018,7,6,60,10.5,-44.6,hurricane,1.0,70,991,50,10,0,BERYL,AL022018,2018-07-06 06:00:00,2018-07-06 06:00:00,272.0,32.0,31.0,58.0,547.0,122.0,1018.0
              Beryl,2018,7,6,12,10.7,-46.0,hurricane,1.0,70,992,50,10,0,BERYL,AL022018,2018-07-06 12:00:00,2018-07-06 12:00:00,273.0,34.0,35.0,59.0,534.0,121.0,930.0
              Beryl,2018,7,6,18,10.6,-47.3,hurricane,1.0,65,993,50,10,0,BERYL,AL022018,2018-07-06 18:00:00,2018-07-06 18:00:00,275.0,36.0,86.0,58.0,533.0,120.0,835.0
              Beryl,2018,7,7,0,10.7,-48.3,hurricane,1.0,65,994,50,10,0,BERYL,AL022018,2018-07-07 00:00:00,2018-07-07 00:00:00,275.0,39.0,123.0,54.0,536.0,122.0,774.0
              Beryl,2018,7,7,60,11.1,-49.3,hurricane,1.0,65,995,50,10,0,BERYL,AL022018,2018-07-07 06:00:00,2018-07-07 06:00:00,274.0,41.0,118.0,54.0,527.0,114.0,744.0
              Chris,2018,7,10,12,32.9,-73.5,hurricane,1.0,65,990,120,15,0,CHRIS,AL032018,2018-07-10 12:00:00,2018-07-10 12:00:00,268.0,8.0,116.0,35.0,442.0,122.0,345.0
              Chris,2018,7,10,18,33.4,-72.8,hurricane,1.0,75,983,140,15,0,CHRIS,AL032018,2018-07-10 18:00:00,2018-07-10 18:00:00,264.0,5.0,171.0,40.0,443.0,113.0,365.0
              Chris,2018,7,11,0,33.9,-71.9,hurricane,2.0,90,969,140,35,0,CHRIS,AL032018,2018-07-11 00:00:00,2018-07-11 00:00:00,260.0,2.0,142.0,45.0,443.0,108.0,400.0
              Chris,2018,7,11,60,34.6,-70.7,hurricane,2.0,90,969,140,35,0,CHRIS,AL032018,2018-07-11 06:00:00,2018-07-11 06:00:00,258.0,0.0,175.0,49.0,429.0,103.0,472.0
              Chris,2018,7,11,12,35.6,-69.1,hurricane,2.0,85,973,180,40,0,CHRIS,AL032018,2018-07-11 12:00:00,2018-07-11 12:00:00,259.0,0.0,250.0,48.0,449.0,91.0,599.0
              Chris,2018,7,11,18,37.0,-66.8,hurricane,1.0,80,976,230,55,0,CHRIS,AL032018,2018-07-11 18:00:00,2018-07-11 18:00:00,258.0,1.0,282.0,46.0,459.0,50.0,587.0
              Chris,2018,7,12,0,38.5,-64.3,hurricane,1.0,75,980,260,65,0,CHRIS,AL032018,2018-07-12 00:00:00,2018-07-12 00:00:00,256.0,0.0,302.0,45.0,445.0,0.0,571.0
           Florence,2018,9,4,0,18.7,-40.2,hurricane,1.0,65,990,130,15,0,FLORENCE,AL062018,2018-09-04 00:00:00,2018-09-04 00:00:00,267.0,14.0,170.0,50.0,559.0,102.0,2016.0
           Florence,2018,9,4,60,19.1,-41.2,hurricane,1.0,65,989,130,15,0,FLORENCE,AL062018,2018-09-04 06:00:00,2018-09-04 06:00:00,268.0,15.0,148.0,49.0,557.0,103.0,1980.0
           Florence,2018,9,4,12,19.5,-42.0,hurricane,1.0,70,986,140,25,0,FLORENCE,AL062018,2018-09-04 12:00:00,2018-09-04 12:00:00,268.0,15.0,186.0,48.0,548.0,105.0,1960.0
           Florence,2018,9,4,18,20.0,-42.7,hurricane,1.0,75,982,150,30,0,FLORENCE,AL062018,2018-09-04 18:00:00,2018-09-04 18:00:00,269.0,15.0,231.0,48.0,543.0,111.0,1937.0
           Florence,2018,9,5,0,20.4,-43.4,hurricane,2.0,85,975,150,30,0,FLORENCE,AL062018,2018-09-05 00:00:00,2018-09-05 00:00:00,270.0,18.0,245.0,46.0,538.0,114.0,1885.0
           Florence,2018,9,5,60,21.1,-44.3,hurricane,2.0,95,968,170,30,0,FLORENCE,AL062018,2018-09-05 06:00:00,2018-09-05 06:00:00,271.0,22.0,237.0,47.0,530.0,117.0,1833.0
           Florence,2018,9,5,12,21.7,-45.2,hurricane,3.0,105,960,170,35,1,FLORENCE,AL062018,2018-09-05 12:00:00,2018-09-05 12:00:00,272.0,23.0,272.0,47.0,530.0,120.0,1782.0
           Florence,2018,9,5,18,22.4,-46.2,hurricane,4.0,115,950,180,35,1,FLORENCE,AL062018,2018-09-05 18:00:00,2018-09-05 18:00:00,274.0,24.0,287.0,47.0,524.0,125.0,1707.0
           Florence,2018,9,6,0,23.1,-46.9,hurricane,4.0,115,950,180,35,1,FLORENCE,AL062018,2018-09-06 00:00:00,2018-09-06 00:00:00,275.0,27.0,283.0,46.0,507.0,127.0,1661.0
           Florence,2018,9,6,60,23.8,-47.6,hurricane,3.0,105,958,180,35,1,FLORENCE,AL062018,2018-09-06 06:00:00,2018-09-06 06:00:00,276.0,28.0,252.0,47.0,485.0,129.0,1621.0
           Florence,2018,9,6,12,24.4,-48.2,hurricane,2.0,90,970,180,30,0,FLORENCE,AL062018,2018-09-06 12:00:00,2018-09-06 12:00:00,277.0,29.0,262.0,44.0,467.0,131.0,1593.0
           Florence,2018,9,6,18,24.8,-49.0,hurricane,1.0,75,980,170,30,0,FLORENCE,AL062018,2018-09-06 18:00:00,2018-09-06 18:00:00,277.0,28.0,270.0,45.0,452.0,135.0,1541.0
           Florence,2018,9,9,12,24.4,-56.1,hurricane,1.0,65,984,190,10,0,FLORENCE,AL062018,2018-09-09 12:00:00,2018-09-09 12:00:00,285.0,36.0,134.0,47.0,510.0,142.0,951.0
           Florence,2018,9,9,18,24.4,-56.7,hurricane,1.0,70,979,210,25,0,FLORENCE,AL062018,2018-09-09 18:00:00,2018-09-09 18:00:00,285.0,37.0,160.0,48.0,525.0,143.0,914.0
           Florence,2018,9,10,0,24.5,-57.3,hurricane,1.0,80,973,210,35,0,FLORENCE,AL062018,2018-09-10 00:00:00,2018-09-10 00:00:00,285.0,38.0,98.0,51.0,525.0,146.0,889.0
           Florence,2018,9,10,60,24.7,-58.4,hurricane,2.0,90,967,220,35,0,FLORENCE,AL062018,2018-09-10 06:00:00,2018-09-10 06:00:00,286.0,38.0,49.0,52.0,534.0,143.0,854.0
           Florence,2018,9,10,12,24.9,-59.5,hurricane,3.0,105,954,230,45,1,FLORENCE,AL062018,2018-09-10 12:00:00,2018-09-10 12:00:00,286.0,38.0,57.0,48.0,548.0,142.0,818.0
           Florence,2018,9,10,18,25.2,-60.6,hurricane,4.0,120,940,240,55,1,FLORENCE,AL062018,2018-09-10 18:00:00,2018-09-10 18:00:00,287.0,40.0,36.0,48.0,556.0,144.0,807.0
           Florence,2018,9,11,0,25.6,-61.8,hurricane,4.0,115,944,260,65,1,FLORENCE,AL062018,2018-09-11 00:00:00,2018-09-11 00:00:00,287.0,43.0,21.0,44.0,538.0,143.0,804.0
           Florence,2018,9,11,60,26.0,-63.2,hurricane,4.0,115,950,270,65,1,FLORENCE,AL062018,2018-09-11 06:00:00,2018-09-11 06:00:00,287.0,41.0,29.0,49.0,545.0,141.0,813.0
           Florence,2018,9,11,12,26.5,-64.7,hurricane,4.0,125,947,250,75,1,FLORENCE,AL062018,2018-09-11 12:00:00,2018-09-11 12:00:00,287.0,35.0,12.0,47.0,520.0,142.0,861.0
           Florence,2018,9,11,18,27.2,-66.4,hurricane,4.0,130,937,270,90,1,FLORENCE,AL062018,2018-09-11 18:00:00,2018-09-11 18:00:00,287.0,35.0,37.0,49.0,543.0,143.0,913.0
           Florence,2018,9,12,0,27.9,-68.1,hurricane,4.0,120,943,270,90,1,FLORENCE,AL062018,2018-09-12 00:00:00,2018-09-12 00:00:00,287.0,35.0,73.0,47.0,533.0,141.0,884.0
           Florence,2018,9,12,60,28.7,-69.5,hurricane,4.0,115,945,280,100,1,FLORENCE,AL062018,2018-09-12 06:00:00,2018-09-12 06:00:00,285.0,35.0,80.0,48.0,550.0,131.0,893.0
           Florence,2018,9,12,12,29.4,-70.7,hurricane,4.0,115,945,270,110,1,FLORENCE,AL062018,2018-09-12 12:00:00,2018-09-12 12:00:00,282.0,30.0,60.0,48.0,529.0,131.0,808.0
           Florence,2018,9,12,18,30.4,-71.9,hurricane,3.0,110,949,280,110,1,FLORENCE,AL062018,2018-09-12 18:00:00,2018-09-12 18:00:00,279.0,28.0,98.0,50.0,545.0,136.0,648.0
           Florence,2018,9,13,0,31.5,-73.2,hurricane,3.0,105,955,280,120,1,FLORENCE,AL062018,2018-09-13 00:00:00,2018-09-13 00:00:00,277.0,28.0,133.0,53.0,540.0,142.0,475.0
           Florence,2018,9,13,60,32.4,-74.2,hurricane,3.0,100,955,290,120,1,FLORENCE,AL062018,2018-09-13 06:00:00,2018-09-13 06:00:00,278.0,29.0,135.0,53.0,551.0,131.0,338.0
           Florence,2018,9,13,12,33.1,-75.1,hurricane,2.0,95,954,290,120,0,FLORENCE,AL062018,2018-09-13 12:00:00,2018-09-13 12:00:00,276.0,32.0,157.0,56.0,543.0,129.0,226.0
           Florence,2018,9,13,18,33.6,-76.0,hurricane,2.0,90,953,290,120,0,FLORENCE,AL062018,2018-09-13 18:00:00,2018-09-13 18:00:00,276.0,44.0,152.0,57.0,549.0,127.0,139.0
           Florence,2018,9,14,0,34.0,-76.5,hurricane,2.0,90,952,300,120,0,FLORENCE,AL062018,2018-09-14 00:00:00,2018-09-14 00:00:00,268.0,50.0,136.0,61.0,555.0,128.0,85.0
           Florence,2018,9,14,60,34.2,-77.2,hurricane,2.0,85,952,300,130,0,FLORENCE,AL062018,2018-09-14 06:00:00,2018-09-14 06:00:00,271.0,41.0,128.0,59.0,553.0,125.0,41.0
             Helene,2018,9,9,18,13.4,-25.6,hurricane,1.0,65,992,120,15,0,HELENE,AL082018,2018-09-09 18:00:00,2018-09-09 18:00:00,277.0,16.0,82.0,68.0,611.0,125.0,882.0
             Helene,2018,9,10,0,13.7,-26.7,hurricane,1.0,75,984,130,35,0,HELENE,AL082018,2018-09-10 00:00:00,2018-09-10 00:00:00,278.0,16.0,48.0,67.0,612.0,111.0,994.0
             Helene,2018,9,10,60,14.0,-28.0,hurricane,1.0,80,980,130,35,0,HELENE,AL082018,2018-09-10 06:00:00,2018-09-10 06:00:00,276.0,16.0,46.0,70.0,612.0,116.0,1130.0
             Helene,2018,9,10,12,14.4,-29.4,hurricane,2.0,85,977,150,50,0,HELENE,AL082018,2018-09-10 12:00:00,2018-09-10 12:00:00,275.0,15.0,42.0,70.0,615.0,98.0,1277.0
             Helene,2018,9,10,18,14.8,-30.8,hurricane,2.0,90,973,150,50,0,HELENE,AL082018,2018-09-10 18:00:00,2018-09-10 18:00:00,275.0,16.0,54.0,71.0,607.0,96.0,1426.0
             Helene,2018,9,11,0,15.3,-32.1,hurricane,2.0,95,969,150,50,0,HELENE,AL082018,2018-09-11 00:00:00,2018-09-11 00:00:00,271.0,15.0,67.0,71.0,602.0,87.0,1564.0
             Helene,2018,9,11,60,15.7,-33.2,hurricane,2.0,95,968,160,50,0,HELENE,AL082018,2018-09-11 06:00:00,2018-09-11 06:00:00,271.0,16.0,58.0,69.0,586.0,80.0,1683.0
             Helene,2018,9,11,12,16.2,-34.0,hurricane,2.0,95,967,170,50,0,HELENE,AL082018,2018-09-11 12:00:00,2018-09-11 12:00:00,268.0,15.0,98.0,65.0,591.0,74.0,1771.0
             Helene,2018,9,11,18,16.8,-34.6,hurricane,2.0,90,970,190,50,0,HELENE,AL082018,2018-09-11 18:00:00,2018-09-11 18:00:00,268.0,11.0,150.0,60.0,582.0,69.0,1839.0
             Helene,2018,9,12,0,17.6,-35.3,hurricane,2.0,85,973,210,70,0,HELENE,AL082018,2018-09-12 00:00:00,2018-09-12 00:00:00,266.0,11.0,159.0,53.0,566.0,68.0,1922.0
             Helene,2018,9,12,60,18.7,-35.8,hurricane,1.0,80,976,230,70,0,HELENE,AL082018,2018-09-12 06:00:00,2018-09-12 06:00:00,264.0,8.0,208.0,49.0,542.0,68.0,1978.0
             Helene,2018,9,12,12,19.8,-36.3,hurricane,1.0,80,976,230,70,0,HELENE,AL082018,2018-09-12 12:00:00,2018-09-12 12:00:00,264.0,6.0,278.0,45.0,522.0,73.0,2012.0
             Helene,2018,9,12,18,20.8,-36.7,hurricane,1.0,75,979,230,70,0,HELENE,AL082018,2018-09-12 18:00:00,2018-09-12 18:00:00,264.0,3.0,312.0,44.0,515.0,78.0,2044.0
             Helene,2018,9,13,0,21.9,-37.1,hurricane,1.0,70,982,230,70,0,HELENE,AL082018,2018-09-13 00:00:00,2018-09-13 00:00:00,266.0,2.0,326.0,42.0,503.0,81.0,2081.0
             Helene,2018,9,13,60,22.9,-37.3,hurricane,1.0,65,985,220,70,0,HELENE,AL082018,2018-09-13 06:00:00,2018-09-13 06:00:00,266.0,1.0,334.0,40.0,493.0,83.0,2103.0
              Isaac,2018,9,10,0,14.5,-41.0,hurricane,1.0,65,995,60,10,0,ISAAC,AL092018,2018-09-10 00:00:00,2018-09-10 00:00:00,275.0,25.0,75.0,48.0,554.0,126.0,1609.0
              Isaac,2018,9,10,60,14.5,-42.2,hurricane,1.0,65,995,60,10,0,ISAAC,AL092018,2018-09-10 06:00:00,2018-09-10 06:00:00,276.0,27.0,83.0,47.0,545.0,128.0,1519.0
              Isaac,2018,9,10,12,14.4,-43.5,hurricane,1.0,65,995,60,10,0,ISAAC,AL092018,2018-09-10 12:00:00,2018-09-10 12:00:00,276.0,30.0,54.0,48.0,544.0,130.0,1421.0
              Isaac,2018,9,10,18,14.4,-44.8,hurricane,1.0,65,995,60,10,0,ISAAC,AL092018,2018-09-10 18:00:00,2018-09-10 18:00:00,277.0,34.0,81.0,47.0,552.0,133.0,1333.0
             Leslie,2018,10,3,60,29.6,-56.8,hurricane,1.0,65,980,330,30,0,LESLIE,AL132018,2018-10-03 06:00:00,2018-10-03 06:00:00,273.0,16.0,156.0,43.0,483.0,126.0,1405.0
             Leslie,2018,10,3,12,29.5,-56.8,hurricane,1.0,75,972,330,30,0,LESLIE,AL132018,2018-10-03 12:00:00,2018-10-03 12:00:00,273.0,16.0,167.0,44.0,483.0,128.0,1395.0
             Leslie,2018,10,3,18,29.8,-56.9,hurricane,1.0,75,970,310,60,0,LESLIE,AL132018,2018-10-03 18:00:00,2018-10-03 18:00:00,273.0,11.0,142.0,49.0,495.0,128.0,1420.0
             Leslie,2018,10,4,0,30.3,-57.0,hurricane,1.0,75,972,310,60,0,LESLIE,AL132018,2018-10-04 00:00:00,2018-10-04 00:00:00,269.0,7.0,146.0,50.0,486.0,127.0,1466.0
             Leslie,2018,10,4,60,30.9,-57.1,hurricane,1.0,70,976,340,70,0,LESLIE,AL132018,2018-10-04 06:00:00,2018-10-04 06:00:00,270.0,5.0,136.0,51.0,503.0,125.0,1523.0
             Leslie,2018,10,4,12,31.7,-57.2,hurricane,1.0,65,979,370,60,0,LESLIE,AL132018,2018-10-04 12:00:00,2018-10-04 12:00:00,267.0,3.0,92.0,50.0,504.0,124.0,1505.0
             Leslie,2018,10,10,0,29.8,-42.7,hurricane,1.0,65,981,360,20,0,LESLIE,AL132018,2018-10-10 00:00:00,2018-10-10 00:00:00,263.0,1.0,82.0,41.0,463.0,102.0,2080.0
             Leslie,2018,10,10,60,28.8,-42.7,hurricane,1.0,65,981,330,20,0,LESLIE,AL132018,2018-10-10 06:00:00,2018-10-10 06:00:00,266.0,5.0,75.0,43.0,469.0,116.0,2183.0
             Leslie,2018,10,10,12,28.1,-42.5,hurricane,1.0,65,980,340,20,0,LESLIE,AL132018,2018-10-10 12:00:00,2018-10-10 12:00:00,266.0,9.0,73.0,44.0,470.0,115.0,2263.0
             Leslie,2018,10,10,18,27.7,-42.2,hurricane,1.0,65,980,370,20,0,LESLIE,AL132018,2018-10-10 18:00:00,2018-10-10 18:00:00,268.0,10.0,60.0,46.0,487.0,111.0,2294.0
             Leslie,2018,10,11,0,27.7,-41.6,hurricane,1.0,70,978,340,25,0,LESLIE,AL132018,2018-10-11 00:00:00,2018-10-11 00:00:00,267.0,9.0,86.0,45.0,492.0,105.0,2338.0
             Leslie,2018,10,11,60,28.1,-40.7,hurricane,1.0,70,978,340,25,0,LESLIE,AL132018,2018-10-11 06:00:00,2018-10-11 06:00:00,264.0,6.0,134.0,46.0,489.0,99.0,2333.0
             Leslie,2018,10,11,12,28.8,-39.3,hurricane,1.0,70,978,370,25,0,LESLIE,AL132018,2018-10-11 12:00:00,2018-10-11 12:00:00,263.0,3.0,132.0,47.0,487.0,95.0,2324.0
             Leslie,2018,10,11,18,29.5,-37.5,hurricane,1.0,75,976,370,40,0,LESLIE,AL132018,2018-10-11 18:00:00,2018-10-11 18:00:00,259.0,0.0,101.0,49.0,485.0,87.0,2228.0
             Leslie,2018,10,12,0,30.4,-35.2,hurricane,1.0,80,968,360,65,0,LESLIE,AL132018,2018-10-12 00:00:00,2018-10-12 00:00:00,255.0,0.0,147.0,47.0,463.0,83.0,2051.0
             Leslie,2018,10,12,60,31.4,-32.5,hurricane,1.0,80,968,360,65,0,LESLIE,AL132018,2018-10-12 06:00:00,2018-10-12 06:00:00,250.0,0.0,190.0,41.0,460.0,79.0,1848.0
             Leslie,2018,10,12,12,32.6,-29.6,hurricane,1.0,75,971,360,60,0,LESLIE,AL132018,2018-10-12 12:00:00,2018-10-12 12:00:00,244.0,0.0,197.0,33.0,447.0,64.0,1629.0
             Leslie,2018,10,12,18,33.4,-26.3,hurricane,1.0,75,971,360,60,0,LESLIE,AL132018,2018-10-12 18:00:00,2018-10-12 18:00:00,239.0,0.0,230.0,27.0,432.0,52.0,1395.0
             Leslie,2018,10,13,0,34.2,-22.4,hurricane,1.0,70,976,330,50,0,LESLIE,AL132018,2018-10-13 00:00:00,2018-10-13 00:00:00,231.0,0.0,288.0,26.0,398.0,39.0,1137.0
            Michael,2018,10,8,12,20.9,-85.1,hurricane,1.0,65,982,240,25,0,MICHAEL,AL142018,2018-10-08 12:00:00,2018-10-08 12:00:00,292.0,124.0,252.0,69.0,597.0,152.0,112.0
            Michael,2018,10,8,18,21.7,-85.1,hurricane,1.0,75,977,240,30,0,MICHAEL,AL142018,2018-10-08 18:00:00,2018-10-08 18:00:00,291.0,122.0,260.0,64.0,594.0,152.0,29.0
            Michael,2018,10,9,0,22.7,-85.2,hurricane,2.0,85,971,260,60,0,MICHAEL,AL142018,2018-10-09 00:00:00,2018-10-09 00:00:00,290.0,120.0,223.0,65.0,599.0,154.0,94.0
            Michael,2018,10,9,60,23.7,-85.8,hurricane,2.0,85,973,280,60,0,MICHAEL,AL142018,2018-10-09 06:00:00,2018-10-09 06:00:00,288.0,75.0,191.0,65.0,597.0,150.0,208.0
            Michael,2018,10,9,12,24.6,-86.2,hurricane,2.0,90,968,280,60,0,MICHAEL,AL142018,2018-10-09 12:00:00,2018-10-09 12:00:00,286.0,77.0,218.0,63.0,609.0,150.0,306.0
            Michael,2018,10,9,18,25.6,-86.4,hurricane,3.0,100,961,280,60,1,MICHAEL,AL142018,2018-10-09 18:00:00,2018-10-09 18:00:00,284.0,65.0,191.0,61.0,617.0,155.0,405.0
            Michael,2018,10,10,0,26.6,-86.5,hurricane,3.0,110,952,280,60,1,MICHAEL,AL142018,2018-10-10 00:00:00,2018-10-10 00:00:00,282.0,58.0,108.0,63.0,614.0,154.0,365.0
            Michael,2018,10,10,60,27.7,-86.6,hurricane,4.0,120,945,280,60,1,MICHAEL,AL142018,2018-10-10 06:00:00,2018-10-10 06:00:00,278.0,44.0,111.0,63.0,604.0,145.0,257.0
            Michael,2018,10,10,12,29.0,-86.3,hurricane,4.0,125,934,260,65,1,MICHAEL,AL142018,2018-10-10 12:00:00,2018-10-10 12:00:00,267.0,24.0,140.0,56.0,618.0,137.0,124.0
              Oscar,2018,10,28,18,25.7,-54.8,hurricane,1.0,65,988,130,15,0,OSCAR,AL162018,2018-10-28 18:00:00,2018-10-28 18:00:00,273.0,26.0,182.0,44.0,473.0,128.0,1146.0
              Oscar,2018,10,29,0,25.5,-56.4,hurricane,1.0,65,988,100,15,0,OSCAR,AL162018,2018-10-29 00:00:00,2018-10-29 00:00:00,274.0,22.0,217.0,46.0,490.0,129.0,1031.0
              Oscar,2018,10,29,60,25.5,-57.5,hurricane,1.0,70,986,100,15,0,OSCAR,AL162018,2018-10-29 06:00:00,2018-10-29 06:00:00,274.0,23.0,214.0,51.0,502.0,128.0,974.0
              Oscar,2018,10,29,12,25.7,-58.1,hurricane,1.0,75,981,100,25,0,OSCAR,AL162018,2018-10-29 12:00:00,2018-10-29 12:00:00,275.0,24.0,244.0,55.0,504.0,125.0,965.0
              Oscar,2018,10,29,18,26.2,-58.5,hurricane,2.0,85,974,100,25,0,OSCAR,AL162018,2018-10-29 18:00:00,2018-10-29 18:00:00,272.0,23.0,259.0,54.0,506.0,116.0,993.0
              Oscar,2018,10,30,0,27.0,-58.5,hurricane,2.0,95,966,100,25,0,OSCAR,AL162018,2018-10-30 00:00:00,2018-10-30 00:00:00,268.0,17.0,216.0,54.0,489.0,109.0,1072.0
              Oscar,2018,10,30,60,28.0,-58.4,hurricane,2.0,90,970,120,25,0,OSCAR,AL162018,2018-10-30 06:00:00,2018-10-30 06:00:00,265.0,11.0,186.0,53.0,483.0,90.0,1177.0
              Oscar,2018,10,30,12,29.0,-58.0,hurricane,2.0,85,971,150,30,0,OSCAR,AL162018,2018-10-30 12:00:00,2018-10-30 12:00:00,261.0,3.0,244.0,49.0,481.0,80.0,1294.0
              Oscar,2018,10,30,18,30.3,-57.3,hurricane,1.0,75,977,200,30,0,OSCAR,AL162018,2018-10-30 18:00:00,2018-10-30 18:00:00,256.0,0.0,310.0,49.0,474.0,80.0,1454.0
              Oscar,2018,10,31,0,31.7,-56.0,hurricane,1.0,70,977,230,45,0,OSCAR,AL162018,2018-10-31 00:00:00,2018-10-31 00:00:00,250.0,0.0,320.0,51.0,429.0,80.0,1558.0
              Barry,2019,7,13,12,29.3,-91.9,hurricane,1.0,65,993,220,40,0,BARRY,AL022019,2019-07-13 12:00:00,2019-07-13 12:00:00,295.0,36.0,239.0,51.0,588.0,145.0,38.0
             Dorian,2019,8,28,18,18.4,-65.1,hurricane,1.0,70,993,90,15,0,DORIAN,AL052019,2019-08-28 18:00:00,2019-08-28 18:00:00,288.0,71.0,76.0,51.0,518.0,143.0,9.0
             Dorian,2019,8,29,0,19.2,-65.7,hurricane,1.0,75,989,90,15,0,DORIAN,AL052019,2019-08-29 00:00:00,2019-08-29 00:00:00,287.0,71.0,85.0,53.0,527.0,144.0,89.0
             Dorian,2019,8,29,60,20.0,-66.3,hurricane,1.0,75,988,110,15,0,DORIAN,AL052019,2019-08-29 06:00:00,2019-08-29 06:00:00,288.0,69.0,66.0,54.0,533.0,145.0,171.0
             Dorian,2019,8,29,12,21.0,-66.9,hurricane,1.0,75,986,110,15,0,DORIAN,AL052019,2019-08-29 12:00:00,2019-08-29 12:00:00,288.0,67.0,82.0,57.0,540.0,147.0,277.0
             Dorian,2019,8,29,18,22.0,-67.4,hurricane,1.0,75,983,120,25,0,DORIAN,AL052019,2019-08-29 18:00:00,2019-08-29 18:00:00,289.0,67.0,129.0,56.0,537.0,150.0,349.0
             Dorian,2019,8,30,0,22.8,-68.0,hurricane,1.0,80,978,120,30,0,DORIAN,AL052019,2019-08-30 00:00:00,2019-08-30 00:00:00,289.0,64.0,123.0,57.0,531.0,154.0,403.0
             Dorian,2019,8,30,60,23.5,-68.8,hurricane,2.0,90,978,140,30,0,DORIAN,AL052019,2019-08-30 06:00:00,2019-08-30 06:00:00,289.0,58.0,91.0,59.0,521.0,152.0,443.0
             Dorian,2019,8,30,12,24.3,-69.5,hurricane,2.0,95,972,150,30,0,DORIAN,AL052019,2019-08-30 12:00:00,2019-08-30 12:00:00,290.0,49.0,123.0,58.0,517.0,153.0,489.0
             Dorian,2019,8,30,18,24.8,-70.3,hurricane,3.0,100,968,160,45,1,DORIAN,AL052019,2019-08-30 18:00:00,2019-08-30 18:00:00,290.0,43.0,140.0,58.0,526.0,152.0,476.0
             Dorian,2019,8,31,0,25.3,-71.1,hurricane,4.0,115,949,170,45,1,DORIAN,AL052019,2019-08-31 00:00:00,2019-08-31 00:00:00,290.0,41.0,135.0,57.0,510.0,142.0,483.0
             Dorian,2019,8,31,60,25.6,-72.1,hurricane,4.0,120,947,170,45,1,DORIAN,AL052019,2019-08-31 06:00:00,2019-08-31 06:00:00,290.0,47.0,115.0,57.0,521.0,138.0,485.0
             Dorian,2019,8,31,12,25.9,-73.0,hurricane,4.0,125,944,190,50,1,DORIAN,AL052019,2019-08-31 12:00:00,2019-08-31 12:00:00,290.0,49.0,134.0,61.0,519.0,137.0,496.0
             Dorian,2019,8,31,18,26.1,-74.0,hurricane,4.0,130,942,190,50,1,DORIAN,AL052019,2019-08-31 18:00:00,2019-08-31 18:00:00,290.0,52.0,163.0,60.0,520.0,141.0,408.0
             Dorian,2019,9,1,0,26.3,-74.7,hurricane,4.0,135,939,200,50,1,DORIAN,AL052019,2019-09-01 00:00:00,2019-09-01 00:00:00,290.0,51.0,167.0,63.0,534.0,146.0,354.0
             Dorian,2019,9,1,60,26.4,-75.6,hurricane,5.0,145,934,200,50,1,DORIAN,AL052019,2019-09-01 06:00:00,2019-09-01 06:00:00,291.0,60.0,134.0,65.0,526.0,145.0,277.0
             Dorian,2019,9,1,12,26.5,-76.5,hurricane,5.0,155,927,200,60,1,DORIAN,AL052019,2019-09-01 12:00:00,2019-09-01 12:00:00,292.0,74.0,145.0,66.0,529.0,146.0,212.0
             Dorian,2019,9,1,18,26.5,-77.1,hurricane,5.0,160,910,210,60,1,DORIAN,AL052019,2019-09-01 18:00:00,2019-09-01 18:00:00,293.0,82.0,168.0,63.0,551.0,145.0,174.0
             Dorian,2019,9,2,0,26.6,-77.7,hurricane,5.0,155,914,220,65,1,DORIAN,AL052019,2019-09-02 00:00:00,2019-09-02 00:00:00,293.0,88.0,163.0,66.0,560.0,145.0,163.0
             Dorian,2019,9,2,60,26.6,-78.0,hurricane,5.0,145,916,220,65,1,DORIAN,AL052019,2019-09-02 06:00:00,2019-09-02 06:00:00,293.0,94.0,90.0,67.0,565.0,142.0,159.0
             Dorian,2019,9,2,12,26.7,-78.3,hurricane,4.0,135,927,220,65,1,DORIAN,AL052019,2019-09-02 12:00:00,2019-09-02 12:00:00,293.0,97.0,121.0,68.0,575.0,142.0,170.0
             Dorian,2019,9,2,18,26.8,-78.4,hurricane,4.0,125,938,230,65,1,DORIAN,AL052019,2019-09-02 18:00:00,2019-09-02 18:00:00,293.0,92.0,157.0,64.0,584.0,140.0,164.0
             Dorian,2019,9,3,0,26.9,-78.5,hurricane,4.0,115,944,240,70,1,DORIAN,AL052019,2019-09-03 00:00:00,2019-09-03 00:00:00,293.0,92.0,144.0,62.0,600.0,141.0,154.0
             Dorian,2019,9,3,60,27.0,-78.5,hurricane,3.0,105,950,250,75,1,DORIAN,AL052019,2019-09-03 06:00:00,2019-09-03 06:00:00,291.0,92.0,87.0,60.0,589.0,136.0,155.0
             Dorian,2019,9,3,12,27.1,-78.5,hurricane,3.0,100,954,260,75,1,DORIAN,AL052019,2019-09-03 12:00:00,2019-09-03 12:00:00,291.0,92.0,104.0,57.0,587.0,133.0,157.0
             Dorian,2019,9,3,18,27.6,-78.6,hurricane,2.0,95,959,260,85,0,DORIAN,AL052019,2019-09-03 18:00:00,2019-09-03 18:00:00,291.0,88.0,88.0,53.0,583.0,135.0,165.0
             Dorian,2019,9,4,0,28.1,-78.8,hurricane,2.0,90,959,270,90,0,DORIAN,AL052019,2019-09-04 00:00:00,2019-09-04 00:00:00,289.0,80.0,64.0,49.0,583.0,133.0,164.0
             Dorian,2019,9,4,60,28.8,-79.2,hurricane,2.0,90,964,270,90,0,DORIAN,AL052019,2019-09-04 06:00:00,2019-09-04 06:00:00,289.0,71.0,129.0,49.0,580.0,126.0,145.0
             Dorian,2019,9,4,12,29.5,-79.6,hurricane,2.0,90,963,270,90,0,DORIAN,AL052019,2019-09-04 12:00:00,2019-09-04 12:00:00,287.0,66.0,205.0,44.0,550.0,129.0,136.0
             Dorian,2019,9,4,18,30.1,-79.7,hurricane,2.0,95,960,280,90,0,DORIAN,AL052019,2019-09-04 18:00:00,2019-09-04 18:00:00,285.0,66.0,204.0,40.0,573.0,132.0,153.0
             Dorian,2019,9,5,0,30.7,-79.7,hurricane,3.0,100,955,270,100,1,DORIAN,AL052019,2019-09-05 00:00:00,2019-09-05 00:00:00,285.0,65.0,198.0,38.0,534.0,132.0,170.0
             Dorian,2019,9,5,60,31.4,-79.6,hurricane,3.0,100,958,270,100,1,DORIAN,AL052019,2019-09-05 06:00:00,2019-09-05 06:00:00,283.0,60.0,176.0,36.0,499.0,130.0,134.0
             Dorian,2019,9,5,12,32.1,-79.2,hurricane,3.0,100,958,270,100,1,DORIAN,AL052019,2019-09-05 12:00:00,2019-09-05 12:00:00,281.0,61.0,197.0,38.0,479.0,126.0,93.0
             Dorian,2019,9,5,18,32.7,-78.9,hurricane,2.0,95,958,300,100,0,DORIAN,AL052019,2019-09-05 18:00:00,2019-09-05 18:00:00,282.0,54.0,234.0,37.0,491.0,116.0,59.0
             Dorian,2019,9,6,0,33.4,-77.9,hurricane,2.0,90,956,310,100,0,DORIAN,AL052019,2019-09-06 00:00:00,2019-09-06 00:00:00,278.0,37.0,230.0,38.0,523.0,96.0,57.0
             Dorian,2019,9,6,60,34.1,-76.9,hurricane,2.0,90,956,320,110,0,DORIAN,AL052019,2019-09-06 06:00:00,2019-09-06 06:00:00,271.0,43.0,328.0,40.0,518.0,89.0,66.0
             Dorian,2019,9,6,12,35.1,-75.7,hurricane,2.0,85,956,340,100,0,DORIAN,AL052019,2019-09-06 12:00:00,2019-09-06 12:00:00,265.0,51.0,414.0,44.0,505.0,99.0,50.0
             Dorian,2019,9,6,18,36.2,-73.7,hurricane,2.0,85,956,370,100,0,DORIAN,AL052019,2019-09-06 18:00:00,2019-09-06 18:00:00,261.0,32.0,462.0,51.0,492.0,84.0,187.0
             Dorian,2019,9,7,0,37.4,-71.2,hurricane,2.0,85,956,390,100,0,DORIAN,AL052019,2019-09-07 00:00:00,2019-09-07 00:00:00,262.0,33.0,514.0,51.0,479.0,58.0,357.0
           Humberto,2019,9,16,0,29.2,-77.8,hurricane,1.0,65,987,190,25,0,HUMBERTO,AL092019,2019-09-16 00:00:00,2019-09-16 00:00:00,286.0,65.0,198.0,55.0,591.0,146.0,288.0
           Humberto,2019,9,16,60,29.5,-77.3,hurricane,1.0,70,982,200,40,0,HUMBERTO,AL092019,2019-09-16 06:00:00,2019-09-16 06:00:00,286.0,59.0,180.0,53.0,576.0,141.0,343.0
           Humberto,2019,9,16,12,29.8,-76.7,hurricane,1.0,75,979,200,45,0,HUMBERTO,AL092019,2019-09-16 12:00:00,2019-09-16 12:00:00,285.0,49.0,226.0,51.0,565.0,141.0,409.0
           Humberto,2019,9,16,18,30.1,-76.1,hurricane,1.0,75,975,210,45,0,HUMBERTO,AL092019,2019-09-16 18:00:00,2019-09-16 18:00:00,284.0,44.0,276.0,49.0,553.0,143.0,451.0
           Humberto,2019,9,17,0,30.3,-75.4,hurricane,1.0,80,966,220,50,0,HUMBERTO,AL092019,2019-09-17 00:00:00,2019-09-17 00:00:00,281.0,34.0,282.0,47.0,539.0,143.0,471.0
           Humberto,2019,9,17,60,30.5,-74.7,hurricane,2.0,85,964,230,60,0,HUMBERTO,AL092019,2019-09-17 06:00:00,2019-09-17 06:00:00,279.0,27.0,304.0,47.0,541.0,143.0,491.0
           Humberto,2019,9,17,12,30.7,-73.8,hurricane,2.0,90,961,250,80,0,HUMBERTO,AL092019,2019-09-17 12:00:00,2019-09-17 12:00:00,278.0,26.0,360.0,45.0,529.0,141.0,518.0
           Humberto,2019,9,17,18,30.9,-72.9,hurricane,2.0,95,956,270,90,0,HUMBERTO,AL092019,2019-09-17 18:00:00,2019-09-17 18:00:00,278.0,27.0,402.0,41.0,525.0,139.0,545.0
           Humberto,2019,9,18,0,31.2,-71.6,hurricane,3.0,100,952,280,110,1,HUMBERTO,AL092019,2019-09-18 00:00:00,2019-09-18 00:00:00,273.0,24.0,429.0,37.0,505.0,134.0,604.0
           Humberto,2019,9,18,60,31.5,-70.3,hurricane,3.0,105,951,290,110,1,HUMBERTO,AL092019,2019-09-18 06:00:00,2019-09-18 06:00:00,274.0,20.0,487.0,36.0,480.0,135.0,679.0
           Humberto,2019,9,18,12,32.0,-68.8,hurricane,3.0,105,951,310,130,1,HUMBERTO,AL092019,2019-09-18 12:00:00,2019-09-18 12:00:00,270.0,17.0,563.0,38.0,471.0,135.0,757.0
           Humberto,2019,9,18,18,32.5,-67.2,hurricane,3.0,110,950,310,130,1,HUMBERTO,AL092019,2019-09-18 18:00:00,2019-09-18 18:00:00,272.0,15.0,604.0,39.0,459.0,131.0,860.0
           Humberto,2019,9,19,0,33.2,-65.0,hurricane,3.0,110,950,340,140,1,HUMBERTO,AL092019,2019-09-19 00:00:00,2019-09-19 00:00:00,269.0,11.0,575.0,41.0,439.0,126.0,1021.0
           Humberto,2019,9,19,60,34.5,-62.9,hurricane,3.0,105,951,400,140,1,HUMBERTO,AL092019,2019-09-19 06:00:00,2019-09-19 06:00:00,266.0,9.0,510.0,39.0,430.0,120.0,1009.0
              Jerry,2019,9,19,12,16.5,-53.8,hurricane,1.0,70,990,90,20,0,JERRY,AL102019,2019-09-19 12:00:00,2019-09-19 12:00:00,283.0,64.0,143.0,47.0,527.0,145.0,710.0
              Jerry,2019,9,19,18,17.2,-55.2,hurricane,1.0,80,981,90,20,0,JERRY,AL102019,2019-09-19 18:00:00,2019-09-19 18:00:00,284.0,65.0,188.0,49.0,523.0,145.0,638.0
              Jerry,2019,9,20,0,17.7,-56.6,hurricane,2.0,90,976,100,30,0,JERRY,AL102019,2019-09-20 00:00:00,2019-09-20 00:00:00,285.0,69.0,181.0,52.0,522.0,145.0,541.0
              Jerry,2019,9,20,60,18.1,-58.1,hurricane,2.0,85,983,100,30,0,JERRY,AL102019,2019-09-20 06:00:00,2019-09-20 06:00:00,285.0,71.0,183.0,52.0,505.0,140.0,389.0
              Jerry,2019,9,20,12,18.5,-59.7,hurricane,1.0,75,990,100,15,0,JERRY,AL102019,2019-09-20 12:00:00,2019-09-20 12:00:00,286.0,71.0,180.0,54.0,516.0,140.0,236.0
              Jerry,2019,9,20,18,19.2,-61.2,hurricane,1.0,65,991,120,15,0,JERRY,AL102019,2019-09-20 18:00:00,2019-09-20 18:00:00,287.0,71.0,223.0,60.0,516.0,145.0,178.0
            Lorenzo,2019,9,25,60,13.4,-33.0,hurricane,1.0,70,988,320,20,0,LORENZO,AL132019,2019-09-25 06:00:00,2019-09-25 06:00:00,278.0,22.0,83.0,72.0,599.0,125.0,1674.0
            Lorenzo,2019,9,25,12,13.9,-34.5,hurricane,1.0,75,983,300,20,0,LORENZO,AL132019,2019-09-25 12:00:00,2019-09-25 12:00:00,277.0,21.0,75.0,71.0,596.0,130.0,1829.0
            Lorenzo,2019,9,25,18,14.4,-36.0,hurricane,1.0,80,979,300,35,0,LORENZO,AL132019,2019-09-25 18:00:00,2019-09-25 18:00:00,274.0,22.0,70.0,71.0,597.0,133.0,1967.0
            Lorenzo,2019,9,26,0,14.5,-37.5,hurricane,2.0,85,975,300,40,0,LORENZO,AL132019,2019-09-26 00:00:00,2019-09-26 00:00:00,275.0,24.0,107.0,69.0,606.0,129.0,1897.0
            Lorenzo,2019,9,26,60,14.7,-38.8,hurricane,2.0,95,967,300,50,0,LORENZO,AL132019,2019-09-26 06:00:00,2019-09-26 06:00:00,275.0,27.0,108.0,72.0,618.0,126.0,1800.0
            Lorenzo,2019,9,26,12,15.2,-39.8,hurricane,3.0,105,955,350,65,1,LORENZO,AL132019,2019-09-26 12:00:00,2019-09-26 12:00:00,273.0,27.0,147.0,72.0,614.0,124.0,1756.0
            Lorenzo,2019,9,26,18,16.0,-40.6,hurricane,4.0,115,947,350,65,1,LORENZO,AL132019,2019-09-26 18:00:00,2019-09-26 18:00:00,272.0,27.0,181.0,68.0,613.0,124.0,1759.0
            Lorenzo,2019,9,27,0,17.1,-41.2,hurricane,4.0,125,937,380,65,1,LORENZO,AL132019,2019-09-27 00:00:00,2019-09-27 00:00:00,272.0,27.0,158.0,65.0,608.0,122.0,1810.0
            Lorenzo,2019,9,27,60,18.1,-41.9,hurricane,4.0,125,937,380,70,1,LORENZO,AL132019,2019-09-27 06:00:00,2019-09-27 06:00:00,271.0,28.0,130.0,64.0,595.0,123.0,1848.0
            Lorenzo,2019,9,27,12,18.9,-42.7,hurricane,4.0,120,943,400,70,1,LORENZO,AL132019,2019-09-27 12:00:00,2019-09-27 12:00:00,272.0,26.0,110.0,61.0,595.0,126.0,1862.0
            Lorenzo,2019,9,27,18,19.6,-43.5,hurricane,3.0,110,948,400,70,1,LORENZO,AL132019,2019-09-27 18:00:00,2019-09-27 18:00:00,272.0,27.0,110.0,59.0,579.0,129.0,1843.0
            Lorenzo,2019,9,28,0,20.3,-44.2,hurricane,3.0,105,952,400,85,1,LORENZO,AL132019,2019-09-28 00:00:00,2019-09-28 00:00:00,273.0,28.0,152.0,57.0,573.0,140.0,1804.0
            Lorenzo,2019,9,28,60,21.1,-44.6,hurricane,3.0,100,957,400,85,1,LORENZO,AL132019,2019-09-28 06:00:00,2019-09-28 06:00:00,273.0,29.0,178.0,59.0,578.0,138.0,1805.0
            Lorenzo,2019,9,28,12,22.0,-44.9,hurricane,3.0,105,957,380,90,1,LORENZO,AL132019,2019-09-28 12:00:00,2019-09-28 12:00:00,273.0,30.0,207.0,61.0,588.0,141.0,1826.0
            Lorenzo,2019,9,28,18,22.9,-45.0,hurricane,4.0,115,951,380,90,1,LORENZO,AL132019,2019-09-28 18:00:00,2019-09-28 18:00:00,273.0,28.0,194.0,65.0,604.0,143.0,1841.0
            Lorenzo,2019,9,29,0,23.8,-45.0,hurricane,4.0,130,936,380,90,1,LORENZO,AL132019,2019-09-29 00:00:00,2019-09-29 00:00:00,274.0,26.0,212.0,65.0,595.0,145.0,1870.0
            Lorenzo,2019,9,29,60,24.7,-45.0,hurricane,4.0,130,933,380,100,1,LORENZO,AL132019,2019-09-29 06:00:00,2019-09-29 06:00:00,273.0,25.0,233.0,64.0,581.0,145.0,1904.0
            Lorenzo,2019,9,29,12,25.6,-44.8,hurricane,3.0,110,945,380,130,1,LORENZO,AL132019,2019-09-29 12:00:00,2019-09-29 12:00:00,273.0,21.0,236.0,63.0,572.0,145.0,1961.0
            Lorenzo,2019,9,29,18,26.4,-44.4,hurricane,2.0,90,950,400,130,0,LORENZO,AL132019,2019-09-29 18:00:00,2019-09-29 18:00:00,273.0,17.0,207.0,63.0,570.0,144.0,2034.0
            Lorenzo,2019,9,30,0,27.2,-44.0,hurricane,2.0,90,954,450,140,0,LORENZO,AL132019,2019-09-30 00:00:00,2019-09-30 00:00:00,271.0,15.0,196.0,61.0,563.0,138.0,2109.0
            Lorenzo,2019,9,30,60,28.2,-43.6,hurricane,2.0,90,955,450,140,0,LORENZO,AL132019,2019-09-30 06:00:00,2019-09-30 06:00:00,270.0,12.0,172.0,60.0,559.0,130.0,2196.0
            Lorenzo,2019,9,30,12,29.2,-43.2,hurricane,2.0,90,955,470,150,0,LORENZO,AL132019,2019-09-30 12:00:00,2019-09-30 12:00:00,268.0,8.0,165.0,59.0,558.0,117.0,2123.0
            Lorenzo,2019,9,30,18,30.2,-42.7,hurricane,2.0,90,955,500,160,0,LORENZO,AL132019,2019-09-30 18:00:00,2019-09-30 18:00:00,265.0,5.0,147.0,56.0,556.0,109.0,2039.0
            Lorenzo,2019,10,1,0,31.2,-41.9,hurricane,2.0,90,956,520,160,0,LORENZO,AL132019,2019-10-01 00:00:00,2019-10-01 00:00:00,261.0,2.0,244.0,50.0,549.0,93.0,1970.0
            Lorenzo,2019,10,1,60,32.6,-40.7,hurricane,2.0,85,957,520,160,0,LORENZO,AL132019,2019-10-01 06:00:00,2019-10-01 06:00:00,258.0,0.0,294.0,43.0,549.0,83.0,1887.0
            Lorenzo,2019,10,1,12,34.3,-39.0,hurricane,2.0,85,957,540,160,0,LORENZO,AL132019,2019-10-01 12:00:00,2019-10-01 12:00:00,250.0,0.0,310.0,37.0,539.0,64.0,1817.0
            Lorenzo,2019,10,1,18,35.9,-36.8,hurricane,2.0,85,958,590,190,0,LORENZO,AL132019,2019-10-01 18:00:00,2019-10-01 18:00:00,245.0,0.0,323.0,36.0,517.0,48.0,1810.0
              Pablo,2019,10,27,12,41.9,-18.8,hurricane,1.0,65,980,90,10,0,PABLO,AL182019,2019-10-27 12:00:00,2019-10-27 12:00:00,187.0,0.0,366.0,53.0,348.0,17.0,791.0
              Pablo,2019,10,27,18,44.1,-17.3,hurricane,1.0,70,977,90,10,0,PABLO,AL182019,2019-10-27 18:00:00,2019-10-27 18:00:00,170.0,0.0,323.0,47.0,341.0,16.0,661.0
              Hanna,2020,7,25,12,27.1,-96.0,hurricane,1.0,70,981,180,20,0,HANNA,AL082020,2020-07-25 12:00:00,2020-07-25 12:00:00,291.0,39.0,169.0,66.0,612.0,113.0,136.0
              Hanna,2020,7,25,18,26.9,-96.8,hurricane,1.0,80,973,180,45,0,HANNA,AL082020,2020-07-25 18:00:00,2020-07-25 18:00:00,288.0,29.0,258.0,63.0,621.0,124.0,64.0
             Isaias,2020,7,31,0,19.9,-71.2,hurricane,1.0,65,996,240,25,0,ISAIAS,AL092020,2020-07-31 00:00:00,2020-07-31 00:00:00,286.0,69.0,238.0,51.0,601.0,151.0,6.0
             Isaias,2020,7,31,60,20.5,-72.7,hurricane,1.0,70,990,240,50,0,ISAIAS,AL092020,2020-07-31 06:00:00,2020-07-31 06:00:00,287.0,84.0,198.0,52.0,583.0,150.0,63.0
             Isaias,2020,7,31,12,21.3,-74.0,hurricane,1.0,65,992,240,40,0,ISAIAS,AL092020,2020-07-31 12:00:00,2020-07-31 12:00:00,287.0,65.0,204.0,50.0,562.0,145.0,44.0
             Isaias,2020,7,31,18,22.1,-75.1,hurricane,1.0,70,990,200,40,0,ISAIAS,AL092020,2020-07-31 18:00:00,2020-07-31 18:00:00,290.0,62.0,211.0,52.0,566.0,146.0,125.0
             Isaias,2020,8,1,0,22.9,-75.9,hurricane,1.0,75,987,200,40,0,ISAIAS,AL092020,2020-08-01 00:00:00,2020-08-01 00:00:00,290.0,64.0,229.0,51.0,556.0,143.0,189.0
             Isaias,2020,8,1,60,23.6,-76.7,hurricane,1.0,75,987,200,40,0,ISAIAS,AL092020,2020-08-01 06:00:00,2020-08-01 06:00:00,292.0,71.0,216.0,53.0,535.0,141.0,88.0
             Isaias,2020,8,1,12,24.3,-77.5,hurricane,1.0,70,987,170,35,0,ISAIAS,AL092020,2020-08-01 12:00:00,2020-08-01 12:00:00,294.0,87.0,237.0,54.0,542.0,138.0,16.0
             Isaias,2020,8,3,18,31.2,-79.7,hurricane,1.0,65,991,170,20,0,ISAIAS,AL092020,2020-08-03 18:00:00,2020-08-03 18:00:00,284.0,59.0,329.0,54.0,551.0,120.0,144.0
             Isaias,2020,8,4,0,32.8,-79.1,hurricane,1.0,80,986,170,40,0,ISAIAS,AL092020,2020-08-04 00:00:00,2020-08-04 00:00:00,282.0,39.0,403.0,56.0,545.0,85.0,37.0
              Laura,2020,8,25,12,23.4,-86.2,hurricane,1.0,65,990,230,40,0,LAURA,AL132020,2020-08-25 12:00:00,2020-08-25 12:00:00,295.0,78.0,64.0,56.0,593.0,154.0,213.0
              Laura,2020,8,25,18,24.1,-87.5,hurricane,1.0,70,990,230,40,0,LAURA,AL132020,2020-08-25 18:00:00,2020-08-25 18:00:00,297.0,36.0,133.0,55.0,598.0,157.0,278.0
              Laura,2020,8,26,0,24.9,-88.9,hurricane,1.0,75,983,230,80,0,LAURA,AL132020,2020-08-26 00:00:00,2020-08-26 00:00:00,298.0,52.0,149.0,59.0,601.0,161.0,372.0
              Laura,2020,8,26,60,25.6,-90.2,hurricane,2.0,90,978,230,90,0,LAURA,AL132020,2020-08-26 06:00:00,2020-08-26 06:00:00,298.0,60.0,129.0,60.0,590.0,155.0,389.0
              Laura,2020,8,26,12,26.4,-91.4,hurricane,3.0,100,963,230,90,1,LAURA,AL132020,2020-08-26 12:00:00,2020-08-26 12:00:00,297.0,56.0,168.0,57.0,593.0,153.0,309.0
              Laura,2020,8,26,18,27.3,-92.5,hurricane,4.0,120,952,260,90,1,LAURA,AL132020,2020-08-26 18:00:00,2020-08-26 18:00:00,297.0,51.0,201.0,55.0,614.0,161.0,250.0
              Laura,2020,8,27,0,28.5,-93.0,hurricane,4.0,130,937,250,90,1,LAURA,AL132020,2020-08-27 00:00:00,2020-08-27 00:00:00,297.0,49.0,211.0,57.0,612.0,145.0,130.0
              Marco,2020,8,23,12,24.3,-87.2,hurricane,1.0,65,991,100,15,0,MARCO,AL142020,2020-08-23 12:00:00,2020-08-23 12:00:00,297.0,53.0,264.0,57.0,567.0,155.0,298.0
              Marco,2020,8,23,18,25.3,-87.4,hurricane,1.0,65,992,130,15,0,MARCO,AL142020,2020-08-23 18:00:00,2020-08-23 18:00:00,297.0,59.0,289.0,53.0,578.0,159.0,410.0
           Paulette,2020,9,13,0,28.6,-59.1,hurricane,1.0,65,981,270,40,0,PAULETTE,AL172020,2020-09-13 00:00:00,2020-09-13 00:00:00,283.0,22.0,71.0,36.0,482.0,138.0,1213.0
           Paulette,2020,9,13,60,29.1,-60.3,hurricane,1.0,65,980,270,40,0,PAULETTE,AL172020,2020-09-13 06:00:00,2020-09-13 06:00:00,282.0,23.0,54.0,35.0,470.0,135.0,1220.0
           Paulette,2020,9,13,12,29.6,-61.4,hurricane,1.0,70,976,270,50,0,PAULETTE,AL172020,2020-09-13 12:00:00,2020-09-13 12:00:00,282.0,25.0,38.0,33.0,481.0,134.0,1241.0
           Paulette,2020,9,13,18,30.2,-62.6,hurricane,1.0,75,974,250,50,0,PAULETTE,AL172020,2020-09-13 18:00:00,2020-09-13 18:00:00,280.0,28.0,12.0,33.0,490.0,134.0,1284.0
           Paulette,2020,9,14,0,30.9,-63.6,hurricane,1.0,75,974,250,50,0,PAULETTE,AL172020,2020-09-14 00:00:00,2020-09-14 00:00:00,280.0,23.0,60.0,34.0,482.0,134.0,1245.0
           Paulette,2020,9,14,60,31.8,-64.4,hurricane,1.0,80,973,250,50,0,PAULETTE,AL172020,2020-09-14 06:00:00,2020-09-14 06:00:00,277.0,16.0,103.0,37.0,491.0,130.0,1131.0
           Paulette,2020,9,14,12,32.9,-64.9,hurricane,2.0,85,968,250,50,0,PAULETTE,AL172020,2020-09-14 12:00:00,2020-09-14 12:00:00,274.0,13.0,186.0,41.0,487.0,124.0,1040.0
           Paulette,2020,9,14,18,33.9,-64.4,hurricane,2.0,90,965,290,70,0,PAULETTE,AL172020,2020-09-14 18:00:00,2020-09-14 18:00:00,271.0,13.0,277.0,39.0,494.0,109.0,993.0
           Paulette,2020,9,15,0,35.1,-63.3,hurricane,2.0,90,965,330,100,0,PAULETTE,AL172020,2020-09-15 00:00:00,2020-09-15 00:00:00,266.0,13.0,349.0,40.0,483.0,110.0,934.0
           Paulette,2020,9,15,60,36.3,-62.0,hurricane,2.0,90,965,350,100,0,PAULETTE,AL172020,2020-09-15 06:00:00,2020-09-15 06:00:00,264.0,10.0,417.0,40.0,490.0,107.0,859.0
           Paulette,2020,9,15,12,37.6,-59.5,hurricane,2.0,90,965,380,100,0,PAULETTE,AL172020,2020-09-15 12:00:00,2020-09-15 12:00:00,263.0,0.0,470.0,37.0,488.0,108.0,831.0
           Paulette,2020,9,15,18,38.7,-56.7,hurricane,2.0,85,966,420,100,0,PAULETTE,AL172020,2020-09-15 18:00:00,2020-09-15 18:00:00,260.0,0.0,509.0,33.0,471.0,80.0,816.0
              Sally,2020,9,14,12,28.4,-86.9,hurricane,1.0,65,991,210,20,0,SALLY,AL192020,2020-09-14 12:00:00,2020-09-14 12:00:00,289.0,41.0,254.0,65.0,601.0,155.0,212.0
              Sally,2020,9,14,18,28.6,-87.3,hurricane,1.0,75,986,200,30,0,SALLY,AL192020,2020-09-14 18:00:00,2020-09-14 18:00:00,289.0,42.0,286.0,62.0,608.0,161.0,186.0
              Sally,2020,9,15,0,28.7,-87.7,hurricane,1.0,75,986,200,35,0,SALLY,AL192020,2020-09-15 00:00:00,2020-09-15 00:00:00,289.0,42.0,306.0,62.0,607.0,164.0,146.0
              Sally,2020,9,15,60,28.8,-88.0,hurricane,1.0,70,984,200,45,0,SALLY,AL192020,2020-09-15 06:00:00,2020-09-15 06:00:00,289.0,39.0,289.0,63.0,590.0,159.0,115.0
              Sally,2020,9,15,12,29.0,-88.1,hurricane,1.0,70,982,200,50,0,SALLY,AL192020,2020-09-15 12:00:00,2020-09-15 12:00:00,288.0,39.0,281.0,62.0,584.0,159.0,98.0
              Sally,2020,9,15,18,29.3,-88.1,hurricane,1.0,70,981,190,45,0,SALLY,AL192020,2020-09-15 18:00:00,2020-09-15 18:00:00,288.0,36.0,310.0,61.0,593.0,156.0,95.0
              Sally,2020,9,16,0,29.6,-88.0,hurricane,1.0,75,975,190,55,0,SALLY,AL192020,2020-09-16 00:00:00,2020-09-16 00:00:00,286.0,35.0,318.0,61.0,586.0,130.0,70.0
              Sally,2020,9,16,60,29.9,-87.9,hurricane,2.0,95,967,190,55,0,SALLY,AL192020,2020-09-16 06:00:00,2020-09-16 06:00:00,286.0,31.0,310.0,62.0,578.0,145.0,37.0
              Teddy,2020,9,16,0,14.7,-48.0,hurricane,1.0,65,987,230,20,0,TEDDY,AL202020,2020-09-16 00:00:00,2020-09-16 00:00:00,279.0,43.0,121.0,54.0,589.0,133.0,1162.0
              Teddy,2020,9,16,60,15.4,-48.6,hurricane,1.0,80,978,230,30,0,TEDDY,AL202020,2020-09-16 06:00:00,2020-09-16 06:00:00,279.0,46.0,92.0,56.0,592.0,131.0,1192.0
              Teddy,2020,9,16,12,16.1,-49.3,hurricane,2.0,85,972,240,45,0,TEDDY,AL202020,2020-09-16 12:00:00,2020-09-16 12:00:00,279.0,50.0,95.0,52.0,596.0,131.0,1137.0
              Teddy,2020,9,16,18,16.8,-50.2,hurricane,2.0,85,972,270,55,0,TEDDY,AL202020,2020-09-16 18:00:00,2020-09-16 18:00:00,280.0,51.0,121.0,51.0,599.0,130.0,1070.0
              Teddy,2020,9,17,0,17.4,-51.1,hurricane,2.0,85,970,300,55,0,TEDDY,AL202020,2020-09-17 00:00:00,2020-09-17 00:00:00,280.0,53.0,130.0,48.0,580.0,128.0,1009.0
              Teddy,2020,9,17,60,18.1,-52.0,hurricane,2.0,90,966,300,55,0,TEDDY,AL202020,2020-09-17 06:00:00,2020-09-17 06:00:00,280.0,54.0,125.0,48.0,578.0,128.0,966.0
              Teddy,2020,9,17,12,18.9,-52.8,hurricane,3.0,100,960,300,70,1,TEDDY,AL202020,2020-09-17 12:00:00,2020-09-17 12:00:00,281.0,52.0,151.0,47.0,593.0,131.0,953.0
              Teddy,2020,9,17,18,19.7,-53.7,hurricane,4.0,115,948,330,90,1,TEDDY,AL202020,2020-09-17 18:00:00,2020-09-17 18:00:00,282.0,50.0,169.0,47.0,596.0,131.0,877.0
              Teddy,2020,9,18,0,20.4,-54.4,hurricane,4.0,120,945,330,90,1,TEDDY,AL202020,2020-09-18 00:00:00,2020-09-18 00:00:00,283.0,49.0,169.0,46.0,583.0,132.0,830.0
              Teddy,2020,9,18,60,21.1,-55.1,hurricane,4.0,115,946,320,90,1,TEDDY,AL202020,2020-09-18 06:00:00,2020-09-18 06:00:00,283.0,49.0,191.0,45.0,587.0,135.0,795.0
              Teddy,2020,9,18,12,21.7,-55.8,hurricane,3.0,110,947,320,90,1,TEDDY,AL202020,2020-09-18 12:00:00,2020-09-18 12:00:00,283.0,49.0,148.0,44.0,597.0,134.0,768.0
              Teddy,2020,9,18,18,22.5,-56.5,hurricane,3.0,105,949,320,90,1,TEDDY,AL202020,2020-09-18 18:00:00,2020-09-18 18:00:00,284.0,47.0,149.0,43.0,584.0,137.0,768.0
              Teddy,2020,9,19,0,23.5,-57.2,hurricane,3.0,105,945,320,90,1,TEDDY,AL202020,2020-09-19 00:00:00,2020-09-19 00:00:00,285.0,42.0,131.0,43.0,581.0,144.0,803.0
              Teddy,2020,9,19,60,24.4,-57.9,hurricane,3.0,100,947,350,90,1,TEDDY,AL202020,2020-09-19 06:00:00,2020-09-19 06:00:00,284.0,39.0,106.0,43.0,580.0,139.0,848.0
              Teddy,2020,9,19,12,25.4,-58.7,hurricane,3.0,100,950,350,90,1,TEDDY,AL202020,2020-09-19 12:00:00,2020-09-19 12:00:00,285.0,40.0,129.0,42.0,586.0,136.0,905.0
              Teddy,2020,9,19,18,26.2,-59.7,hurricane,3.0,100,953,350,100,1,TEDDY,AL202020,2020-09-19 18:00:00,2020-09-19 18:00:00,285.0,40.0,136.0,44.0,589.0,134.0,942.0
              Teddy,2020,9,20,0,26.9,-60.8,hurricane,2.0,95,956,360,130,0,TEDDY,AL202020,2020-09-20 00:00:00,2020-09-20 00:00:00,285.0,30.0,124.0,48.0,552.0,129.0,975.0
              Teddy,2020,9,20,60,27.5,-61.9,hurricane,2.0,90,958,360,130,0,TEDDY,AL202020,2020-09-20 06:00:00,2020-09-20 06:00:00,284.0,27.0,102.0,51.0,546.0,119.0,1003.0
              Teddy,2020,9,20,12,28.0,-62.6,hurricane,2.0,85,963,360,120,0,TEDDY,AL202020,2020-09-20 12:00:00,2020-09-20 12:00:00,282.0,27.0,128.0,54.0,560.0,115.0,1042.0
              Teddy,2020,9,20,18,28.5,-63.3,hurricane,1.0,80,964,370,120,0,TEDDY,AL202020,2020-09-20 18:00:00,2020-09-20 18:00:00,282.0,26.0,169.0,55.0,578.0,107.0,1088.0
              Teddy,2020,9,21,0,29.0,-63.7,hurricane,1.0,80,963,370,120,0,TEDDY,AL202020,2020-09-21 00:00:00,2020-09-21 00:00:00,279.0,25.0,184.0,54.0,571.0,94.0,1140.0
              Teddy,2020,9,21,60,29.7,-63.5,hurricane,1.0,80,962,350,110,0,TEDDY,AL202020,2020-09-21 06:00:00,2020-09-21 06:00:00,279.0,26.0,287.0,54.0,575.0,89.0,1219.0
              Teddy,2020,9,21,12,30.5,-62.9,hurricane,1.0,80,960,350,120,0,TEDDY,AL202020,2020-09-21 12:00:00,2020-09-21 12:00:00,277.0,23.0,387.0,56.0,571.0,92.0,1313.0
              Teddy,2020,9,21,18,32.2,-61.8,hurricane,1.0,80,958,420,120,0,TEDDY,AL202020,2020-09-21 18:00:00,2020-09-21 18:00:00,270.0,14.0,451.0,55.0,558.0,102.0,1279.0
              Teddy,2020,9,22,0,34.6,-61.4,hurricane,2.0,85,956,420,130,0,TEDDY,AL202020,2020-09-22 00:00:00,2020-09-22 00:00:00,264.0,2.0,441.0,50.0,549.0,105.0,1055.0
              Teddy,2020,9,22,60,37.6,-62.1,hurricane,2.0,90,952,480,170,0,TEDDY,AL202020,2020-09-22 06:00:00,2020-09-22 06:00:00,261.0,0.0,414.0,48.0,483.0,74.0,720.0
              Teddy,2020,9,22,12,39.1,-63.5,hurricane,2.0,90,949,740,200,0,TEDDY,AL202020,2020-09-22 12:00:00,2020-09-22 12:00:00,252.0,0.0,366.0,49.0,397.0,31.0,522.0
              Delta,2020,10,6,0,16.6,-79.8,hurricane,1.0,65,980,100,15,0,DELTA,AL262020,2020-10-06 00:00:00,2020-10-06 00:00:00,291.0,76.0,126.0,74.0,617.0,165.0,239.0
              Delta,2020,10,6,60,17.1,-80.7,hurricane,1.0,75,973,120,30,0,DELTA,AL262020,2020-10-06 06:00:00,2020-10-06 06:00:00,292.0,82.0,159.0,73.0,625.0,162.0,279.0
              Delta,2020,10,6,12,17.8,-82.0,hurricane,3.0,100,959,150,30,1,DELTA,AL262020,2020-10-06 12:00:00,2020-10-06 12:00:00,292.0,88.0,147.0,72.0,639.0,164.0,319.0
              Delta,2020,10,6,18,18.5,-83.3,hurricane,4.0,120,953,160,40,1,DELTA,AL262020,2020-10-06 18:00:00,2020-10-06 18:00:00,293.0,85.0,115.0,72.0,648.0,163.0,314.0
              Delta,2020,10,7,0,19.3,-84.6,hurricane,3.0,100,962,160,40,1,DELTA,AL262020,2020-10-07 00:00:00,2020-10-07 00:00:00,294.0,105.0,76.0,73.0,630.0,160.0,275.0
              Delta,2020,10,7,60,20.1,-85.9,hurricane,2.0,90,968,190,35,0,DELTA,AL262020,2020-10-07 06:00:00,2020-10-07 06:00:00,292.0,105.0,96.0,69.0,627.0,150.0,131.0
              Delta,2020,10,7,18,21.7,-88.8,hurricane,1.0,75,978,190,45,0,DELTA,AL262020,2020-10-07 18:00:00,2020-10-07 18:00:00,285.0,18.0,111.0,70.0,644.0,158.0,27.0
              Delta,2020,10,8,0,22.3,-90.2,hurricane,1.0,80,973,190,45,0,DELTA,AL262020,2020-10-08 00:00:00,2020-10-08 00:00:00,285.0,17.0,135.0,69.0,648.0,166.0,121.0
              Delta,2020,10,8,60,23.0,-91.4,hurricane,2.0,85,973,210,45,0,DELTA,AL262020,2020-10-08 06:00:00,2020-10-08 06:00:00,287.0,42.0,180.0,69.0,644.0,157.0,245.0
              Delta,2020,10,8,12,23.7,-92.4,hurricane,2.0,90,969,220,50,0,DELTA,AL262020,2020-10-08 12:00:00,2020-10-08 12:00:00,288.0,48.0,202.0,62.0,630.0,149.0,365.0
              Delta,2020,10,8,18,24.5,-93.1,hurricane,3.0,100,960,240,50,1,DELTA,AL262020,2020-10-08 18:00:00,2020-10-08 18:00:00,288.0,53.0,231.0,57.0,626.0,142.0,431.0
              Delta,2020,10,9,0,25.3,-93.5,hurricane,3.0,105,953,240,60,1,DELTA,AL262020,2020-10-09 00:00:00,2020-10-09 00:00:00,286.0,51.0,290.0,50.0,613.0,105.0,371.0
              Delta,2020,10,9,60,26.3,-93.7,hurricane,3.0,105,953,240,60,1,DELTA,AL262020,2020-10-09 06:00:00,2020-10-09 06:00:00,282.0,42.0,295.0,44.0,600.0,89.0,330.0
              Delta,2020,10,9,12,27.5,-93.8,hurricane,3.0,100,958,240,60,1,DELTA,AL262020,2020-10-09 12:00:00,2020-10-09 12:00:00,278.0,34.0,315.0,40.0,571.0,64.0,219.0
              Delta,2020,10,9,18,28.7,-93.6,hurricane,2.0,90,966,250,60,0,DELTA,AL262020,2020-10-09 18:00:00,2020-10-09 18:00:00,272.0,31.0,323.0,37.0,550.0,45.0,115.0
            Epsilon,2020,10,21,0,28.3,-56.3,hurricane,1.0,65,987,460,20,0,EPSILON,AL272020,2020-10-21 00:00:00,2020-10-21 00:00:00,269.0,15.0,148.0,42.0,488.0,124.0,1305.0
            Epsilon,2020,10,21,60,28.7,-57.7,hurricane,1.0,75,976,460,35,0,EPSILON,AL272020,2020-10-21 06:00:00,2020-10-21 06:00:00,269.0,16.0,103.0,41.0,491.0,118.0,1276.0
            Epsilon,2020,10,21,12,28.9,-58.7,hurricane,2.0,85,968,460,35,0,EPSILON,AL272020,2020-10-21 12:00:00,2020-10-21 12:00:00,269.0,12.0,86.0,42.0,500.0,112.0,1257.0
            Epsilon,2020,10,21,18,29.3,-59.6,hurricane,3.0,100,955,460,35,1,EPSILON,AL272020,2020-10-21 18:00:00,2020-10-21 18:00:00,266.0,8.0,140.0,45.0,511.0,114.0,1266.0
            Epsilon,2020,10,22,0,29.5,-60.4,hurricane,3.0,100,952,450,35,1,EPSILON,AL272020,2020-10-22 00:00:00,2020-10-22 00:00:00,265.0,8.0,122.0,46.0,522.0,115.0,1259.0
            Epsilon,2020,10,22,60,30.2,-60.9,hurricane,2.0,90,958,470,35,0,EPSILON,AL272020,2020-10-22 06:00:00,2020-10-22 06:00:00,261.0,4.0,151.0,49.0,523.0,112.0,1318.0
            Epsilon,2020,10,22,12,30.8,-61.3,hurricane,1.0,80,965,440,25,0,EPSILON,AL272020,2020-10-22 12:00:00,2020-10-22 12:00:00,261.0,0.0,174.0,49.0,522.0,115.0,1373.0
            Epsilon,2020,10,22,18,31.5,-61.5,hurricane,1.0,75,968,410,25,0,EPSILON,AL272020,2020-10-22 18:00:00,2020-10-22 18:00:00,258.0,0.0,167.0,50.0,528.0,114.0,1360.0
            Epsilon,2020,10,23,0,32.2,-61.6,hurricane,1.0,75,968,430,25,0,EPSILON,AL272020,2020-10-23 00:00:00,2020-10-23 00:00:00,253.0,0.0,181.0,51.0,517.0,114.0,1289.0
            Epsilon,2020,10,23,60,32.9,-61.6,hurricane,1.0,75,968,450,30,0,EPSILON,AL272020,2020-10-23 06:00:00,2020-10-23 06:00:00,253.0,0.0,196.0,51.0,509.0,103.0,1224.0
            Epsilon,2020,10,23,12,33.7,-61.6,hurricane,1.0,75,966,470,50,0,EPSILON,AL272020,2020-10-23 12:00:00,2020-10-23 12:00:00,250.0,0.0,251.0,48.0,489.0,94.0,1146.0
            Epsilon,2020,10,23,18,34.9,-61.7,hurricane,1.0,75,964,490,70,0,EPSILON,AL272020,2020-10-23 18:00:00,2020-10-23 18:00:00,247.0,0.0,222.0,46.0,488.0,94.0,1015.0
            Epsilon,2020,10,24,0,36.1,-62.0,hurricane,1.0,75,962,520,100,0,EPSILON,AL272020,2020-10-24 00:00:00,2020-10-24 00:00:00,244.0,0.0,170.0,46.0,487.0,94.0,880.0
            Epsilon,2020,10,24,60,36.8,-62.1,hurricane,1.0,75,957,560,110,0,EPSILON,AL272020,2020-10-24 06:00:00,2020-10-24 06:00:00,245.0,0.0,151.0,48.0,472.0,90.0,803.0
            Epsilon,2020,10,24,12,37.4,-61.3,hurricane,1.0,75,957,610,120,0,EPSILON,AL272020,2020-10-24 12:00:00,2020-10-24 12:00:00,244.0,0.0,176.0,50.0,439.0,78.0,769.0
            Epsilon,2020,10,24,18,38.6,-59.7,hurricane,1.0,70,960,610,70,0,EPSILON,AL272020,2020-10-24 18:00:00,2020-10-24 18:00:00,243.0,0.0,192.0,53.0,439.0,44.0,726.0
            Epsilon,2020,10,25,0,40.3,-57.6,hurricane,1.0,65,962,600,60,0,EPSILON,AL272020,2020-10-25 00:00:00,2020-10-25 00:00:00,228.0,0.0,227.0,47.0,460.0,0.0,622.0
            Epsilon,2020,10,25,60,42.0,-55.2,hurricane,1.0,65,963,580,60,0,EPSILON,AL272020,2020-10-25 06:00:00,2020-10-25 06:00:00,185.0,0.0,291.0,44.0,449.0,0.0,529.0
            Epsilon,2020,10,25,12,43.3,-51.8,hurricane,1.0,65,964,560,60,0,EPSILON,AL272020,2020-10-25 12:00:00,2020-10-25 12:00:00,141.0,0.0,290.0,48.0,429.0,0.0,385.0
               Zeta,2020,10,26,60,18.5,-84.1,hurricane,1.0,65,993,150,20,0,ZETA,AL282020,2020-10-26 06:00:00,2020-10-26 06:00:00,291.0,74.0,118.0,65.0,613.0,155.0,294.0
               Zeta,2020,10,26,12,18.9,-84.8,hurricane,1.0,65,990,150,20,0,ZETA,AL282020,2020-10-26 12:00:00,2020-10-26 12:00:00,291.0,79.0,111.0,65.0,620.0,154.0,283.0
               Zeta,2020,10,26,18,19.4,-85.7,hurricane,1.0,70,984,170,20,0,ZETA,AL282020,2020-10-26 18:00:00,2020-10-26 18:00:00,290.0,87.0,129.0,63.0,617.0,151.0,180.0
               Zeta,2020,10,27,0,19.9,-86.6,hurricane,1.0,70,980,180,40,0,ZETA,AL282020,2020-10-27 00:00:00,2020-10-27 00:00:00,287.0,83.0,111.0,63.0,613.0,144.0,87.0
               Zeta,2020,10,28,60,24.4,-91.5,hurricane,1.0,65,984,190,30,0,ZETA,AL282020,2020-10-28 06:00:00,2020-10-28 06:00:00,276.0,34.0,191.0,60.0,614.0,76.0,388.0
               Zeta,2020,10,28,12,26.0,-91.7,hurricane,1.0,80,978,190,30,0,ZETA,AL282020,2020-10-28 12:00:00,2020-10-28 12:00:00,271.0,35.0,303.0,57.0,612.0,49.0,359.0
               Zeta,2020,10,28,18,28.0,-91.1,hurricane,2.0,95,973,190,30,0,ZETA,AL282020,2020-10-28 18:00:00,2020-10-28 18:00:00,254.0,11.0,392.0,54.0,595.0,19.0,129.0
               Zeta,2020,10,29,0,30.2,-89.9,hurricane,2.0,85,973,160,40,0,ZETA,AL282020,2020-10-29 00:00:00,2020-10-29 00:00:00,238.0,0.0,534.0,54.0,552.0,9.0,6.0
                Eta,2020,11,2,60,14.9,-80.4,hurricane,1.0,70,982,180,20,0,ETA,AL292020,2020-11-02 06:00:00,2020-11-02 06:00:00,289.0,54.0,81.0,84.0,642.0,160.0,293.0
                Eta,2020,11,2,12,14.8,-81.2,hurricane,2.0,90,972,150,30,0,ETA,AL292020,2020-11-02 12:00:00,2020-11-02 12:00:00,288.0,55.0,106.0,83.0,644.0,164.0,209.0
                Eta,2020,11,2,18,14.7,-82.0,hurricane,4.0,115,948,160,35,1,ETA,AL292020,2020-11-02 18:00:00,2020-11-02 18:00:00,288.0,54.0,76.0,82.0,656.0,164.0,126.0
                Eta,2020,11,3,0,14.3,-82.5,hurricane,4.0,130,929,160,40,1,ETA,AL292020,2020-11-03 00:00:00,2020-11-03 00:00:00,287.0,54.0,81.0,81.0,660.0,167.0,74.0
                Eta,2020,11,3,60,14.0,-82.9,hurricane,4.0,130,922,160,40,1,ETA,AL292020,2020-11-03 06:00:00,2020-11-03 06:00:00,287.0,49.0,102.0,82.0,651.0,164.0,45.0
                Eta,2020,11,3,12,13.6,-83.1,hurricane,4.0,125,936,170,40,1,ETA,AL292020,2020-11-03 12:00:00,2020-11-03 12:00:00,287.0,47.0,130.0,83.0,638.0,166.0,44.0
                Eta,2020,11,3,18,13.7,-83.3,hurricane,4.0,120,940,160,40,1,ETA,AL292020,2020-11-03 18:00:00,2020-11-03 18:00:00,287.0,45.0,109.0,84.0,653.0,166.0,21.0
                Eta,2020,11,11,12,25.8,-83.9,hurricane,1.0,65,983,140,50,0,ETA,AL292020,2020-11-11 12:00:00,2020-11-11 12:00:00,265.0,8.0,205.0,56.0,529.0,76.0,199.0
               Iota,2020,11,15,60,13.0,-77.1,hurricane,1.0,65,988,170,20,0,IOTA,AL312020,2020-11-15 06:00:00,2020-11-15 06:00:00,288.0,55.0,35.0,70.0,611.0,155.0,317.0
               Iota,2020,11,15,12,13.1,-78.0,hurricane,1.0,70,982,190,40,0,IOTA,AL312020,2020-11-15 12:00:00,2020-11-15 12:00:00,288.0,50.0,11.0,70.0,625.0,156.0,391.0
               Iota,2020,11,15,18,13.2,-78.9,hurricane,1.0,75,974,220,40,0,IOTA,AL312020,2020-11-15 18:00:00,2020-11-15 18:00:00,288.0,46.0,21.0,73.0,628.0,156.0,404.0
               Iota,2020,11,16,0,13.2,-79.8,hurricane,2.0,90,961,260,50,0,IOTA,AL312020,2020-11-16 00:00:00,2020-11-16 00:00:00,288.0,42.0,37.0,72.0,620.0,159.0,386.0
               Iota,2020,11,16,60,13.4,-80.7,hurricane,4.0,120,935,290,65,1,IOTA,AL312020,2020-11-16 06:00:00,2020-11-16 06:00:00,287.0,43.0,72.0,73.0,632.0,155.0,287.0
               Iota,2020,11,16,12,13.5,-81.5,hurricane,4.0,135,917,310,70,1,IOTA,AL312020,2020-11-16 12:00:00,2020-11-16 12:00:00,286.0,43.0,87.0,74.0,620.0,158.0,203.0
               Iota,2020,11,16,18,13.5,-82.3,hurricane,4.0,130,918,310,70,1,IOTA,AL312020,2020-11-16 18:00:00,2020-11-16 18:00:00,285.0,43.0,101.0,76.0,621.0,158.0,130.0
               Iota,2020,11,17,0,13.6,-83.0,hurricane,4.0,130,918,310,70,1,IOTA,AL312020,2020-11-17 00:00:00,2020-11-17 00:00:00,284.0,39.0,105.0,76.0,616.0,156.0,54.0
               Elsa,2021,7,2,12,13.0,-59.8,hurricane,1.0,65,995,210,20,0,ELSA,AL052021,2021-07-02 12:00:00,2021-07-02 12:00:00,280.0,48.0,151.0,65.0,554.0,131.0,22.0
               Elsa,2021,7,2,18,13.8,-62.4,hurricane,1.0,75,991,210,20,0,ELSA,AL052021,2021-07-02 18:00:00,2021-07-02 18:00:00,281.0,42.0,180.0,65.0,556.0,130.0,136.0
               Elsa,2021,7,3,0,14.7,-65.1,hurricane,1.0,70,995,230,20,0,ELSA,AL052021,2021-07-03 00:00:00,2021-07-03 00:00:00,282.0,46.0,204.0,64.0,555.0,132.0,333.0
               Elsa,2021,7,3,60,15.7,-67.9,hurricane,1.0,65,998,210,20,0,ELSA,AL052021,2021-07-03 06:00:00,2021-07-03 06:00:00,283.0,51.0,185.0,64.0,558.0,131.0,260.0
               Elsa,2021,7,7,0,26.6,-83.2,hurricane,1.0,65,996,140,20,0,ELSA,AL052021,2021-07-07 00:00:00,2021-07-07 00:00:00,289.0,28.0,217.0,68.0,502.0,126.0,93.0
              Grace,2021,8,18,12,19.2,-81.5,hurricane,1.0,65,993,170,20,0,GRACE,AL072021,2021-08-18 12:00:00,2021-08-18 12:00:00,296.0,100.0,105.0,58.0,542.0,151.0,289.0
              Grace,2021,8,18,18,19.6,-83.0,hurricane,1.0,70,990,170,25,0,GRACE,AL072021,2021-08-18 18:00:00,2021-08-18 18:00:00,295.0,104.0,135.0,54.0,551.0,150.0,207.0
              Grace,2021,8,19,0,19.7,-84.8,hurricane,1.0,70,988,190,40,0,GRACE,AL072021,2021-08-19 00:00:00,2021-08-19 00:00:00,296.0,102.0,127.0,55.0,548.0,150.0,233.0
              Grace,2021,8,19,60,19.9,-86.4,hurricane,1.0,70,985,200,40,0,GRACE,AL072021,2021-08-19 06:00:00,2021-08-19 06:00:00,290.0,88.0,106.0,55.0,539.0,145.0,105.0
              Grace,2021,8,20,12,20.6,-93.8,hurricane,1.0,75,982,230,30,0,GRACE,AL072021,2021-08-20 12:00:00,2021-08-20 12:00:00,293.0,39.0,113.0,61.0,559.0,147.0,243.0
              Grace,2021,8,20,18,20.6,-94.7,hurricane,2.0,85,975,230,40,0,GRACE,AL072021,2021-08-20 18:00:00,2021-08-20 18:00:00,294.0,39.0,124.0,61.0,573.0,153.0,200.0
              Grace,2021,8,21,0,20.7,-95.8,hurricane,3.0,105,967,200,60,1,GRACE,AL072021,2021-08-21 00:00:00,2021-08-21 00:00:00,294.0,37.0,109.0,66.0,596.0,157.0,110.0
              Henri,2021,8,21,12,33.6,-72.7,hurricane,1.0,65,991,200,40,0,HENRI,AL082021,2021-08-21 12:00:00,2021-08-21 12:00:00,276.0,25.0,60.0,58.0,532.0,119.0,357.0
              Henri,2021,8,21,18,35.4,-71.8,hurricane,1.0,65,990,200,40,0,HENRI,AL082021,2021-08-21 18:00:00,2021-08-21 18:00:00,273.0,28.0,75.0,57.0,527.0,70.0,357.0
              Henri,2021,8,22,0,37.6,-70.9,hurricane,1.0,65,988,200,30,0,HENRI,AL082021,2021-08-22 00:00:00,2021-08-22 00:00:00,270.0,43.0,36.0,60.0,518.0,44.0,366.0
              Henri,2021,8,22,60,39.4,-71.0,hurricane,1.0,65,986,160,30,0,HENRI,AL082021,2021-08-22 06:00:00,2021-08-22 06:00:00,235.0,0.0,50.0,62.0,503.0,33.0,197.0
                Ida,2021,8,27,18,21.5,-82.6,hurricane,1.0,70,987,120,20,0,IDA,AL092021,2021-08-27 18:00:00,2021-08-27 18:00:00,299.0,117.0,131.0,64.0,577.0,149.0,9.0
                Ida,2021,8,28,60,23.5,-84.7,hurricane,1.0,70,987,140,20,0,IDA,AL092021,2021-08-28 06:00:00,2021-08-28 06:00:00,298.0,141.0,111.0,67.0,564.0,156.0,115.0
                Ida,2021,8,28,12,24.4,-85.7,hurricane,1.0,70,986,180,25,0,IDA,AL092021,2021-08-28 12:00:00,2021-08-28 12:00:00,297.0,106.0,125.0,66.0,555.0,159.0,256.0
                Ida,2021,8,28,18,25.6,-86.6,hurricane,1.0,80,976,200,40,0,IDA,AL092021,2021-08-28 18:00:00,2021-08-28 18:00:00,296.0,87.0,177.0,66.0,572.0,166.0,416.0
                Ida,2021,8,29,0,26.7,-87.6,hurricane,2.0,90,967,210,60,0,IDA,AL092021,2021-08-29 00:00:00,2021-08-29 00:00:00,296.0,75.0,162.0,70.0,573.0,174.0,302.0
                Ida,2021,8,29,60,27.6,-88.7,hurricane,4.0,115,950,210,60,1,IDA,AL092021,2021-08-29 06:00:00,2021-08-29 06:00:00,295.0,64.0,112.0,69.0,577.0,173.0,166.0
                Ida,2021,8,29,12,28.5,-89.6,hurricane,4.0,130,929,220,65,1,IDA,AL092021,2021-08-29 12:00:00,2021-08-29 12:00:00,295.0,52.0,151.0,68.0,577.0,173.0,74.0
                Ida,2021,8,29,18,29.2,-90.4,hurricane,4.0,125,932,210,65,1,IDA,AL092021,2021-08-29 18:00:00,2021-08-29 18:00:00,295.0,46.0,217.0,67.0,585.0,176.0,7.0
              Larry,2021,9,2,60,13.0,-31.6,hurricane,1.0,65,991,160,30,0,LARRY,AL122021,2021-09-02 06:00:00,2021-09-02 06:00:00,276.0,21.0,70.0,68.0,611.0,117.0,1530.0
              Larry,2021,9,2,12,13.3,-33.3,hurricane,1.0,70,987,200,30,0,LARRY,AL122021,2021-09-02 12:00:00,2021-09-02 12:00:00,275.0,20.0,68.0,66.0,607.0,118.0,1707.0
              Larry,2021,9,2,18,13.6,-35.0,hurricane,1.0,70,987,200,35,0,LARRY,AL122021,2021-09-02 18:00:00,2021-09-02 18:00:00,274.0,20.0,40.0,66.0,601.0,117.0,1886.0
              Larry,2021,9,3,0,13.9,-36.7,hurricane,1.0,75,985,220,35,0,LARRY,AL122021,2021-09-03 00:00:00,2021-09-03 00:00:00,275.0,21.0,29.0,68.0,599.0,116.0,1896.0
              Larry,2021,9,3,60,14.1,-38.4,hurricane,1.0,80,983,220,35,0,LARRY,AL122021,2021-09-03 06:00:00,2021-09-03 06:00:00,272.0,24.0,8.0,68.0,602.0,115.0,1792.0
              Larry,2021,9,3,12,14.4,-40.0,hurricane,1.0,80,980,230,35,0,LARRY,AL122021,2021-09-03 12:00:00,2021-09-03 12:00:00,272.0,23.0,33.0,64.0,613.0,111.0,1680.0
              Larry,2021,9,3,18,14.7,-41.4,hurricane,2.0,90,973,230,45,0,LARRY,AL122021,2021-09-03 18:00:00,2021-09-03 18:00:00,273.0,25.0,21.0,62.0,608.0,113.0,1594.0
              Larry,2021,9,4,0,15.2,-42.7,hurricane,3.0,100,964,230,50,1,LARRY,AL122021,2021-09-04 00:00:00,2021-09-04 00:00:00,272.0,26.0,29.0,59.0,603.0,118.0,1545.0
              Larry,2021,9,4,60,15.8,-44.0,hurricane,3.0,110,956,230,50,1,LARRY,AL122021,2021-09-04 06:00:00,2021-09-04 06:00:00,273.0,28.0,44.0,58.0,601.0,116.0,1507.0
              Larry,2021,9,4,12,16.4,-45.3,hurricane,3.0,110,956,230,55,1,LARRY,AL122021,2021-09-04 12:00:00,2021-09-04 12:00:00,273.0,33.0,60.0,54.0,596.0,114.0,1474.0
              Larry,2021,9,4,18,17.0,-46.5,hurricane,3.0,105,958,250,65,1,LARRY,AL122021,2021-09-04 18:00:00,2021-09-04 18:00:00,274.0,35.0,90.0,50.0,586.0,115.0,1451.0
              Larry,2021,9,5,0,17.7,-47.5,hurricane,3.0,105,958,260,65,1,LARRY,AL122021,2021-09-05 00:00:00,2021-09-05 00:00:00,275.0,38.0,116.0,48.0,574.0,115.0,1373.0
              Larry,2021,9,5,60,18.4,-48.5,hurricane,3.0,105,958,270,65,1,LARRY,AL122021,2021-09-05 06:00:00,2021-09-05 06:00:00,276.0,39.0,105.0,47.0,558.0,119.0,1306.0
              Larry,2021,9,5,12,19.2,-49.4,hurricane,3.0,110,953,280,65,1,LARRY,AL122021,2021-09-05 12:00:00,2021-09-05 12:00:00,277.0,40.0,140.0,46.0,546.0,125.0,1263.0
              Larry,2021,9,5,18,20.0,-50.3,hurricane,3.0,110,953,290,80,1,LARRY,AL122021,2021-09-05 18:00:00,2021-09-05 18:00:00,278.0,40.0,131.0,46.0,545.0,132.0,1232.0
              Larry,2021,9,6,0,20.7,-51.2,hurricane,3.0,110,953,290,100,1,LARRY,AL122021,2021-09-06 00:00:00,2021-09-06 00:00:00,279.0,40.0,149.0,44.0,541.0,134.0,1158.0
              Larry,2021,9,6,60,21.2,-52.0,hurricane,3.0,105,956,290,100,1,LARRY,AL122021,2021-09-06 06:00:00,2021-09-06 06:00:00,279.0,41.0,166.0,42.0,533.0,137.0,1095.0
              Larry,2021,9,6,12,21.6,-52.7,hurricane,3.0,105,956,290,100,1,LARRY,AL122021,2021-09-06 12:00:00,2021-09-06 12:00:00,280.0,42.0,190.0,42.0,525.0,140.0,1044.0
              Larry,2021,9,6,18,22.1,-53.5,hurricane,3.0,105,956,290,100,1,LARRY,AL122021,2021-09-06 18:00:00,2021-09-06 18:00:00,281.0,43.0,193.0,45.0,527.0,145.0,994.0
              Larry,2021,9,7,0,22.7,-54.2,hurricane,3.0,105,956,290,100,1,LARRY,AL122021,2021-09-07 00:00:00,2021-09-07 00:00:00,282.0,42.0,174.0,45.0,523.0,148.0,967.0
              Larry,2021,9,7,60,23.3,-54.8,hurricane,3.0,100,960,300,100,1,LARRY,AL122021,2021-09-07 06:00:00,2021-09-07 06:00:00,283.0,39.0,148.0,47.0,536.0,147.0,957.0
              Larry,2021,9,7,12,24.0,-55.4,hurricane,2.0,95,963,300,100,0,LARRY,AL122021,2021-09-07 12:00:00,2021-09-07 12:00:00,283.0,37.0,130.0,47.0,546.0,148.0,965.0
              Larry,2021,9,7,18,24.7,-56.0,hurricane,2.0,95,965,300,100,0,LARRY,AL122021,2021-09-07 18:00:00,2021-09-07 18:00:00,283.0,36.0,111.0,49.0,540.0,149.0,983.0
              Larry,2021,9,8,0,25.4,-56.5,hurricane,2.0,95,966,300,100,0,LARRY,AL122021,2021-09-08 00:00:00,2021-09-08 00:00:00,285.0,33.0,82.0,52.0,551.0,148.0,1017.0
              Larry,2021,9,8,60,26.2,-57.1,hurricane,2.0,95,966,320,100,0,LARRY,AL122021,2021-09-08 06:00:00,2021-09-08 06:00:00,285.0,33.0,87.0,53.0,550.0,147.0,1062.0
              Larry,2021,9,8,12,27.2,-57.9,hurricane,2.0,90,966,350,100,0,LARRY,AL122021,2021-09-08 12:00:00,2021-09-08 12:00:00,284.0,34.0,80.0,53.0,539.0,143.0,1119.0
              Larry,2021,9,8,18,28.2,-58.9,hurricane,2.0,90,967,350,100,0,LARRY,AL122021,2021-09-08 18:00:00,2021-09-08 18:00:00,283.0,25.0,76.0,54.0,544.0,140.0,1178.0
              Larry,2021,9,9,0,29.1,-59.9,hurricane,2.0,85,968,340,110,0,LARRY,AL122021,2021-09-09 00:00:00,2021-09-09 00:00:00,282.0,22.0,70.0,56.0,546.0,130.0,1234.0
              Larry,2021,9,9,60,30.1,-60.8,hurricane,1.0,80,968,340,110,0,LARRY,AL122021,2021-09-09 06:00:00,2021-09-09 06:00:00,280.0,24.0,74.0,52.0,551.0,120.0,1310.0
              Larry,2021,9,9,12,31.3,-61.5,hurricane,1.0,80,966,340,110,0,LARRY,AL122021,2021-09-09 12:00:00,2021-09-09 12:00:00,277.0,20.0,81.0,49.0,562.0,116.0,1380.0
              Larry,2021,9,9,18,32.8,-62.1,hurricane,1.0,80,966,340,110,0,LARRY,AL122021,2021-09-09 18:00:00,2021-09-09 18:00:00,275.0,15.0,98.0,51.0,549.0,111.0,1208.0
              Larry,2021,9,10,0,34.4,-62.3,hurricane,1.0,80,966,350,110,0,LARRY,AL122021,2021-09-10 00:00:00,2021-09-10 00:00:00,269.0,12.0,156.0,53.0,537.0,99.0,1051.0
              Larry,2021,9,10,60,36.5,-62.2,hurricane,1.0,75,964,370,120,0,LARRY,AL122021,2021-09-10 06:00:00,2021-09-10 06:00:00,265.0,11.0,215.0,52.0,541.0,45.0,832.0
              Larry,2021,9,10,12,38.9,-61.1,hurricane,1.0,70,961,400,90,0,LARRY,AL122021,2021-09-10 12:00:00,2021-09-10 12:00:00,263.0,4.0,251.0,55.0,542.0,0.0,633.0
              Larry,2021,9,10,18,41.9,-59.5,hurricane,1.0,70,958,400,90,0,LARRY,AL122021,2021-09-10 18:00:00,2021-09-10 18:00:00,231.0,0.0,318.0,57.0,516.0,0.0,393.0
           Nicholas,2021,9,14,0,28.0,-96.2,hurricane,1.0,65,988,170,45,0,NICHOLAS,AL142021,2021-09-14 00:00:00,2021-09-14 00:00:00,289.0,50.0,297.0,56.0,552.0,180.0,47.0
                Sam,2021,9,24,60,11.4,-41.6,hurricane,1.0,65,993,80,15,0,SAM,AL182021,2021-09-24 06:00:00,2021-09-24 06:00:00,282.0,33.0,39.0,58.0,565.0,143.0,1334.0
                Sam,2021,9,24,12,11.6,-43.0,hurricane,1.0,65,993,80,15,0,SAM,AL182021,2021-09-24 12:00:00,2021-09-24 12:00:00,283.0,36.0,50.0,57.0,558.0,142.0,1229.0
                Sam,2021,9,24,18,11.9,-44.3,hurricane,1.0,70,989,90,15,0,SAM,AL182021,2021-09-24 18:00:00,2021-09-24 18:00:00,285.0,37.0,77.0,57.0,553.0,142.0,1152.0
                Sam,2021,9,25,0,12.3,-45.4,hurricane,2.0,85,982,90,20,0,SAM,AL182021,2021-09-25 00:00:00,2021-09-25 00:00:00,283.0,38.0,84.0,56.0,548.0,140.0,1111.0
                Sam,2021,9,25,60,12.6,-46.3,hurricane,2.0,95,973,90,30,0,SAM,AL182021,2021-09-25 06:00:00,2021-09-25 06:00:00,284.0,39.0,87.0,56.0,549.0,138.0,1076.0
                Sam,2021,9,25,12,12.8,-47.2,hurricane,3.0,105,960,150,30,1,SAM,AL182021,2021-09-25 12:00:00,2021-09-25 12:00:00,284.0,39.0,86.0,58.0,549.0,136.0,1030.0
                Sam,2021,9,25,18,13.1,-48.1,hurricane,4.0,115,950,150,40,1,SAM,AL182021,2021-09-25 18:00:00,2021-09-25 18:00:00,282.0,39.0,100.0,57.0,553.0,137.0,1002.0
                Sam,2021,9,26,0,13.4,-48.8,hurricane,4.0,130,943,150,40,1,SAM,AL182021,2021-09-26 00:00:00,2021-09-26 00:00:00,282.0,43.0,86.0,54.0,546.0,139.0,993.0
                Sam,2021,9,26,60,13.6,-49.4,hurricane,4.0,130,943,140,40,1,SAM,AL182021,2021-09-26 06:00:00,2021-09-26 06:00:00,283.0,45.0,80.0,53.0,541.0,138.0,986.0
                Sam,2021,9,26,12,13.8,-50.0,hurricane,4.0,130,939,150,45,1,SAM,AL182021,2021-09-26 12:00:00,2021-09-26 12:00:00,283.0,48.0,90.0,50.0,543.0,136.0,983.0
                Sam,2021,9,26,18,14.1,-50.3,hurricane,4.0,135,927,150,45,1,SAM,AL182021,2021-09-26 18:00:00,2021-09-26 18:00:00,282.0,50.0,105.0,49.0,541.0,139.0,991.0
                Sam,2021,9,27,0,14.5,-50.6,hurricane,4.0,130,940,150,45,1,SAM,AL182021,2021-09-27 00:00:00,2021-09-27 00:00:00,282.0,52.0,81.0,48.0,513.0,142.0,964.0
                Sam,2021,9,27,60,15.0,-51.1,hurricane,4.0,115,948,160,45,1,SAM,AL182021,2021-09-27 06:00:00,2021-09-27 06:00:00,281.0,55.0,56.0,48.0,501.0,141.0,920.0
                Sam,2021,9,27,12,15.4,-51.7,hurricane,3.0,105,955,160,45,1,SAM,AL182021,2021-09-27 12:00:00,2021-09-27 12:00:00,281.0,57.0,85.0,47.0,494.0,143.0,868.0
                Sam,2021,9,27,18,15.9,-52.3,hurricane,3.0,105,958,160,45,1,SAM,AL182021,2021-09-27 18:00:00,2021-09-27 18:00:00,283.0,61.0,118.0,47.0,491.0,145.0,825.0
                Sam,2021,9,28,0,16.5,-52.9,hurricane,3.0,105,955,180,60,1,SAM,AL182021,2021-09-28 00:00:00,2021-09-28 00:00:00,282.0,62.0,117.0,46.0,473.0,146.0,793.0
                Sam,2021,9,28,60,16.9,-53.5,hurricane,4.0,115,952,180,60,1,SAM,AL182021,2021-09-28 06:00:00,2021-09-28 06:00:00,283.0,63.0,94.0,46.0,464.0,145.0,760.0
                Sam,2021,9,28,12,17.3,-54.1,hurricane,4.0,115,952,230,60,1,SAM,AL182021,2021-09-28 12:00:00,2021-09-28 12:00:00,283.0,63.0,110.0,47.0,464.0,145.0,734.0
                Sam,2021,9,28,18,17.7,-54.7,hurricane,4.0,115,947,230,60,1,SAM,AL182021,2021-09-28 18:00:00,2021-09-28 18:00:00,283.0,64.0,111.0,45.0,484.0,146.0,715.0
                Sam,2021,9,29,0,18.1,-55.3,hurricane,4.0,115,947,210,60,1,SAM,AL182021,2021-09-29 00:00:00,2021-09-29 00:00:00,283.0,65.0,138.0,46.0,471.0,146.0,683.0
                Sam,2021,9,29,60,18.6,-55.9,hurricane,4.0,115,952,210,60,1,SAM,AL182021,2021-09-29 06:00:00,2021-09-29 06:00:00,283.0,64.0,104.0,46.0,467.0,143.0,626.0
                Sam,2021,9,29,12,19.1,-56.6,hurricane,4.0,115,952,210,60,1,SAM,AL182021,2021-09-29 12:00:00,2021-09-29 12:00:00,284.0,63.0,103.0,48.0,481.0,142.0,566.0
                Sam,2021,9,29,18,19.7,-57.3,hurricane,4.0,115,945,210,60,1,SAM,AL182021,2021-09-29 18:00:00,2021-09-29 18:00:00,285.0,62.0,134.0,47.0,483.0,140.0,521.0
                Sam,2021,9,30,0,20.3,-58.0,hurricane,4.0,125,940,220,85,1,SAM,AL182021,2021-09-30 00:00:00,2021-09-30 00:00:00,284.0,58.0,137.0,48.0,473.0,141.0,492.0
                Sam,2021,9,30,60,21.0,-58.8,hurricane,4.0,125,937,230,85,1,SAM,AL182021,2021-09-30 06:00:00,2021-09-30 06:00:00,284.0,59.0,122.0,53.0,468.0,142.0,483.0
                Sam,2021,9,30,12,22.0,-59.6,hurricane,4.0,125,937,230,85,1,SAM,AL182021,2021-09-30 12:00:00,2021-09-30 12:00:00,285.0,53.0,129.0,60.0,474.0,144.0,530.0
                Sam,2021,9,30,18,23.0,-60.4,hurricane,4.0,125,941,240,85,1,SAM,AL182021,2021-09-30 18:00:00,2021-09-30 18:00:00,285.0,50.0,144.0,57.0,483.0,144.0,588.0
                Sam,2021,10,1,0,24.3,-61.0,hurricane,4.0,125,938,250,90,1,SAM,AL182021,2021-10-01 00:00:00,2021-10-01 00:00:00,284.0,43.0,136.0,59.0,489.0,142.0,699.0
                Sam,2021,10,1,60,25.8,-61.6,hurricane,4.0,130,936,250,95,1,SAM,AL182021,2021-10-01 06:00:00,2021-10-01 06:00:00,284.0,37.0,192.0,55.0,474.0,134.0,832.0
                Sam,2021,10,1,12,27.4,-61.9,hurricane,4.0,130,936,310,85,1,SAM,AL182021,2021-10-01 12:00:00,2021-10-01 12:00:00,280.0,25.0,231.0,50.0,504.0,118.0,992.0
                Sam,2021,10,1,18,29.2,-61.9,hurricane,4.0,130,937,310,85,1,SAM,AL182021,2021-10-01 18:00:00,2021-10-01 18:00:00,275.0,22.0,235.0,47.0,509.0,108.0,1186.0
                Sam,2021,10,2,0,30.8,-61.5,hurricane,4.0,125,940,310,85,1,SAM,AL182021,2021-10-02 00:00:00,2021-10-02 00:00:00,272.0,13.0,200.0,45.0,490.0,93.0,1368.0
                Sam,2021,10,2,60,32.1,-61.0,hurricane,4.0,120,945,340,95,1,SAM,AL182021,2021-10-02 06:00:00,2021-10-02 06:00:00,265.0,8.0,191.0,43.0,476.0,94.0,1330.0
                Sam,2021,10,2,12,33.4,-60.1,hurricane,4.0,115,948,400,100,1,SAM,AL182021,2021-10-02 12:00:00,2021-10-02 12:00:00,262.0,0.0,173.0,43.0,458.0,93.0,1221.0
                Sam,2021,10,2,18,34.7,-59.1,hurricane,3.0,110,950,400,100,1,SAM,AL182021,2021-10-02 18:00:00,2021-10-02 18:00:00,259.0,0.0,110.0,48.0,425.0,95.0,1126.0
                Sam,2021,10,3,0,35.8,-57.9,hurricane,3.0,100,954,400,100,1,SAM,AL182021,2021-10-03 00:00:00,2021-10-03 00:00:00,255.0,0.0,98.0,48.0,418.0,99.0,1075.0
                Sam,2021,10,3,60,36.7,-56.6,hurricane,2.0,90,960,400,60,0,SAM,AL182021,2021-10-03 06:00:00,2021-10-03 06:00:00,253.0,0.0,106.0,48.0,421.0,96.0,1023.0
                Sam,2021,10,3,12,37.3,-55.4,hurricane,2.0,85,964,400,60,0,SAM,AL182021,2021-10-03 12:00:00,2021-10-03 12:00:00,251.0,0.0,93.0,47.0,416.0,94.0,1006.0
                Sam,2021,10,3,18,38.0,-53.9,hurricane,2.0,85,964,420,70,0,SAM,AL182021,2021-10-03 18:00:00,2021-10-03 18:00:00,250.0,0.0,148.0,49.0,425.0,84.0,958.0
                Sam,2021,10,4,0,38.7,-52.2,hurricane,2.0,90,957,420,100,0,SAM,AL182021,2021-10-04 00:00:00,2021-10-04 00:00:00,249.0,0.0,228.0,50.0,424.0,60.0,886.0
                Sam,2021,10,4,60,39.9,-49.9,hurricane,2.0,90,957,440,60,0,SAM,AL182021,2021-10-04 06:00:00,2021-10-04 06:00:00,241.0,0.0,246.0,51.0,424.0,53.0,792.0
                Sam,2021,10,4,12,41.4,-47.1,hurricane,2.0,85,960,440,60,0,SAM,AL182021,2021-10-04 12:00:00,2021-10-04 12:00:00,210.0,0.0,320.0,56.0,409.0,19.0,754.0
             Bonnie,2022,7,4,0,12.9,-94.9,hurricane,1.0,65,989,120,20,0,BONNIE,AL022022,2022-07-04 00:00:00,2022-07-04 00:00:00,294.0,29.0,135.0,70.0,618.0,151.0,329.0
             Bonnie,2022,7,4,60,13.4,-96.6,hurricane,1.0,70,987,120,20,0,BONNIE,AL022022,2022-07-04 06:00:00,2022-07-04 06:00:00,294.0,34.0,140.0,70.0,611.0,146.0,251.0
             Bonnie,2022,7,4,12,13.6,-98.2,hurricane,1.0,75,984,140,30,0,BONNIE,AL022022,2022-07-04 12:00:00,2022-07-04 12:00:00,294.0,36.0,114.0,71.0,605.0,143.0,268.0
             Bonnie,2022,7,4,18,13.8,-99.6,hurricane,2.0,85,978,140,30,0,BONNIE,AL022022,2022-07-04 18:00:00,2022-07-04 18:00:00,293.0,41.0,130.0,69.0,607.0,141.0,307.0
             Bonnie,2022,7,5,0,14.4,-100.9,hurricane,2.0,90,974,140,30,0,BONNIE,AL022022,2022-07-05 00:00:00,2022-07-05 00:00:00,294.0,43.0,147.0,70.0,612.0,139.0,287.0
             Bonnie,2022,7,5,60,14.9,-102.4,hurricane,2.0,95,968,150,30,0,BONNIE,AL022022,2022-07-05 06:00:00,2022-07-05 06:00:00,291.0,42.0,163.0,69.0,595.0,132.0,306.0
             Bonnie,2022,7,5,12,15.1,-103.8,hurricane,3.0,100,964,160,40,1,BONNIE,AL022022,2022-07-05 12:00:00,2022-07-05 12:00:00,290.0,44.0,174.0,66.0,585.0,132.0,353.0
             Bonnie,2022,7,5,18,15.4,-105.1,hurricane,2.0,95,967,160,40,0,BONNIE,AL022022,2022-07-05 18:00:00,2022-07-05 18:00:00,287.0,40.0,155.0,64.0,594.0,129.0,374.0
             Bonnie,2022,7,6,0,15.6,-106.4,hurricane,2.0,90,970,160,40,0,BONNIE,AL022022,2022-07-06 00:00:00,2022-07-06 00:00:00,285.0,32.0,111.0,66.0,584.0,126.0,438.0
             Bonnie,2022,7,6,60,15.8,-107.6,hurricane,2.0,85,974,150,40,0,BONNIE,AL022022,2022-07-06 06:00:00,2022-07-06 06:00:00,284.0,26.0,78.0,61.0,575.0,92.0,483.0
             Bonnie,2022,7,6,12,16.0,-108.5,hurricane,2.0,85,975,120,30,0,BONNIE,AL022022,2022-07-06 12:00:00,2022-07-06 12:00:00,280.0,25.0,58.0,60.0,579.0,88.0,529.0
             Bonnie,2022,7,6,18,16.3,-109.5,hurricane,2.0,85,975,130,30,0,BONNIE,AL022022,2022-07-06 18:00:00,2022-07-06 18:00:00,278.0,22.0,92.0,56.0,573.0,87.0,590.0
             Bonnie,2022,7,7,0,16.6,-110.6,hurricane,1.0,80,980,130,30,0,BONNIE,AL022022,2022-07-07 00:00:00,2022-07-07 00:00:00,276.0,22.0,98.0,58.0,561.0,94.0,665.0
             Bonnie,2022,7,7,60,16.9,-111.8,hurricane,1.0,80,980,100,30,0,BONNIE,AL022022,2022-07-07 06:00:00,2022-07-07 06:00:00,274.0,15.0,68.0,55.0,542.0,90.0,695.0
             Bonnie,2022,7,7,12,17.2,-113.1,hurricane,1.0,80,980,100,30,0,BONNIE,AL022022,2022-07-07 12:00:00,2022-07-07 12:00:00,268.0,13.0,38.0,56.0,538.0,81.0,712.0
             Bonnie,2022,7,7,18,17.5,-114.5,hurricane,2.0,85,976,110,30,0,BONNIE,AL022022,2022-07-07 18:00:00,2022-07-07 18:00:00,265.0,7.0,29.0,53.0,528.0,66.0,762.0
             Bonnie,2022,7,8,0,17.8,-116.1,hurricane,2.0,85,976,110,30,0,BONNIE,AL022022,2022-07-08 00:00:00,2022-07-08 00:00:00,262.0,1.0,47.0,51.0,504.0,55.0,850.0
             Bonnie,2022,7,8,60,18.0,-117.7,hurricane,1.0,75,982,110,25,0,BONNIE,AL022022,2022-07-08 06:00:00,2022-07-08 06:00:00,253.0,0.0,43.0,45.0,477.0,37.0,954.0
             Bonnie,2022,7,8,12,18.2,-119.3,hurricane,1.0,65,989,110,25,0,BONNIE,AL022022,2022-07-08 12:00:00,2022-07-08 12:00:00,250.0,0.0,39.0,42.0,453.0,26.0,1045.0
           Danielle,2022,9,2,12,37.8,-43.6,hurricane,1.0,65,986,140,15,0,DANIELLE,AL052022,2022-09-02 12:00:00,2022-09-02 12:00:00,254.0,0.0,63.0,44.0,422.0,127.0,1255.0
           Danielle,2022,9,2,18,37.9,-43.5,hurricane,1.0,65,985,160,15,0,DANIELLE,AL052022,2022-09-02 18:00:00,2022-09-02 18:00:00,254.0,0.0,43.0,45.0,410.0,130.0,1251.0
           Danielle,2022,9,3,0,38.0,-43.6,hurricane,1.0,65,986,180,15,0,DANIELLE,AL052022,2022-09-03 00:00:00,2022-09-03 00:00:00,250.0,0.0,19.0,45.0,407.0,130.0,1237.0
           Danielle,2022,9,4,0,37.9,-45.0,hurricane,1.0,65,986,200,25,0,DANIELLE,AL052022,2022-09-04 00:00:00,2022-09-04 00:00:00,255.0,0.0,102.0,50.0,411.0,134.0,1178.0
           Danielle,2022,9,4,60,37.9,-45.3,hurricane,1.0,70,982,200,30,0,DANIELLE,AL052022,2022-09-04 06:00:00,2022-09-04 06:00:00,256.0,0.0,122.0,48.0,413.0,130.0,1164.0
           Danielle,2022,9,4,12,38.1,-45.4,hurricane,1.0,70,979,200,50,0,DANIELLE,AL052022,2022-09-04 12:00:00,2022-09-04 12:00:00,252.0,0.0,149.0,50.0,420.0,127.0,1140.0
           Danielle,2022,9,4,18,38.4,-45.2,hurricane,1.0,75,976,200,55,0,DANIELLE,AL052022,2022-09-04 18:00:00,2022-09-04 18:00:00,252.0,0.0,124.0,54.0,410.0,124.0,1121.0
           Danielle,2022,9,5,0,38.7,-45.0,hurricane,1.0,75,975,200,55,0,DANIELLE,AL052022,2022-09-05 00:00:00,2022-09-05 00:00:00,250.0,0.0,147.0,52.0,415.0,122.0,1103.0
           Danielle,2022,9,5,60,39.2,-44.6,hurricane,1.0,75,975,200,55,0,DANIELLE,AL052022,2022-09-05 06:00:00,2022-09-05 06:00:00,247.0,0.0,190.0,54.0,422.0,119.0,1078.0
           Danielle,2022,9,5,12,39.9,-44.1,hurricane,1.0,75,975,210,60,0,DANIELLE,AL052022,2022-09-05 12:00:00,2022-09-05 12:00:00,247.0,0.0,222.0,52.0,424.0,115.0,1044.0
           Danielle,2022,9,5,18,40.6,-43.6,hurricane,1.0,75,976,220,60,0,DANIELLE,AL052022,2022-09-05 18:00:00,2022-09-05 18:00:00,242.0,0.0,226.0,54.0,435.0,114.0,1017.0
           Danielle,2022,9,6,0,41.3,-43.1,hurricane,1.0,70,980,230,65,0,DANIELLE,AL052022,2022-09-06 00:00:00,2022-09-06 00:00:00,238.0,0.0,242.0,50.0,438.0,104.0,995.0
           Danielle,2022,9,6,60,41.8,-42.5,hurricane,1.0,65,982,240,45,0,DANIELLE,AL052022,2022-09-06 06:00:00,2022-09-06 06:00:00,235.0,0.0,239.0,46.0,434.0,96.0,998.0
           Danielle,2022,9,6,12,42.1,-41.8,hurricane,1.0,65,982,260,50,0,DANIELLE,AL052022,2022-09-06 12:00:00,2022-09-06 12:00:00,228.0,0.0,254.0,42.0,432.0,91.0,1026.0
           Danielle,2022,9,6,18,42.3,-41.0,hurricane,1.0,65,980,280,55,0,DANIELLE,AL052022,2022-09-06 18:00:00,2022-09-06 18:00:00,224.0,0.0,234.0,45.0,429.0,89.0,1069.0
           Danielle,2022,9,7,0,42.5,-39.9,hurricane,1.0,65,978,290,60,0,DANIELLE,AL052022,2022-09-07 00:00:00,2022-09-07 00:00:00,222.0,0.0,258.0,44.0,425.0,82.0,1136.0
           Danielle,2022,9,7,60,42.9,-38.6,hurricane,1.0,70,974,310,75,0,DANIELLE,AL052022,2022-09-07 06:00:00,2022-09-07 06:00:00,221.0,0.0,291.0,44.0,422.0,71.0,1210.0
           Danielle,2022,9,7,12,43.5,-37.2,hurricane,1.0,70,972,330,90,0,DANIELLE,AL052022,2022-09-07 12:00:00,2022-09-07 12:00:00,212.0,0.0,325.0,46.0,414.0,59.0,1281.0
           Danielle,2022,9,7,18,44.4,-35.6,hurricane,1.0,70,972,330,105,0,DANIELLE,AL052022,2022-09-07 18:00:00,2022-09-07 18:00:00,201.0,0.0,284.0,51.0,404.0,48.0,1361.0
               Earl,2022,9,6,18,23.9,-65.7,hurricane,1.0,65,994,160,30,0,EARL,AL062022,2022-09-06 18:00:00,2022-09-06 18:00:00,289.0,50.0,226.0,55.0,536.0,149.0,588.0
               Earl,2022,9,7,0,24.5,-65.8,hurricane,1.0,70,985,180,35,0,EARL,AL062022,2022-09-07 00:00:00,2022-09-07 00:00:00,289.0,47.0,223.0,54.0,523.0,150.0,655.0
               Earl,2022,9,7,60,25.0,-65.9,hurricane,1.0,75,982,190,60,0,EARL,AL062022,2022-09-07 06:00:00,2022-09-07 06:00:00,289.0,43.0,163.0,56.0,530.0,150.0,711.0
               Earl,2022,9,7,12,25.4,-65.8,hurricane,1.0,75,978,210,60,0,EARL,AL062022,2022-09-07 12:00:00,2022-09-07 12:00:00,289.0,41.0,155.0,53.0,542.0,148.0,753.0
               Earl,2022,9,7,18,26.1,-65.6,hurricane,1.0,80,974,220,65,0,EARL,AL062022,2022-09-07 18:00:00,2022-09-07 18:00:00,288.0,38.0,157.0,54.0,551.0,151.0,826.0
               Earl,2022,9,8,0,26.8,-65.5,hurricane,2.0,90,970,220,65,0,EARL,AL062022,2022-09-08 00:00:00,2022-09-08 00:00:00,288.0,31.0,94.0,58.0,533.0,152.0,901.0
               Earl,2022,9,8,60,27.7,-65.5,hurricane,2.0,90,969,240,75,0,EARL,AL062022,2022-09-08 06:00:00,2022-09-08 06:00:00,286.0,28.0,49.0,59.0,540.0,150.0,1000.0
               Earl,2022,9,8,12,28.7,-65.3,hurricane,2.0,85,962,240,80,0,EARL,AL062022,2022-09-08 12:00:00,2022-09-08 12:00:00,285.0,24.0,73.0,57.0,556.0,146.0,1109.0
               Earl,2022,9,8,18,29.7,-64.8,hurricane,1.0,80,962,260,90,0,EARL,AL062022,2022-09-08 18:00:00,2022-09-08 18:00:00,283.0,24.0,94.0,62.0,551.0,143.0,1217.0
               Earl,2022,9,9,0,30.6,-64.3,hurricane,1.0,80,964,260,90,0,EARL,AL062022,2022-09-09 00:00:00,2022-09-09 00:00:00,280.0,22.0,135.0,65.0,544.0,141.0,1203.0
               Earl,2022,9,9,60,31.9,-63.2,hurricane,1.0,80,963,320,105,0,EARL,AL062022,2022-09-09 06:00:00,2022-09-09 06:00:00,278.0,17.0,148.0,62.0,550.0,137.0,1230.0
               Earl,2022,9,9,12,33.4,-61.9,hurricane,2.0,85,961,340,105,0,EARL,AL062022,2022-09-09 12:00:00,2022-09-09 12:00:00,271.0,14.0,212.0,59.0,561.0,114.0,1163.0
               Earl,2022,9,9,18,34.9,-59.8,hurricane,2.0,90,954,400,105,0,EARL,AL062022,2022-09-09 18:00:00,2022-09-09 18:00:00,269.0,5.0,313.0,63.0,568.0,101.0,1078.0
               Earl,2022,9,10,0,37.1,-56.8,hurricane,2.0,95,948,460,110,0,EARL,AL062022,2022-09-10 00:00:00,2022-09-10 00:00:00,262.0,0.0,376.0,62.0,561.0,83.0,975.0
              Fiona,2022,9,18,12,17.2,-66.2,hurricane,1.0,65,990,200,25,0,FIONA,AL072022,2022-09-18 12:00:00,2022-09-18 12:00:00,290.0,81.0,187.0,54.0,575.0,157.0,82.0
              Fiona,2022,9,18,18,17.8,-66.9,hurricane,1.0,75,986,200,25,0,FIONA,AL072022,2022-09-18 18:00:00,2022-09-18 18:00:00,290.0,79.0,193.0,57.0,585.0,159.0,19.0
              Fiona,2022,9,19,0,18.1,-67.8,hurricane,1.0,75,984,210,40,0,FIONA,AL072022,2022-09-19 00:00:00,2022-09-19 00:00:00,290.0,78.0,187.0,59.0,582.0,158.0,64.0
              Fiona,2022,9,19,60,18.2,-68.4,hurricane,1.0,80,977,220,40,0,FIONA,AL072022,2022-09-19 06:00:00,2022-09-19 06:00:00,290.0,78.0,168.0,59.0,578.0,156.0,18.0
              Fiona,2022,9,19,18,19.5,-69.5,hurricane,2.0,85,972,220,45,0,FIONA,AL072022,2022-09-19 18:00:00,2022-09-19 18:00:00,290.0,78.0,198.0,59.0,591.0,159.0,19.0
              Fiona,2022,9,20,0,20.2,-70.1,hurricane,2.0,95,974,230,45,0,FIONA,AL072022,2022-09-20 00:00:00,2022-09-20 00:00:00,290.0,79.0,226.0,57.0,588.0,160.0,58.0
              Fiona,2022,9,20,60,20.8,-70.7,hurricane,3.0,100,967,230,50,1,FIONA,AL072022,2022-09-20 06:00:00,2022-09-20 06:00:00,290.0,72.0,181.0,58.0,575.0,158.0,101.0
              Fiona,2022,9,20,12,21.5,-71.2,hurricane,3.0,100,961,250,50,1,FIONA,AL072022,2022-09-20 12:00:00,2022-09-20 12:00:00,290.0,69.0,145.0,60.0,566.0,159.0,176.0
              Fiona,2022,9,20,18,22.3,-71.7,hurricane,3.0,100,959,250,50,1,FIONA,AL072022,2022-09-20 18:00:00,2022-09-20 18:00:00,290.0,66.0,212.0,59.0,577.0,161.0,173.0
              Fiona,2022,9,21,0,22.9,-71.8,hurricane,3.0,110,951,250,60,1,FIONA,AL072022,2022-09-21 00:00:00,2022-09-21 00:00:00,290.0,67.0,217.0,60.0,579.0,161.0,215.0
              Fiona,2022,9,21,60,23.5,-71.8,hurricane,4.0,120,939,250,60,1,FIONA,AL072022,2022-09-21 06:00:00,2022-09-21 06:00:00,289.0,64.0,179.0,62.0,575.0,160.0,272.0
              Fiona,2022,9,21,12,24.2,-71.7,hurricane,4.0,115,937,290,70,1,FIONA,AL072022,2022-09-21 12:00:00,2022-09-21 12:00:00,289.0,56.0,213.0,63.0,582.0,159.0,347.0
              Fiona,2022,9,21,18,25.1,-71.6,hurricane,4.0,115,937,290,70,1,FIONA,AL072022,2022-09-21 18:00:00,2022-09-21 18:00:00,288.0,47.0,229.0,59.0,585.0,158.0,444.0
              Fiona,2022,9,22,0,26.0,-71.4,hurricane,4.0,115,934,310,105,1,FIONA,AL072022,2022-09-22 00:00:00,2022-09-22 00:00:00,287.0,41.0,218.0,57.0,575.0,158.0,545.0
              Fiona,2022,9,22,60,26.9,-71.1,hurricane,4.0,115,934,330,105,1,FIONA,AL072022,2022-09-22 06:00:00,2022-09-22 06:00:00,287.0,35.0,144.0,55.0,565.0,151.0,650.0
              Fiona,2022,9,22,12,28.0,-70.6,hurricane,4.0,115,936,330,105,1,FIONA,AL072022,2022-09-22 12:00:00,2022-09-22 12:00:00,282.0,33.0,114.0,53.0,564.0,139.0,781.0
              Fiona,2022,9,22,18,29.5,-70.0,hurricane,4.0,115,936,390,110,1,FIONA,AL072022,2022-09-22 18:00:00,2022-09-22 18:00:00,279.0,27.0,165.0,58.0,565.0,128.0,846.0
              Fiona,2022,9,23,0,30.9,-69.0,hurricane,4.0,115,931,400,150,1,FIONA,AL072022,2022-09-23 00:00:00,2022-09-23 00:00:00,276.0,19.0,239.0,59.0,554.0,113.0,817.0
              Fiona,2022,9,23,60,32.5,-67.5,hurricane,4.0,115,936,460,150,1,FIONA,AL072022,2022-09-23 06:00:00,2022-09-23 06:00:00,269.0,12.0,286.0,58.0,535.0,112.0,835.0
                Ian,2022,9,26,60,17.7,-81.7,hurricane,1.0,65,985,140,15,0,IAN,AL092022,2022-09-26 06:00:00,2022-09-26 06:00:00,292.0,88.0,45.0,72.0,584.0,158.0,326.0
                Ian,2022,9,26,12,18.7,-82.4,hurricane,1.0,70,981,170,20,0,IAN,AL092022,2022-09-26 12:00:00,2022-09-26 12:00:00,293.0,92.0,80.0,70.0,599.0,165.0,311.0
                Ian,2022,9,26,18,19.7,-83.0,hurricane,1.0,80,976,180,45,0,IAN,AL092022,2022-09-26 18:00:00,2022-09-26 18:00:00,295.0,111.0,137.0,69.0,607.0,166.0,196.0
                Ian,2022,9,27,0,20.8,-83.3,hurricane,2.0,85,965,180,45,0,IAN,AL092022,2022-09-27 00:00:00,2022-09-27 00:00:00,296.0,123.0,170.0,67.0,599.0,168.0,79.0
                Ian,2022,9,27,60,21.8,-83.6,hurricane,3.0,100,956,190,50,1,IAN,AL092022,2022-09-27 06:00:00,2022-09-27 06:00:00,296.0,119.0,175.0,63.0,597.0,168.0,43.0
                Ian,2022,9,27,18,23.5,-83.3,hurricane,3.0,105,951,240,55,1,IAN,AL092022,2022-09-27 18:00:00,2022-09-27 18:00:00,293.0,121.0,270.0,54.0,597.0,149.0,56.0
                Ian,2022,9,28,0,24.4,-83.0,hurricane,3.0,105,947,240,55,1,IAN,AL092022,2022-09-28 00:00:00,2022-09-28 00:00:00,290.0,70.0,278.0,49.0,585.0,144.0,152.0
                Ian,2022,9,28,60,25.2,-82.9,hurricane,4.0,120,945,280,70,1,IAN,AL092022,2022-09-28 06:00:00,2022-09-28 06:00:00,290.0,50.0,294.0,44.0,568.0,145.0,149.0
                Ian,2022,9,28,12,26.0,-82.7,hurricane,5.0,140,937,290,80,1,IAN,AL092022,2022-09-28 12:00:00,2022-09-28 12:00:00,288.0,39.0,342.0,41.0,526.0,139.0,91.0
                Ian,2022,9,28,18,26.6,-82.4,hurricane,4.0,135,938,300,85,1,IAN,AL092022,2022-09-28 18:00:00,2022-09-28 18:00:00,288.0,36.0,356.0,40.0,511.0,137.0,30.0
                Ian,2022,9,29,18,28.9,-80.1,hurricane,1.0,65,986,510,40,0,IAN,AL092022,2022-09-29 18:00:00,2022-09-29 18:00:00,283.0,48.0,410.0,39.0,473.0,130.0,65.0
                Ian,2022,9,30,0,29.6,-79.4,hurricane,1.0,70,986,540,60,0,IAN,AL092022,2022-09-30 00:00:00,2022-09-30 00:00:00,280.0,61.0,385.0,41.0,461.0,124.0,158.0
                Ian,2022,9,30,60,30.3,-79.1,hurricane,1.0,75,984,520,60,0,IAN,AL092022,2022-09-30 06:00:00,2022-09-30 06:00:00,277.0,55.0,430.0,41.0,459.0,115.0,216.0
              Julia,2022,10,9,0,12.5,-82.0,hurricane,1.0,65,989,160,30,0,JULIA,AL132022,2022-10-09 00:00:00,2022-10-09 00:00:00,291.0,49.0,141.0,84.0,627.0,168.0,161.0
              Julia,2022,10,9,60,12.4,-83.3,hurricane,1.0,75,982,170,30,0,JULIA,AL132022,2022-10-09 06:00:00,2022-10-09 06:00:00,291.0,51.0,179.0,84.0,638.0,164.0,21.0
               Lisa,2022,11,2,12,17.1,-86.7,hurricane,1.0,70,990,120,10,0,LISA,AL152022,2022-11-02 12:00:00,2022-11-02 12:00:00,287.0,60.0,218.0,67.0,587.0,161.0,140.0
               Lisa,2022,11,2,18,17.3,-87.7,hurricane,1.0,75,988,100,15,0,LISA,AL152022,2022-11-02 18:00:00,2022-11-02 18:00:00,287.0,62.0,232.0,68.0,601.0,157.0,54.0
             Martin,2022,11,2,12,35.1,-50.9,hurricane,1.0,65,983,200,30,0,MARTIN,AL162022,2022-11-02 12:00:00,2022-11-02 12:00:00,234.0,0.0,379.0,60.0,406.0,117.0,1296.0
             Martin,2022,11,2,18,36.1,-48.9,hurricane,1.0,75,974,220,60,0,MARTIN,AL162022,2022-11-02 18:00:00,2022-11-02 18:00:00,230.0,0.0,390.0,56.0,406.0,96.0,1223.0
             Nicole,2022,11,10,0,26.7,-78.4,hurricane,1.0,65,980,480,20,0,NICOLE,AL172022,2022-11-10 00:00:00,2022-11-10 00:00:00,268.0,0.0,266.0,55.0,530.0,92.0,164.0
             Nicole,2022,11,10,60,27.3,-79.8,hurricane,1.0,65,980,570,20,0,NICOLE,AL172022,2022-11-10 06:00:00,2022-11-10 06:00:00,264.0,13.0,252.0,60.0,524.0,76.0,42.0
                Don,2023,7,22,18,39.5,-50.1,hurricane,1.0,65,986,90,15,0,DON,AL052023,2023-07-22 18:00:00,2023-07-22 18:00:00,242.0,0.0,87.0,40.0,440.0,31.0,830.0
                Don,2023,7,23,0,40.7,-49.9,hurricane,1.0,65,986,120,15,0,DON,AL052023,2023-07-23 00:00:00,2023-07-23 00:00:00,231.0,0.0,96.0,40.0,441.0,0.0,708.0
           Franklin,2023,8,26,12,23.2,-66.5,hurricane,1.0,65,989,170,15,0,FRANKLIN,AL082023,2023-08-26 12:00:00,2023-08-26 12:00:00,288.0,62.0,68.0,61.0,550.0,153.0,511.0
           Franklin,2023,8,26,18,23.5,-67.3,hurricane,1.0,70,982,170,20,0,FRANKLIN,AL082023,2023-08-26 18:00:00,2023-08-26 18:00:00,289.0,63.0,66.0,58.0,560.0,152.0,501.0
           Franklin,2023,8,27,0,23.9,-67.9,hurricane,1.0,75,977,180,20,0,FRANKLIN,AL082023,2023-08-27 00:00:00,2023-08-27 00:00:00,289.0,59.0,61.0,59.0,538.0,152.0,517.0
           Franklin,2023,8,27,60,24.4,-68.5,hurricane,1.0,75,973,180,20,0,FRANKLIN,AL082023,2023-08-27 06:00:00,2023-08-27 06:00:00,289.0,53.0,31.0,58.0,533.0,151.0,547.0
           Franklin,2023,8,27,12,24.9,-69.1,hurricane,1.0,80,970,180,20,0,FRANKLIN,AL082023,2023-08-27 12:00:00,2023-08-27 12:00:00,290.0,48.0,22.0,55.0,551.0,149.0,564.0
           Franklin,2023,8,27,18,25.5,-69.7,hurricane,1.0,80,967,190,30,0,FRANKLIN,AL082023,2023-08-27 18:00:00,2023-08-27 18:00:00,290.0,43.0,76.0,56.0,548.0,148.0,574.0
           Franklin,2023,8,28,0,26.0,-70.3,hurricane,2.0,85,964,200,40,0,FRANKLIN,AL082023,2023-08-28 00:00:00,2023-08-28 00:00:00,290.0,38.0,69.0,58.0,546.0,147.0,589.0
           Franklin,2023,8,28,60,26.7,-70.6,hurricane,3.0,100,951,230,40,1,FRANKLIN,AL082023,2023-08-28 06:00:00,2023-08-28 06:00:00,290.0,36.0,30.0,57.0,554.0,142.0,646.0
           Franklin,2023,8,28,12,27.5,-70.9,hurricane,4.0,125,937,240,50,1,FRANKLIN,AL082023,2023-08-28 12:00:00,2023-08-28 12:00:00,288.0,36.0,89.0,57.0,559.0,137.0,719.0
           Franklin,2023,8,28,18,28.2,-71.1,hurricane,4.0,125,931,240,50,1,FRANKLIN,AL082023,2023-08-28 18:00:00,2023-08-28 18:00:00,287.0,36.0,113.0,58.0,566.0,132.0,764.0
           Franklin,2023,8,29,0,28.9,-71.1,hurricane,4.0,130,926,210,50,1,FRANKLIN,AL082023,2023-08-29 00:00:00,2023-08-29 00:00:00,287.0,34.0,81.0,58.0,573.0,128.0,800.0
           Franklin,2023,8,29,60,29.7,-71.0,hurricane,4.0,120,935,210,50,1,FRANKLIN,AL082023,2023-08-29 06:00:00,2023-08-29 06:00:00,284.0,31.0,103.0,57.0,580.0,120.0,764.0
           Franklin,2023,8,29,12,30.3,-70.7,hurricane,4.0,115,941,210,50,1,FRANKLIN,AL082023,2023-08-29 12:00:00,2023-08-29 12:00:00,281.0,25.0,151.0,56.0,583.0,114.0,735.0
           Franklin,2023,8,29,18,31.1,-70.2,hurricane,3.0,110,947,210,50,1,FRANKLIN,AL082023,2023-08-29 18:00:00,2023-08-29 18:00:00,277.0,24.0,206.0,57.0,579.0,106.0,713.0
           Franklin,2023,8,30,0,31.8,-69.5,hurricane,3.0,100,953,210,50,1,FRANKLIN,AL082023,2023-08-30 00:00:00,2023-08-30 00:00:00,278.0,20.0,210.0,58.0,578.0,104.0,717.0
           Franklin,2023,8,30,60,32.6,-68.7,hurricane,2.0,95,956,250,60,0,FRANKLIN,AL082023,2023-08-30 06:00:00,2023-08-30 06:00:00,274.0,18.0,234.0,60.0,577.0,96.0,730.0
           Franklin,2023,8,30,12,33.2,-67.8,hurricane,2.0,95,958,250,60,0,FRANKLIN,AL082023,2023-08-30 12:00:00,2023-08-30 12:00:00,272.0,16.0,294.0,62.0,567.0,99.0,776.0
           Franklin,2023,8,30,18,33.9,-66.7,hurricane,2.0,90,960,250,60,0,FRANKLIN,AL082023,2023-08-30 18:00:00,2023-08-30 18:00:00,272.0,15.0,297.0,62.0,564.0,85.0,847.0
           Franklin,2023,8,31,0,34.4,-65.2,hurricane,2.0,90,961,250,60,0,FRANKLIN,AL082023,2023-08-31 00:00:00,2023-08-31 00:00:00,270.0,13.0,261.0,61.0,556.0,89.0,911.0
           Franklin,2023,8,31,60,34.7,-63.9,hurricane,2.0,85,963,250,75,0,FRANKLIN,AL082023,2023-08-31 06:00:00,2023-08-31 06:00:00,270.0,13.0,219.0,60.0,558.0,90.0,939.0
           Franklin,2023,8,31,12,35.1,-62.6,hurricane,2.0,85,964,260,80,0,FRANKLIN,AL082023,2023-08-31 12:00:00,2023-08-31 12:00:00,268.0,11.0,178.0,58.0,561.0,81.0,971.0
           Franklin,2023,8,31,18,35.6,-61.1,hurricane,1.0,80,969,260,80,0,FRANKLIN,AL082023,2023-08-31 18:00:00,2023-08-31 18:00:00,268.0,7.0,201.0,57.0,572.0,84.0,960.0
           Franklin,2023,9,1,0,36.4,-59.7,hurricane,1.0,75,975,260,80,0,FRANKLIN,AL082023,2023-09-01 00:00:00,2023-09-01 00:00:00,266.0,5.0,310.0,56.0,576.0,84.0,934.0
             Idalia,2023,8,29,60,22.6,-85.0,hurricane,1.0,65,981,190,15,0,IDALIA,AL102023,2023-08-29 06:00:00,2023-08-29 06:00:00,297.0,124.0,57.0,71.0,607.0,154.0,71.0
             Idalia,2023,8,29,12,23.8,-84.8,hurricane,1.0,70,978,200,25,0,IDALIA,AL102023,2023-08-29 12:00:00,2023-08-29 12:00:00,298.0,126.0,86.0,72.0,628.0,159.0,149.0
             Idalia,2023,8,29,18,25.3,-84.8,hurricane,1.0,80,973,200,30,0,IDALIA,AL102023,2023-08-29 18:00:00,2023-08-29 18:00:00,297.0,75.0,167.0,68.0,645.0,167.0,296.0
             Idalia,2023,8,30,0,26.9,-84.7,hurricane,2.0,90,965,200,30,0,IDALIA,AL102023,2023-08-30 00:00:00,2023-08-30 00:00:00,296.0,43.0,226.0,66.0,650.0,179.0,212.0
             Idalia,2023,8,30,60,28.3,-84.5,hurricane,3.0,105,945,210,35,1,IDALIA,AL102023,2023-08-30 06:00:00,2023-08-30 06:00:00,294.0,34.0,273.0,63.0,638.0,151.0,164.0
                Lee,2023,9,6,18,14.6,-46.1,hurricane,1.0,65,991,140,15,0,LEE,AL132023,2023-09-06 18:00:00,2023-09-06 18:00:00,277.0,36.0,36.0,59.0,548.0,160.0,1262.0
                Lee,2023,9,7,0,15.1,-47.1,hurricane,1.0,70,989,140,15,0,LEE,AL132023,2023-09-07 00:00:00,2023-09-07 00:00:00,277.0,38.0,37.0,57.0,550.0,158.0,1248.0
                Lee,2023,9,7,60,15.6,-48.2,hurricane,1.0,75,986,150,15,0,LEE,AL132023,2023-09-07 06:00:00,2023-09-07 06:00:00,278.0,42.0,33.0,58.0,549.0,158.0,1238.0
                Lee,2023,9,7,12,16.1,-49.4,hurricane,2.0,85,980,190,40,0,LEE,AL132023,2023-09-07 12:00:00,2023-09-07 12:00:00,278.0,48.0,70.0,58.0,549.0,158.0,1126.0
                Lee,2023,9,7,18,16.6,-50.7,hurricane,3.0,105,961,190,50,1,LEE,AL132023,2023-09-07 18:00:00,2023-09-07 18:00:00,279.0,51.0,127.0,57.0,564.0,159.0,1012.0
                Lee,2023,9,8,0,17.0,-51.8,hurricane,4.0,135,933,190,60,1,LEE,AL132023,2023-09-08 00:00:00,2023-09-08 00:00:00,279.0,55.0,130.0,55.0,577.0,160.0,923.0
                Lee,2023,9,8,60,17.5,-53.0,hurricane,5.0,145,926,190,70,1,LEE,AL132023,2023-09-08 06:00:00,2023-09-08 06:00:00,280.0,57.0,133.0,55.0,577.0,157.0,841.0
                Lee,2023,9,8,12,17.9,-54.1,hurricane,4.0,135,940,190,60,1,LEE,AL132023,2023-09-08 12:00:00,2023-09-08 12:00:00,282.0,58.0,156.0,58.0,589.0,155.0,777.0
                Lee,2023,9,8,18,18.5,-55.1,hurricane,4.0,125,941,210,60,1,LEE,AL132023,2023-09-08 18:00:00,2023-09-08 18:00:00,283.0,59.0,174.0,57.0,582.0,155.0,708.0
                Lee,2023,9,9,0,19.0,-56.0,hurricane,3.0,105,958,220,50,1,LEE,AL132023,2023-09-09 00:00:00,2023-09-09 00:00:00,283.0,60.0,144.0,55.0,568.0,153.0,624.0
                Lee,2023,9,9,60,19.5,-57.0,hurricane,3.0,100,963,220,50,1,LEE,AL132023,2023-09-09 06:00:00,2023-09-09 06:00:00,284.0,60.0,144.0,55.0,546.0,150.0,541.0
                Lee,2023,9,9,12,20.0,-57.9,hurricane,3.0,100,954,220,50,1,LEE,AL132023,2023-09-09 12:00:00,2023-09-09 12:00:00,284.0,60.0,130.0,55.0,540.0,147.0,482.0
                Lee,2023,9,9,18,20.4,-58.8,hurricane,2.0,95,958,260,55,0,LEE,AL132023,2023-09-09 18:00:00,2023-09-09 18:00:00,285.0,61.0,159.0,53.0,550.0,149.0,435.0
                Lee,2023,9,10,0,20.8,-59.5,hurricane,2.0,85,960,260,55,0,LEE,AL132023,2023-09-10 00:00:00,2023-09-10 00:00:00,286.0,61.0,149.0,53.0,572.0,153.0,421.0
                Lee,2023,9,10,60,21.2,-60.2,hurricane,2.0,90,960,240,65,0,LEE,AL132023,2023-09-10 06:00:00,2023-09-10 06:00:00,286.0,63.0,138.0,53.0,574.0,149.0,423.0
                Lee,2023,9,10,12,21.5,-60.8,hurricane,2.0,95,956,240,65,0,LEE,AL132023,2023-09-10 12:00:00,2023-09-10 12:00:00,286.0,62.0,127.0,52.0,588.0,149.0,424.0
                Lee,2023,9,10,18,21.9,-61.4,hurricane,3.0,105,954,280,80,1,LEE,AL132023,2023-09-10 18:00:00,2023-09-10 18:00:00,287.0,60.0,127.0,53.0,588.0,147.0,434.0
                Lee,2023,9,11,0,22.3,-61.9,hurricane,3.0,105,950,280,105,1,LEE,AL132023,2023-09-11 00:00:00,2023-09-11 00:00:00,287.0,58.0,157.0,53.0,583.0,145.0,460.0
                Lee,2023,9,11,60,22.8,-62.5,hurricane,3.0,105,950,300,105,1,LEE,AL132023,2023-09-11 06:00:00,2023-09-11 06:00:00,287.0,58.0,136.0,52.0,589.0,140.0,488.0
                Lee,2023,9,11,12,23.2,-63.2,hurricane,3.0,105,948,300,105,1,LEE,AL132023,2023-09-11 12:00:00,2023-09-11 12:00:00,288.0,59.0,117.0,53.0,595.0,141.0,508.0
                Lee,2023,9,11,18,23.5,-63.9,hurricane,3.0,100,948,300,110,1,LEE,AL132023,2023-09-11 18:00:00,2023-09-11 18:00:00,288.0,56.0,151.0,52.0,596.0,139.0,529.0
                Lee,2023,9,12,0,23.7,-64.5,hurricane,3.0,100,948,300,120,1,LEE,AL132023,2023-09-12 00:00:00,2023-09-12 00:00:00,288.0,56.0,182.0,52.0,588.0,139.0,549.0
                Lee,2023,9,12,60,23.9,-65.1,hurricane,3.0,100,948,300,120,1,LEE,AL132023,2023-09-12 06:00:00,2023-09-12 06:00:00,289.0,51.0,167.0,55.0,589.0,135.0,576.0
                Lee,2023,9,12,12,24.1,-65.7,hurricane,3.0,100,948,330,130,1,LEE,AL132023,2023-09-12 12:00:00,2023-09-12 12:00:00,289.0,51.0,154.0,56.0,599.0,133.0,609.0
                Lee,2023,9,12,18,24.5,-66.2,hurricane,3.0,100,946,370,160,1,LEE,AL132023,2023-09-12 18:00:00,2023-09-12 18:00:00,289.0,48.0,183.0,58.0,601.0,133.0,650.0
                Lee,2023,9,13,0,24.9,-66.6,hurricane,3.0,100,946,370,170,1,LEE,AL132023,2023-09-13 00:00:00,2023-09-13 00:00:00,289.0,45.0,172.0,61.0,604.0,134.0,672.0
                Lee,2023,9,13,60,25.3,-66.9,hurricane,3.0,100,948,380,170,1,LEE,AL132023,2023-09-13 06:00:00,2023-09-13 06:00:00,289.0,46.0,143.0,62.0,615.0,126.0,702.0
                Lee,2023,9,13,12,26.0,-67.2,hurricane,2.0,95,950,380,160,0,LEE,AL132023,2023-09-13 12:00:00,2023-09-13 12:00:00,288.0,45.0,141.0,62.0,621.0,126.0,759.0
                Lee,2023,9,13,18,26.8,-67.6,hurricane,2.0,90,951,410,180,0,LEE,AL132023,2023-09-13 18:00:00,2023-09-13 18:00:00,288.0,42.0,176.0,61.0,599.0,115.0,820.0
                Lee,2023,9,14,0,27.6,-67.8,hurricane,2.0,90,951,410,170,0,LEE,AL132023,2023-09-14 00:00:00,2023-09-14 00:00:00,287.0,39.0,194.0,61.0,597.0,114.0,874.0
                Lee,2023,9,14,60,28.5,-68.0,hurricane,2.0,85,953,440,160,0,LEE,AL132023,2023-09-14 06:00:00,2023-09-14 06:00:00,285.0,33.0,242.0,61.0,611.0,85.0,944.0
                Lee,2023,9,14,12,29.8,-68.2,hurricane,1.0,80,955,440,150,0,LEE,AL132023,2023-09-14 12:00:00,2023-09-14 12:00:00,282.0,28.0,231.0,60.0,625.0,78.0,954.0
                Lee,2023,9,14,18,31.1,-68.3,hurricane,1.0,75,955,480,160,0,LEE,AL132023,2023-09-14 18:00:00,2023-09-14 18:00:00,276.0,23.0,293.0,54.0,610.0,87.0,854.0
                Lee,2023,9,15,0,32.1,-67.8,hurricane,1.0,75,955,480,160,0,LEE,AL132023,2023-09-15 00:00:00,2023-09-15 00:00:00,273.0,19.0,358.0,51.0,580.0,82.0,831.0
                Lee,2023,9,15,60,33.6,-67.6,hurricane,1.0,75,957,500,160,0,LEE,AL132023,2023-09-15 06:00:00,2023-09-15 06:00:00,270.0,14.0,428.0,45.0,572.0,94.0,778.0
                Lee,2023,9,15,12,35.1,-67.1,hurricane,1.0,75,962,500,160,0,LEE,AL132023,2023-09-15 12:00:00,2023-09-15 12:00:00,266.0,15.0,401.0,44.0,560.0,63.0,773.0
             Margot,2023,9,11,18,26.4,-39.9,hurricane,1.0,65,986,250,30,0,MARGOT,AL142023,2023-09-11 18:00:00,2023-09-11 18:00:00,269.0,7.0,290.0,57.0,504.0,137.0,2392.0
             Margot,2023,9,12,0,27.5,-39.6,hurricane,1.0,70,981,280,30,0,MARGOT,AL142023,2023-09-12 00:00:00,2023-09-12 00:00:00,271.0,7.0,276.0,56.0,494.0,134.0,2379.0
             Margot,2023,9,12,60,28.6,-39.4,hurricane,1.0,75,977,310,40,0,MARGOT,AL142023,2023-09-12 06:00:00,2023-09-12 06:00:00,271.0,8.0,215.0,52.0,496.0,135.0,2339.0
             Margot,2023,9,12,12,29.8,-39.3,hurricane,1.0,75,974,350,60,0,MARGOT,AL142023,2023-09-12 12:00:00,2023-09-12 12:00:00,270.0,8.0,144.0,52.0,494.0,136.0,2225.0
             Margot,2023,9,12,18,31.0,-39.4,hurricane,1.0,75,972,350,80,0,MARGOT,AL142023,2023-09-12 18:00:00,2023-09-12 18:00:00,267.0,7.0,75.0,52.0,487.0,140.0,2104.0
             Margot,2023,9,13,0,32.1,-39.6,hurricane,1.0,75,970,380,90,0,MARGOT,AL142023,2023-09-13 00:00:00,2023-09-13 00:00:00,265.0,5.0,71.0,49.0,501.0,132.0,1989.0
             Margot,2023,9,13,60,33.0,-39.9,hurricane,1.0,80,969,380,90,0,MARGOT,AL142023,2023-09-13 06:00:00,2023-09-13 06:00:00,263.0,3.0,108.0,47.0,502.0,123.0,1888.0
             Margot,2023,9,13,12,33.7,-40.3,hurricane,1.0,80,969,380,100,0,MARGOT,AL142023,2023-09-13 12:00:00,2023-09-13 12:00:00,264.0,3.0,140.0,49.0,498.0,113.0,1802.0
             Margot,2023,9,13,18,34.4,-40.6,hurricane,1.0,75,970,380,110,0,MARGOT,AL142023,2023-09-13 18:00:00,2023-09-13 18:00:00,261.0,1.0,159.0,54.0,499.0,116.0,1722.0
             Margot,2023,9,14,0,35.1,-40.7,hurricane,1.0,75,972,370,110,0,MARGOT,AL142023,2023-09-14 00:00:00,2023-09-14 00:00:00,258.0,0.0,195.0,53.0,495.0,108.0,1652.0
             Margot,2023,9,14,60,35.8,-40.5,hurricane,1.0,70,974,370,120,0,MARGOT,AL142023,2023-09-14 06:00:00,2023-09-14 06:00:00,258.0,0.0,262.0,53.0,492.0,106.0,1600.0
             Margot,2023,9,14,12,36.3,-40.1,hurricane,1.0,70,976,370,120,0,MARGOT,AL142023,2023-09-14 12:00:00,2023-09-14 12:00:00,254.0,0.0,263.0,51.0,486.0,99.0,1578.0
             Margot,2023,9,14,18,36.6,-39.6,hurricane,1.0,70,978,370,60,0,MARGOT,AL142023,2023-09-14 18:00:00,2023-09-14 18:00:00,253.0,0.0,261.0,49.0,485.0,95.0,1582.0
             Margot,2023,9,15,0,36.7,-39.1,hurricane,1.0,65,980,370,60,0,MARGOT,AL142023,2023-09-15 00:00:00,2023-09-15 00:00:00,253.0,0.0,226.0,44.0,490.0,92.0,1603.0
              Nigel,2023,9,18,60,26.0,-50.6,hurricane,1.0,65,987,210,20,0,NIGEL,AL152023,2023-09-18 06:00:00,2023-09-18 06:00:00,280.0,28.0,55.0,56.0,589.0,142.0,1477.0
              Nigel,2023,9,18,12,26.8,-51.1,hurricane,1.0,65,987,230,20,0,NIGEL,AL152023,2023-09-18 12:00:00,2023-09-18 12:00:00,280.0,26.0,58.0,55.0,579.0,128.0,1494.0
              Nigel,2023,9,18,18,27.5,-51.7,hurricane,1.0,70,982,250,20,0,NIGEL,AL152023,2023-09-18 18:00:00,2023-09-18 18:00:00,280.0,26.0,68.0,54.0,573.0,116.0,1503.0
              Nigel,2023,9,19,0,28.2,-52.4,hurricane,1.0,75,979,250,80,0,NIGEL,AL152023,2023-09-19 00:00:00,2023-09-19 00:00:00,280.0,25.0,89.0,50.0,553.0,130.0,1512.0
              Nigel,2023,9,19,60,29.0,-53.2,hurricane,1.0,75,979,250,80,0,NIGEL,AL152023,2023-09-19 06:00:00,2023-09-19 06:00:00,278.0,21.0,142.0,52.0,539.0,121.0,1532.0
              Nigel,2023,9,19,12,29.9,-54.0,hurricane,1.0,80,975,250,80,0,NIGEL,AL152023,2023-09-19 12:00:00,2023-09-19 12:00:00,278.0,17.0,156.0,49.0,536.0,105.0,1571.0
              Nigel,2023,9,19,18,31.1,-54.7,hurricane,2.0,85,972,270,85,0,NIGEL,AL152023,2023-09-19 18:00:00,2023-09-19 18:00:00,273.0,10.0,154.0,49.0,550.0,107.0,1651.0
              Nigel,2023,9,20,0,32.4,-55.0,hurricane,2.0,85,971,270,85,0,NIGEL,AL152023,2023-09-20 00:00:00,2023-09-20 00:00:00,269.0,3.0,187.0,51.0,538.0,103.0,1522.0
              Nigel,2023,9,20,60,33.7,-55.2,hurricane,2.0,85,971,260,85,0,NIGEL,AL152023,2023-09-20 06:00:00,2023-09-20 06:00:00,266.0,1.0,214.0,48.0,525.0,89.0,1380.0
              Nigel,2023,9,20,12,35.2,-54.7,hurricane,1.0,80,972,260,85,0,NIGEL,AL152023,2023-09-20 12:00:00,2023-09-20 12:00:00,260.0,0.0,259.0,41.0,531.0,85.0,1244.0
              Nigel,2023,9,20,18,36.7,-53.6,hurricane,1.0,80,972,260,85,0,NIGEL,AL152023,2023-09-20 18:00:00,2023-09-20 18:00:00,257.0,0.0,317.0,39.0,529.0,53.0,1102.0
              Nigel,2023,9,21,0,38.3,-51.6,hurricane,1.0,80,973,260,85,0,NIGEL,AL152023,2023-09-21 00:00:00,2023-09-21 00:00:00,254.0,0.0,375.0,36.0,517.0,55.0,935.0
              Nigel,2023,9,21,60,40.0,-49.2,hurricane,1.0,75,975,260,80,0,NIGEL,AL152023,2023-09-21 06:00:00,2023-09-21 06:00:00,236.0,0.0,394.0,35.0,495.0,56.0,802.0
              Nigel,2023,9,21,12,41.3,-46.3,hurricane,1.0,75,975,280,80,0,NIGEL,AL152023,2023-09-21 12:00:00,2023-09-21 12:00:00,225.0,0.0,465.0,37.0,473.0,19.0,805.0
              Tammy,2023,10,20,18,14.1,-58.9,hurricane,1.0,65,991,190,20,0,TAMMY,AL202023,2023-10-20 18:00:00,2023-10-20 18:00:00,286.0,63.0,175.0,66.0,588.0,162.0,114.0
              Tammy,2023,10,21,0,14.5,-59.6,hurricane,1.0,70,991,190,20,0,TAMMY,AL202023,2023-10-21 00:00:00,2023-10-21 00:00:00,286.0,65.0,167.0,64.0,594.0,159.0,131.0
              Tammy,2023,10,21,60,14.9,-60.3,hurricane,1.0,70,991,190,20,0,TAMMY,AL202023,2023-10-21 06:00:00,2023-10-21 06:00:00,287.0,68.0,132.0,64.0,597.0,158.0,70.0
              Tammy,2023,10,21,12,15.6,-60.6,hurricane,1.0,75,987,190,30,0,TAMMY,AL202023,2023-10-21 12:00:00,2023-10-21 12:00:00,287.0,69.0,119.0,63.0,593.0,153.0,71.0
              Tammy,2023,10,21,18,16.6,-61.0,hurricane,1.0,75,987,180,30,0,TAMMY,AL202023,2023-10-21 18:00:00,2023-10-21 18:00:00,286.0,69.0,177.0,65.0,590.0,155.0,88.0
              Tammy,2023,10,22,0,17.5,-61.7,hurricane,1.0,80,987,180,30,0,TAMMY,AL202023,2023-10-22 00:00:00,2023-10-22 00:00:00,287.0,70.0,208.0,62.0,604.0,153.0,7.0
              Tammy,2023,10,22,60,18.0,-62.2,hurricane,1.0,75,989,190,30,0,TAMMY,AL202023,2023-10-22 06:00:00,2023-10-22 06:00:00,286.0,69.0,201.0,67.0,607.0,151.0,48.0
              Tammy,2023,10,22,12,18.7,-62.8,hurricane,1.0,75,990,190,30,0,TAMMY,AL202023,2023-10-22 12:00:00,2023-10-22 12:00:00,286.0,67.0,201.0,68.0,604.0,146.0,50.0
              Tammy,2023,10,22,18,19.4,-63.4,hurricane,1.0,75,990,170,30,0,TAMMY,AL202023,2023-10-22 18:00:00,2023-10-22 18:00:00,286.0,67.0,222.0,66.0,595.0,144.0,119.0
              Tammy,2023,10,23,0,20.2,-63.9,hurricane,1.0,75,992,170,30,0,TAMMY,AL202023,2023-10-23 00:00:00,2023-10-23 00:00:00,285.0,67.0,219.0,65.0,598.0,147.0,167.0
              Tammy,2023,10,23,60,21.0,-64.0,hurricane,1.0,70,993,180,35,0,TAMMY,AL202023,2023-10-23 06:00:00,2023-10-23 06:00:00,284.0,68.0,194.0,63.0,605.0,147.0,252.0
              Tammy,2023,10,23,12,21.6,-64.0,hurricane,1.0,70,993,180,35,0,TAMMY,AL202023,2023-10-23 12:00:00,2023-10-23 12:00:00,284.0,67.0,212.0,58.0,594.0,147.0,318.0
              Tammy,2023,10,23,18,22.1,-63.8,hurricane,1.0,65,988,180,20,0,TAMMY,AL202023,2023-10-23 18:00:00,2023-10-23 18:00:00,283.0,63.0,264.0,56.0,581.0,142.0,376.0
              Tammy,2023,10,24,0,22.6,-63.5,hurricane,1.0,65,987,190,40,0,TAMMY,AL202023,2023-10-24 00:00:00,2023-10-24 00:00:00,283.0,59.0,252.0,53.0,564.0,137.0,436.0
              Tammy,2023,10,24,60,23.1,-63.1,hurricane,1.0,65,987,190,40,0,TAMMY,AL202023,2023-10-24 06:00:00,2023-10-24 06:00:00,282.0,54.0,274.0,53.0,548.0,130.0,499.0
              Tammy,2023,10,24,12,23.6,-62.6,hurricane,1.0,65,987,190,40,0,TAMMY,AL202023,2023-10-24 12:00:00,2023-10-24 12:00:00,282.0,49.0,303.0,51.0,561.0,135.0,567.0
              Tammy,2023,10,24,18,24.0,-62.0,hurricane,1.0,65,987,210,20,0,TAMMY,AL202023,2023-10-24 18:00:00,2023-10-24 18:00:00,279.0,44.0,342.0,49.0,556.0,131.0,631.0
              Tammy,2023,10,25,0,24.5,-61.2,hurricane,1.0,75,976,230,20,0,TAMMY,AL202023,2023-10-25 00:00:00,2023-10-25 00:00:00,279.0,39.0,336.0,48.0,548.0,131.0,715.0
              Tammy,2023,10,25,60,25.1,-60.4,hurricane,2.0,85,969,230,20,0,TAMMY,AL202023,2023-10-25 06:00:00,2023-10-25 06:00:00,276.0,35.0,395.0,51.0,544.0,126.0,803.0
              Tammy,2023,10,25,12,26.1,-59.4,hurricane,2.0,95,965,250,20,0,TAMMY,AL202023,2023-10-25 12:00:00,2023-10-25 12:00:00,274.0,28.0,453.0,51.0,522.0,117.0,943.0
              Tammy,2023,10,25,18,27.5,-58.3,hurricane,2.0,85,968,250,20,0,TAMMY,AL202023,2023-10-25 18:00:00,2023-10-25 18:00:00,271.0,18.0,377.0,47.0,510.0,98.0,1130.0
              Tammy,2023,10,26,0,29.1,-57.8,hurricane,1.0,80,970,300,55,0,TAMMY,AL202023,2023-10-26 00:00:00,2023-10-26 00:00:00,263.0,7.0,317.0,45.0,492.0,79.0,1312.0
              Tammy,2023,10,26,60,30.0,-58.3,hurricane,1.0,75,972,300,50,0,TAMMY,AL202023,2023-10-26 06:00:00,2023-10-26 06:00:00,259.0,0.0,333.0,42.0,453.0,82.0,1386.0
              Tammy,2023,10,26,12,30.5,-58.8,hurricane,1.0,70,975,300,50,0,TAMMY,AL202023,2023-10-26 12:00:00,2023-10-26 12:00:00,259.0,0.0,291.0,41.0,437.0,73.0,1420.0
              Tammy,2023,10,26,18,31.0,-59.5,hurricane,1.0,65,977,340,40,0,TAMMY,AL202023,2023-10-26 18:00:00,2023-10-26 18:00:00,255.0,0.0,229.0,41.0,443.0,74.0,1445.0
